"id","answer"
"dialog-000","Xin lỗi, nhưng **tôi không thể biết chính xác dung lượng pin hiện tại của điện thoại bạn** vì tôi là một AI và không có quyền truy cập vào dữ liệu thiết bị cá nhân của bạn.

Tuy nhiên, bạn có thể tự kiểm tra rất nhanh theo các cách sau:

### 🔋 Cách kiểm tra dung lượng pin hiện tại (theo %)
1.  **Trên iPhone:**
    *   Vào **Cài đặt (Settings)** > **Pin (Battery)** > Bật **Mức pin (Battery Level)** để hiển thị % trên thanh trạng thái.
    *   Hoặc xem trực tiếp trên màn hình khóa / thanh trạng thái (nếu đã bật).
2.  **Trên Android (Samsung, Xiaomi, Oppo, v.v.):**
    *   Nhìn trực tiếp biểu tượng pin trên thanh trạng thái (thường hiển thị %).
    *   Hoặc vào **Cài đặt** > **Pin** để xem chi tiết.

---

### 🔋 Cách kiểm tra **Sức khỏe Pin** (Dung lượng tối đa còn lại so với ban đầu)
Đây là thông số quan trọng hơn để biết pin có còn ""đời"" không:

####"
"dialog-001","Đây là một nỗi sợ rất phổ biến: **""Tôi thấy công thức, nhưng không biết khi nào thì dùng cái nào, và tại sao lại dùng nó?""**

Sự thật là: **Bạn không cần nhớ tất cả công thức.** Bạn chỉ cần hiểu **nguyên lý** và **đơn vị**. Dưới đây là chiến lược để bạn ""chiến thắng"" các công thức vật lý mà không cần phải học thuộc lòng máy móc:

### 1. Quy tắc vàng: ""Đơn vị là la bàn""
Đây là cách nhanh nhất để kiểm tra xem bạn có đang dùng đúng công thức không, hoặc để tìm ra công thức khi bạn quên.
*   **Mọi công thức vật lý đều cân bằng về đơn vị.**
*   **Ví dụ:** Bạn cần tìm **Vận tốc ($v$)**.
    *   Đơn vị của vận tốc là $m/s$ (mét trên giây).
    *   Bạn nhìn vào các đại lượng đã cho: Quãng đường ($s$) có đơn vị $m$, Thời gian ($t$) có đơn vị $s$.
    *   Vậy: $v = s/t$.
*   **Ví dụ khác:** Bạn cần tìm **Năng lượng ($E"
"dialog-002","Dù các công nghệ năng lượng mới (đặc biệt là năng lượng tái tạo) đã đạt được những bước tiến vượt bậc về chi phí và hiệu suất, nhưng vẫn tồn tại một số **""nút thắt"" (bottlenecks)** lớn đang kìm hãm sự phát triển toàn diện và bền vững. Dưới đây là những thách thức cốt lõi hiện nay:

### 1. Vấn đề Lưu trữ Năng lượng (Energy Storage)
Đây được coi là **nút thắt lớn nhất** của hệ thống năng lượng tái tạo.
- **Tính không liên tục:** Mặt trời và gió không hoạt động 24/7. Khi trời tối hoặc không có gió, hệ thống vẫn cần điện.
- **Hạn chế của pin Lithium-ion:**
  - **Chi phí và nguyên liệu:** Phụ thuộc vào lithium, cobalt, niken – các khoáng sản khan hiếm, giá biến động và có vấn đề về khai thác bền vững.
  - **Tuổi thọ và an toàn:** Pin dễ chai, nguy cơ cháy nổ, và khó tái chế hoàn toàn.
  - **Quy mô lưu trữ dài hạn:** Pin hiện tại phù hợp cho lưu trữ ngắn hạn (vài giờ). Để lưu trữ năng lượng"
"dialog-003","Thực ra, Hà Giang không có nhiều ""thành phố"" theo nghĩa lớn như Hà Nội hay TP.HCM, mà chủ yếu là các **thị xã, thị trấn** và **huyện** nằm rải rác trên địa bàn tỉnh. Tuy nhiên, các điểm trung tâm này lại là những ""căn cứ"" quan trọng để bạn khám phá vùng đất này.

Dưới đây là các điểm trung tâm đáng ghé thăm nhất, được chia theo tuyến đường phổ biến:

### 1. Thành phố Hà Giang (Trung tâm hành chính)
*   **Đặc điểm:** Đây là nơi tập trung nhiều dịch vụ, nhà hàng, khách sạn nhất.
*   **Đáng ghé vì:**
    *   **Cột cờ Lũng Cú:** Điểm cực Bắc của Tổ quốc, mang ý nghĩa thiêng liêng.
    *   **Chợ Hà Giang:** Trải nghiệm văn hóa bản địa, mua đặc sản (thịt trâu gác bếp, rượu ngô, mật ong).
    *   **Đồi chè Đông Văn:** Chụp ảnh check-in đẹp, ngắm toàn cảnh thành phố.
    *   **Đèo Mã Pí Lèng:** Nối liền thành phố Hà Giang với huyện Mèo Vạc"
"dialog-004","Cả **Super Mario Bros.** và **Mario Kart** đều là những trụ cột của thương hiệu Nintendo, nhưng chúng khác nhau hoàn toàn về thể loại, cách chơi và mục tiêu. Dưới đây là sự so sánh chi tiết:

### 1. Sự khác biệt chính

| Tiêu chí | Super Mario Bros. (và các phần tiếp theo như Super Mario Odyssey) | Mario Kart (như Mario Kart 8 Deluxe) |
| :--- | :--- | :--- |
| **Thể loại** | **Platformer** (Nhảy nhót / Phiêu lưu) | **Racing** (Đua xe) |
| **Mục tiêu chính** | Cứu công chúa Peach, thu thập sao, vượt qua các màn chơi để đến đích. | Về đích đầu tiên trong các cuộc đua xe hoặc xe máy. |
| **Cơ chế điều khiển** | Nhảy, chạy, tấn công kẻ địch, giải đố, khám phá môi trường. | Lái xe, rẽ, dùng vật phẩm (nấm, sao, vỏ ốc) để tấn công đối thủ. |
| **Áp lực thời gian** | Thường có giới hạn thời gian hoặc sức khỏe, nhưng không quá gấp gáp. |"
"dialog-005","Chào bạn, với yêu cầu **không cay** và sử dụng 3 nguyên liệu chính là **cá**, **sườn** và **mướp đắng**, mình xin điều chỉnh thực đơn 3 món ăn đơn giản, thanh mát và dễ nấu như sau:

### 1. Món chính: **Cá kho nghệ (không ớt)**
*   **Tại sao chọn món này?** Cá kho nghệ có vị mặn ngọt hài hòa, thơm mùi nghệ, không cay mà vẫn đậm đà, ăn rất hợp với cơm nóng.
*   **Cách làm nhanh:**
    *   Cá (cá trắm, cá lóc, cá diếc hoặc cá basa) rửa sạch, cắt khúc, ướp với nước mắm, đường, tiêu và **nghệ tươi giã nát** trong 30 phút.
    *   Cho cá vào nồi đất (tộ) hoặc nồi inox, thêm nước xâm xấp mặt cá.
    *   Kho lửa nhỏ liu riu khoảng 30-45 phút cho cá thấm gia vị và nước kho sánh lại.
    *   *Mẹo:* Thêm chút nước cốt dừa hoặc nước cốt me để món kho thêm thơm và bóng, tăng độ ngọt tự nhiên mà không"
"dialog-006","Tôi rất muốn đồng hành cùng bạn, nhưng với tư cách là một AI, tôi không thể ăn uống được. 😅

Tuy nhiên, dựa trên những gì bạn chia sẻ trước đó (thích ăn cay nhưng lại bị tiêu chảy và đau hậu môn sau khi ăn), tôi **khuyến nghị mạnh mẽ rằng bạn KHÔNG nên ăn lẩu cay vào tối nay**.

Lý do:
1. **Lẩu cay thường rất đậm đặc**: Nước lẩu chứa nhiều dầu, muối, và đặc biệt là lượng lớn ớt/capsaicin. Đây là ""thủ phạm"" chính gây kích thích mạnh lên niêm mạc ruột và hậu môn của bạn.
2. **Rủi ro tái phát triệu chứng**: Nếu bạn ăn lẩu cay, khả năng cao là bạn sẽ lại bị tiêu chảy và đau rát vào đêm nay hoặc sáng mai, khiến bạn mất ngủ và khó chịu.
3. **Cơ thể đang cần nghỉ ngơi**: Sau khi đã bị kích ứng, hệ tiêu hóa của bạn cần thời gian để phục hồi. Việc tiếp tục nạp thêm chất kích thích sẽ làm tình trạng tồi tệ hơn.

### 💡 Gợi ý thay thế an toàn hơn cho tối nay:
Nếu bạn vẫn muốn đi ăn ngoài, hãy chọn những"
"dialog-007","Việc muốn nhuộm màu **xanh lá cây** là một lựa chọn rất cá tính và nổi bật! Tuy nhiên, đây là một trong những màu tóc **khó thực hiện nhất** và đòi hỏi quy trình xử lý phức tạp hơn nhiều so với các màu tự nhiên.

Dưới đây là những điều quan trọng bạn cần biết trước khi quyết định:

### 1. Thực tế về màu xanh lá cây trên tóc
*   **Không thể nhuộm trực tiếp lên tóc đen/nâu:** Màu xanh lá cây (đặc biệt là xanh lá tươi, neon) là màu **tím lạnh** trong bảng màu tóc. Để lên màu chuẩn, tóc bạn **bắt buộc phải tẩy** đến mức nền vàng sáng hoặc trắng (level 8-10).
*   **Màu sẽ phai rất nhanh:** Xanh lá là màu có độ bền thấp. Sau 2-4 tuần, màu có thể chuyển sang xanh rêu, xanh olive, vàng nhạt hoặc thậm chí là cam/hồng tùy vào nền tóc ban đầu.
*   **Yêu cầu chăm sóc cao:** Bạn sẽ cần dùng dầu gội không sulfate, dầu xả giữ màu, và hạn chế gội đầu bằng nước nóng để giữ màu lâu hơn.

###"
"dialog-010","Chào bạn! Rất vui vì bạn thấy món **Cơm rang** hấp dẫn. Tuy nhiên, vì bạn đang bị đau bụng, mình sẽ hướng dẫn bạn cách làm **Cơm rang ""phiên bản nhẹ nhàng, dễ tiêu""** thay vì cơm rang truyền thống nhiều dầu mỡ và gia vị mạnh.

Món này vẫn ngon, ấm bụng nhưng rất dịu nhẹ với dạ dày.

### 🍚 Cơm rang nhẹ nhàng, dễ tiêu (Cho người đau bụng)

**Nguyên liệu:**
*   **Cơm nguội:** 1 bát con (cơm để qua đêm hoặc để nguội hoàn toàn sẽ dễ rang hơn và không bị nhão).
*   **Trứng gà:** 1 quả (nguồn protein dễ tiêu).
*   **Rau củ (tùy chọn):** Cà rốt hoặc đậu Hà Lan (cắt nhỏ, luộc chín trước để dễ tiêu hơn là rang sống). *Nếu bụng rất yếu, bạn có thể bỏ qua rau củ.*
*   **Thịt nạc (tùy chọn):** Thịt heo nạc hoặc ức gà xắt nhỏ, luộc chín rồi xé sợi. *Tránh dùng thịt sống hoặc thịt nhiều mỡ.*
*   **Gia vị:** Muối, một"
"dialog-011","Nếu bạn yêu thích **Thành nhà Hồ** vì giá trị lịch sử, kiến trúc đá độc đáo và không khí cổ kính, thì dưới đây là những điểm tham quan ở Thanh Hóa có ""chất"" tương tự hoặc bổ trợ hoàn hảo cho hành trình khám phá di sản của bạn:

### 1. **Làng cổ Đông Sơn** (TP. Thanh Hóa)
*   **Điểm tương đồng:** Đây là nơi lưu giữ nền văn minh Đông Sơn – nền văn hóa sắt đầu tiên ở Đông Nam Á. Nếu Thành nhà Hồ là biểu tượng của một triều đại, thì Đông Sơn là biểu tượng của cội nguồn văn hóa Việt.
*   **Đáng xem:**
    *   **Đài tưởng niệm Chủ tịch Hồ Chí Minh:** Nơi Người từng sống và làm việc.
    *   **Bảo tàng Lịch sử Quốc gia (chi nhánh Đông Sơn):** Trưng bày hàng nghìn hiện vật quý giá như trống đồng, mũi tên đồng, đồ trang sức...
    *   **Làng nghề đúc đồng:** Bạn có thể xem nghệ nhân đúc đồng truyền thống.
*   **Khoảng cách:** Cách Thành nhà Hồ khoảng 30-40 km (rất gần, nên đi cùng một chuyến)."
"dialog-012","Trong danh sách các thương hiệu phổ biến mà chúng ta thường nhắc đến (như Lululemon, Nike, Adidas, Under Armour, Puma, Reebok, Uniqlo, Decathlon...), thương hiệu có mức giá **thấp nhất** thường là:

### 🏆 **Decathlon (cụ thể là các dòng sản phẩm của Decathlon)**

*   **Lý do:** Decathlon là chuỗi bán lẻ thể thao tự phát triển sản phẩm, không qua trung gian, nên giá thành rất cạnh tranh.
*   **Giá tham khảo:** Một chiếc váy thể thao (váy chạy bộ, váy yoga) tại Decathlon thường có giá từ **200.000 – 500.000 VNĐ**, tùy thuộc vào chất liệu và tính năng.
*   **Ưu điểm:** Giá rẻ, chất lượng ổn định, phù hợp cho người mới bắt đầu hoặc tập luyện thường xuyên mà không cần đầu tư quá nhiều.
*   **Nhược điểm:** Thiết kế đơn giản, ít mẫu mã thời trang, chất vải có thể không ""sang"" hoặc mềm mại bằng các thương hiệu cao cấp.

---

### Các thương hiệu có giá thấp tiếp theo (Ph"
"dialog-013","Xu hướng phát triển của các ứng dụng khai thác dữ liệu đang chuyển dịch mạnh mẽ từ việc ""phân tích quá khứ"" sang **""dự đoán tương lai""** và **""hành động tự động""**. Dưới đây là những xu hướng nổi bật nhất hiện nay:

### 1. Tích hợp sâu với Trí tuệ Nhân tạo (AI) và Học máy (Machine Learning)
- **Từ quy tắc cứng sang mô hình học sâu:** Thay vì dùng các quy tắc logic cố định (if-then), các hệ thống hiện nay sử dụng **Deep Learning** (học sâu) để xử lý dữ liệu phi cấu trúc (ảnh, video, văn bản, giọng nói).
- **AI Generative (AI tạo sinh):** Khai thác dữ liệu không chỉ để phân tích mà còn để **tạo ra nội dung mới** (ví dụ: tạo báo cáo tự động, tạo hình ảnh minh họa, viết mã nguồn) dựa trên các mẫu dữ liệu đã học.

### 2. Khai thác dữ liệu thời gian thực (Real-time Data Mining)
- **Phản ứng tức thì:** Thay vì chạy báo cáo cuối ngày, các hệ thống nay phân tích dữ liệu ngay khi nó được tạo ra (streaming data).
- **"
"dialog-015","Chào bạn, đây là một câu hỏi rất hay vì nó liên quan đến **chiến lược học ngoại ngữ**.

Câu trả lời ngắn gọn là: **Có, một số ứng dụng trong danh sách trên hỗ trợ tiếng Nhật, nhưng KHÔNG phải tất cả, và hiệu quả sẽ khác nhau tùy vào mục tiêu của bạn.**

Tuy nhiên, tôi cần lưu ý quan trọng: **Bạn đang chuẩn bị đi du lịch nước ngoài (chưa rõ là nước nào) và muốn trau dồi tiếng Anh. Nếu bạn bắt đầu học tiếng Nhật cùng lúc, khả năng cao là bạn sẽ bị ""phân tán"" và cả hai ngôn ngữ đều không tiến bộ.**

Dưới đây là phân tích cụ thể:

### 1. Các ứng dụng từ danh sách trước có hỗ trợ tiếng Nhật không?

| Ứng dụng | Hỗ trợ tiếng Nhật? | Đánh giá cho người mới học tiếng Nhật |
| :--- | :---: | :--- |
| **ELSA Speak** | ❌ Không | ELSA chỉ tập trung vào tiếng Anh. |
| **HelloTalk** | ✅ Có | **Rất tốt.** Bạn có thể tìm bạn bè người Nhật để chat, sửa lỗi. Phù hợp nếu bạn muốn"
"dialog-016","Công nghệ thông tin (CNTT) đã cách mạng hóa quá trình tiếp thu kiến thức bằng cách phá vỡ các rào cản truyền thống về thời gian, không gian và phương pháp giảng dạy. Dưới đây là những cách cụ thể mà CNTT giúp mọi người học tập nhanh hơn và hiệu quả hơn:

### 1. Tiếp cận thông tin tức thời và không giới hạn
*   **Tra cứu nhanh chóng:** Thay vì phải lật giở hàng trăm trang sách trong thư viện, bạn có thể tìm kiếm thông tin cụ thể trong vài giây qua các công cụ tìm kiếm (Google, Bing) hoặc các cơ sở dữ liệu chuyên ngành.
*   **Kho tri thức mở:** Các nền tảng như Wikipedia, Khan Academy, Coursera, edX cung cấp hàng triệu bài học miễn phí hoặc chi phí thấp, cho phép người học tự định hướng lộ trình học tập theo nhu cầu cá nhân.

### 2. Đa dạng hóa phương pháp học tập (Multimedia)
*   **Học qua video và hình ảnh:** Não bộ con người xử lý hình ảnh và video nhanh hơn văn bản thuần túy. Các kênh như YouTube, TED Talks, hoặc các khóa học video giúp minh họa các khái niệm trừu tượng (ví dụ: vật lý"
"dialog-017","Chắc chắn rồi. Dưới đây là bảng liệt kê chi tiết 12 đôi dây thần kinh sọ não, bao gồm tên gọi, chức năng chính (vận động, cảm giác, hoặc hỗn hợp) và các vai trò cụ thể:

### Bảng chi tiết 12 dây thần kinh sọ não

| Số thứ tự | Tên dây thần kinh | Loại chức năng | Chức năng chính & Chi tiết |
| :--- | :--- | :--- | :--- |
| **I** | **Thần kinh khứu giác** (Olfactory) | **Cảm giác** | - Truyền tín hiệu **mùi** từ niêm mạc mũi đến não.<br>- Là dây thần kinh duy nhất không đi qua sọ mà đi trực tiếp vào não. |
| **II** | **Thần kinh thị giác** (Optic) | **Cảm giác** | - Truyền tín hiệu **thị giác** từ võng mạc mắt đến não.<br>- Góp phần tạo thành giao thoa thị giác. |
| **III** | **Thần kinh vận động mắt chung** (Oculomotor) | **Vận động** | - Điều khiển hầu hết các cơ vận động mắt (tr"
"dialog-018","Chắc chắn rồi! Để biến một sơ đồ SmartArt cơ bản thành một slide trình bày chuyên nghiệp, ấn tượng và ""đắt giá"" hơn, bạn cần áp dụng các nguyên tắc thiết kế thị giác.

Dưới đây là các bước **""nâng cấp"" thẩm mỹ** cho cây nhiệm vụ của bạn trong PowerPoint:

### 1. Thay đổi phong cách hình khối (Shape Styles)
Thay vì dùng các hình vuông/vuông vức mặc định, hãy làm mềm mại hoặc hiện đại hơn:
*   **Làm tròn góc:** Chọn tất cả các hình khối -> Vào tab **Shape Format** -> **Shape** -> Chọn các hình có góc bo tròn (Rounded Rectangle). Điều này tạo cảm giác thân thiện, hiện đại hơn.
*   **Đổi hình dạng:** Nếu dùng SmartArt, bạn có thể chuyển sang dạng **Chevron** (mũi tên) hoặc **Process** để nhấn mạnh tính tuần tự của các cấp độ.

###"
"dialog-019","Đây là một quyết định **rất sáng suốt và thực tế** trong giai đoạn này.

Với học sinh lớp 9 đang yếu Toán, việc chuyển từ ""lớp nhỏ"" sang ""dạy kèm 1-1 (one-on-one)"" với sinh viên đại học là một chiến lược hiệu quả cao, đặc biệt nếu bạn biết cách chọn và quản lý.

Dưới đây là phân tích chi tiết về **Lợi ích**, **Rủi ro** và **Cách tìm kiếm/quản lý** để đảm bảo hiệu quả:

### 1. Tại sao sinh viên đại học là lựa chọn tốt?

*   **Sự kiên nhẫn và đồng cảm:** Sinh viên (đặc biệt là năm 2-3) thường gần gũi hơn với tâm lý học sinh cấp 3. Họ ít ""cứng nhắc"" hơn giáo viên chính quy, dễ tạo không khí học tập thoải mái, giảm áp lực sợ sai cho cháu bạn.
*   **Phương pháp ""tư duy"" thay vì ""đáp án"":** Sinh viên giỏi Toán thường giải thích bằng cách ""tại sao"" và ""mẹo tư duy"" mà họ đã dùng khi học, thay vì chỉ nhồi nhét công thức. Điều này giúp"
"dialog-020","Với nhu cầu **văn phòng hàng ngày** (Word, Excel, Email, lướt web, xem video) và **không yêu cầu cao về hiệu năng**, bạn không cần chi tiền cho các cấu hình mạnh mẽ. Thay vào đó, hãy tập trung vào sự **ổn định, bền bỉ, pin lâu và dễ bảo hành**.

Dưới đây là các loại máy tính phù hợp nhất cho nhu cầu này:

### 1. Máy tính xách tay (Laptop) - Lựa chọn phổ biến nhất
Nếu bạn cần di chuyển, làm việc ở nhiều nơi, laptop là lựa chọn tối ưu.

*   **Dòng phù hợp:**
    *   **Lenovo IdeaPad / ThinkPad:** Bàn phím gõ rất tốt (quan trọng cho dân văn phòng), bền, giá hợp lý. ThinkPad đặc biệt nổi tiếng về độ bền.
    *   **Dell Inspiron / Latitude:** Thiết kế đẹp, bảo hành tốt (nhiều dòng có bảo hành tận nơi), hệ sinh thái ổn định.
    *   **HP Pavilion / EliteBook:** Thiết kế sang trọng, mỏng nhẹ, hiệu năng ổn định cho tác vụ văn phòng.
    *   **ASUS VivoBook / ZenBook:** Màn"
"dialog-021","Vị hoàng đế cuối cùng của nhà Hán (cụ thể là giai đoạn Hán Đông) là **Hán Hiến Đế** (劉協, Lưu Hiệp).

Ông là người kế vị ngai vàng sau khi Hán Linh Đế qua đời và trị vì trong giai đoạn cuối cùng của nhà Hán. Tuy nhiên, quyền lực thực tế nằm trong tay Tào Tháo và sau đó là con trai ông là Tào Phi.

Vào năm **220 SCN**, dưới áp lực của Tào Phi, Hán Hiến Đế đã thoái vị, nhường ngôi cho Tào Phi, đánh dấu sự sụp đổ hoàn toàn của nhà Hán và sự ra đời của nhà Ngụy (trong thời kỳ Tam Quốc)."
"dialog-022","Đây là một yêu cầu rất thú vị. Những bộ phim có chiều sâu triết học thường không chỉ kể chuyện mà còn đặt ra những câu hỏi lớn về bản chất của con người, đạo đức, thực tại và ý nghĩa của sự tồn tại.

Dưới đây là 5 bộ phim được đánh giá cao về mặt tư tưởng, mỗi bộ tập trung vào một khía cạnh triết học khác nhau:

### 1. **Eternal Sunshine of the Spotless Mind (2004)**
*   **Chủ đề triết học:** Bản sắc (Identity), Ký ức và Tình yêu.
*   **Nội dung:** Một cặp đôi quyết định xóa bỏ ký ức về nhau sau khi chia tay.
*   **Góc nhìn triết học:** Phim đặt ra câu hỏi: *Nếu chúng ta xóa đi những đau khổ, liệu chúng ta còn là chính mình không?* Nó khám phá việc ký ức (cả tốt lẫn xấu) định hình nhân cách và cảm xúc của chúng ta như thế nào. Đây là một cuộc thảo luận sâu sắc về chủ nghĩa hiện sinh và sự chấp nhận những khiếm khuyết trong cuộc sống.

### 2. **Arrival (2016)**
*   **Chủ đề triết học:** Ngôn"
"dialog-023","Thể loại của *Lật Mặt* là sự pha trộn giữa **hành động, hài hước, tâm lý và giật gân** (Action-Comedy-Thriller), thường có cốt truyện bất ngờ, nhiều ""twist"" (đảo ngược) và phong cách quay phim năng động.

Dưới đây là một số bộ phim Việt Nam và quốc tế có phong cách tương tự, phù hợp nếu bạn thích *Lật Mặt*:

### 🇻🇳 Phim Việt Nam

1. **Hai Phượng (2019)**
   - **Điểm chung:** Hành động mạnh mẽ, kịch tính, có yếu tố gia đình và trả thù.
   - **Khác biệt:** Ít hài hước hơn, tập trung nhiều vào hành động thực chiến và cảm xúc. Nếu bạn thích phần hành động của *Lật Mặt*, đây là lựa chọn hàng đầu.

2. **Bẫy Ngọt Ngào (2020)**
   - **Điểm chung:** Giật gân, nhiều tình tiết bất ngờ, phong cách quay phim hiện đại, màu sắc rực rỡ.
   - **Nội dung:** Một cô gái bị bắt cóc và phải đối mặt với những bí mật đen tối. Phim có nhịp"
"dialog-025","Đầu tư bất động sản là một kênh sinh lời hấp dẫn nhưng cũng tiềm ẩn nhiều rủi ro nếu không có chiến lược rõ ràng. Để đầu tư ""hợp lý"" (tức là cân bằng giữa lợi nhuận và rủi ro), bạn cần tuân thủ các nguyên tắc sau:

### 1. Xác định rõ mục tiêu và khả năng tài chính
*   **Mục tiêu:** Bạn đầu tư để giữ tiền (tránh lạm phát), để ở kết hợp cho thuê, hay để lướt sóng (mua bán ngắn hạn)? Mỗi mục tiêu sẽ có chiến lược khác nhau.
*   **Ngân sách:**
    *   **Vốn tự có:** Nên chiếm tỷ lệ lớn (tối thiểu 30-50%) để giảm áp lực lãi suất ngân hàng.
    *   **Vốn vay:** Chỉ vay khi dòng tiền trả nợ hàng tháng không ảnh hưởng đến cuộc sống sinh hoạt (dưới 30-40% thu nhập).
    *   **Quỹ dự phòng:** Luôn giữ lại một khoản tiền mặt để chi trả các chi phí phát sinh (thuế, sửa chữa, bảo trì) trong 6-12 tháng đầu.

### 2. Chọn đúng loại hình"
"dialog-026","David Choffnes nổi tiếng với các công trình về mạng máy tính và điện toán biên, chẳng hạn như bài báo ""The Case for Edge Computing"" và nghiên cứu về tối ưu hóa mạng 5G."
"dialog-027","Dưới đây là cốt truyện ngắn gọn của bộ phim **""Blood"" (2015)**:

Một nhóm bạn trẻ gồm **Emily** (Katie Aselton), **David** (Michael C. Hall), **Sarah** (Jill Wagner), **Jessica** (Michaela McManus) và **Chris** (Cody K. Sams) cùng đi dã ngoại trong rừng. Trong quá trình di chuyển, họ gặp phải một tai nạn xe hơi nghiêm trọng. Sau vụ tai nạn, họ phát hiện ra rằng mình bị mắc kẹt trong khu rừng sâu, không có tín hiệu điện thoại và đường đi đã bị chặn.

Khi cố gắng tìm cách thoát ra, họ bắt đầu trải qua những hiện tượng kỳ lạ và đáng sợ. Một trong số họ, **Emily**, bắt đầu hành xử khác thường, có những vết thương bí ẩn và tỏ ra hung hăng. Nhóm bạn dần nhận ra rằng Emily có thể không còn là con người bình thường nữa – cô ấy có thể là một sinh vật siêu nhiên hoặc bị một thế lực tà ác kiểm soát.

Căng thẳng leo thang khi các thành viên còn lại phải đối mặt với sự nghi ngờ lẫn nhau, trong khi Emily ngày càng trở nên nguy hiểm. Phim tập trung"
"dialog-028","Thierry Henry giải nghệ ở câu lạc bộ **New York Red Bulls** (giải MLS - Mỹ).

Anh gia nhập New York Red Bulls vào năm 2010, sau đó có một giai đoạn ngắn quay lại Arsenal (2012) và thi đấu cho Montreal Impact (2013) trước khi trở lại New York Red Bulls vào năm 2014. Anh chính thức tuyên bố giải nghệ vào tháng 10 năm 2014 sau khi kết thúc hợp đồng với New York Red Bulls."
"dialog-029","Trong danh sách các triều đại phong kiến chính mà chúng ta đã liệt kê trước đó, **triều đại thứ tư** là **Nhà Lê sơ** (1428–1527).

Vị vua đã tiêu diệt nhà Lê sơ là **Lê Chiêu Tông** (tên thật Lê Duy Tái), nhưng thực tế, người trực tiếp lật đổ và giết hại các vua nhà Lê sơ, đồng thời lên ngôi là **Lê Chiêu Tông** bị **Lê Ninh** (con trai của Lê Chiêu Tông) và **Lê Ninh** bị **Lê Ninh**... 

*Chờ một chút, tôi cần làm rõ lại chính xác:*

Nhà Lê sơ bị lật đổ bởi **Lê Ninh** (Lê Ninh là con trai của Lê Chiêu Tông, nhưng thực ra là **Lê Ninh** không phải người lật đổ). 

Hãy xem xét lại lịch sử chính xác:

1.  **Nhà Lê sơ** (1428–1527) bị lật đổ bởi **Lê Ninh**? Không.
2.  Người lật đổ nhà Lê sơ là **Lê Ninh**? Không.

Thực tế:
- Nhà Lê sơ suy yếu vào cuối thế kỷ 1"
"dialog-030","Chào bạn! Để có thể giới thiệu cho bạn một khu vực lưu trú **thuận tiện nhất** (cân bằng giữa việc đi ăn lẩu hải"
"dialog-031","Dựa trên các thông tin bạn đã chia sẻ, người mà bạn sẽ đi xem chim cánh cụt cùng là **bạn trai của bạn** (người đến từ Hoa Kỳ, làm việc trong ngành tài chính).

Lý do:
1.  Bạn đã giới thiệu anh ấy là ""bạn trai tôi"".
2.  Bạn nói ""Chúng tôi sắp kết hôn"" và ""Chúng tôi sẽ đến Nam Cực... cho tuần trăng mật"".
3.  ""Chúng tôi"" (We) trong ngữ cảnh này bao gồm bạn và bạn trai.

Vì vậy, người đồng hành cùng bạn đến Nam Cực xem chim cánh cụt chính là **bạn trai tương lai** của bạn. 🐧💑"
"dialog-032","Chào bạn, vì bạn chưa xác định cụ thể là hướng **Phần cứng (PCB/IC)** hay **Phần mềm nhúng (Embedded)** hay **Xử lý tín hiệu/AI**, nên mình sẽ phác thảo một cấu trúc luận văn **tổng quát nhưng linh hoạt**, phù hợp với đặc thù ngành Kỹ thuật Thông tin Điện tử.

Bạn có thể chọn một trong hai hướng phổ biến nhất để áp dụng vào phác thảo này:
*   **Hướng A (Phần cứng/Nhúng):** Thiết kế một thiết bị cụ thể (ví dụ: Hệ thống giám sát môi trường, Robot, Thiết bị IoT).
*   **Hướng B"
"dialog-033","Rất tiếc, do chúng ta chưa xác định được **diễn viên chính** cụ thể (vì bộ phim ""Dòng sông phẳng lặng"" không tồn tại như một tác phẩm điện ảnh nổi tiếng), nên tôi chưa thể giới thiệu các thể loại phim khác của họ.

Tuy nhiên, để hỗ trợ bạn tốt nhất, tôi xin đề xuất một số **diễn viên Việt Nam nổi tiếng** thường xuyên đóng các vai có chiều sâu tâm lý, nội tâm (tương tự tinh thần của các tác phẩm văn học như ""Dòng sông phẳng lặng""), cùng với các thể loại phim họ thường đảm nhận:

### 1. **Thanh Sơn**
*   **Phong cách:** Diễn xuất nội tâm, trầm lắng, thường đóng vai trí thức, người đàn ông có chiều sâu tâm lý.
*   **Thể loại phim tiêu biểu:**
    *   **Phim tâm lý - xã hội:** *Mùa hè chiều thẳng đứng*, *Bố già* (vai phụ nhưng để lại ấn tượng mạnh).
    *   **Phim hình sự - tội phạm:** *Bố già*, *Lật mặt: 48h*.
    *   **Phim cổ trang:** *Lật mặt"
"dialog-035","Trong phim *Inception*, nhân vật Cobb (do Leonardo DiCaprio đóng) được xác định là người **Mỹ**.

Điều này được thể hiện rõ qua:
1. **Hành động mở đầu**: Cobb bị bắt tại sân bay ở **Los Angeles, Mỹ** khi đang cố gắng nhập cảnh trở về nước.
2. **Bối cảnh cá nhân**: Anh là công dân Mỹ, có gia đình và các mối quan hệ ở Mỹ, và bị chính phủ Mỹ truy nã vì tội giết vợ (Mal) trong giấc mơ.
3. **Đối thoại**: Trong các cuộc đối thoại, Cobb luôn được nhắc đến như một công dân Mỹ đang cố gắng trở về nhà.

Tuy nhiên, cần lưu ý rằng diễn viên **Leonardo DiCaprio** trong đời thực là người **Mỹ** (sinh ra và lớn lên ở Los Angeles, California)."
"dialog-036","Chào bạn, với yêu cầu mới là **Trợ lý Giám đốc (Assistant Director / Deputy Director)**, đây là một vị trí cấp cao hơn, đòi hỏi khả năng quản lý chiến lược, điều hành và hỗ trợ trực tiếp cho Ban Giám đốc.

Dưới đây là mẫu JD chuyên nghiệp cho vị trí **Trợ lý Giám đốc** (thường áp dụng trong các công ty công nghệ, sản xuất hoặc thương mại). Bạn có thể điều chỉnh các phần trong `[...]` cho phù hợp với lĩnh vực cụ thể của công ty.

---

# MÔ TẢ CÔNG VIỆC: TRỢ LÝ GIÁM ĐỐC (ASSISTANT DIRECTOR)

**Vị trí:** Trợ lý Giám đốc / Deputy Director  
**Phòng ban:** Ban Giám đốc / Điều hành  
**Hình thức làm việc:** Toàn thời gian  
**Địa điểm:** [Địa chỉ công ty]  
**Mức lương:** [Thỏa thuận / Khoảng từ X đến Y triệu VND]

### 1. Về [Tên Công Ty]
*[Tên Công Ty]* là một doanh nghiệp hàng đầu trong lĩnh vực [ngành nghề, ví dụ: Công nghệ, Sản xuất, Bán lẻ...]. Chúng tôi đang tìm kiếm một **Tr"
"dialog-038","Việc học Olympic Toán (Toán năng khiếu) là một hành trình **cực kỳ thử thách** về mặt trí tuệ và tâm lý, nhưng nếu được tiếp cận đúng cách, nó mang lại những **lợi ích to lớn và bền vững** cho sự phát triển của trẻ.

Dưới đây là phân tích chi tiết về mức độ khó và giá trị thực sự của việc học này:

### 1. Mức độ khó khăn: ""Nặng"" hơn nhiều so với Toán trường
Học Olympic Toán không phải là học thêm để làm bài thi nhanh hơn, mà là **học một tư duy hoàn toàn khác**.

#### A. Khó về mặt tư duy (Tư duy trừu tượng)
*   **Từ ""Tính"" sang ""Suy luận"":**"
"dialog-039","Xét về kích thước (cụ thể là đường kính hoặc bán kính), Trái Đất xếp ở vị trí **thứ 5** trong Hệ Mặt Trời.

Dưới đây là thứ tự các hành tinh từ nhỏ đến lớn:

1. **Sao Thủy** (nhỏ nhất)
2. **Sao Kim**
3. **Trái Đất**
4. **Sao Hỏa**
5. **Sao Mộc** (lớn nhất)
6. **Sao Thổ**
7. **Sao Thiên Vương**
8. **Sao Hải Vương**

### Một số lưu ý:
- **Trái Đất là hành tinh lớn nhất trong số 4 hành tinh đá** (Sao Thủy, Sao Kim, Trái Đất, Sao Hỏa).
- **Trái Đất nhỏ hơn nhiều so với 4 hành tinh khí khổng lồ** (Sao Mộc, Sao Thổ, Sao Thiên Vương, Sao Hải Vương).
- Nếu xét về **khối lượng**, thứ tự cũng tương tự: Trái Đất đứng thứ 5 (nhỏ hơn 4 hành tinh khí khổng lồ, lớn hơn 3 hành tinh đá còn lại).

Tóm lại: **Trái Đất là hành tinh thứ 5 tính từ nhỏ đến lớn trong Hệ"
"dialog-040","Loại bảo hiểm đầu tiên mà tôi đã giới thiệu và nhấn mạnh là nền tảng quan trọng nhất cho bố mẹ bạn là:

**Bảo hiểm Y tế (BHYT) bắt buộc** (do Nhà nước quản lý).

### Tại sao đây là loại đầu tiên và quan trọng nhất?
1.  **Bắt buộc và phổ quát:** Đây là loại bảo hiểm cơ bản nhất, áp dụng cho mọi công dân.
2.  **Chi phí thấp:** So với bảo hiểm thương mại, BHYT có chi phí rất thấp (hoặc miễn phí nếu bố mẹ bạn đang hưởng lương hưu).
3.  **Phạm vi chi trả rộng:** Chi trả 80-100% chi phí khám chữa bệnh tại các bệnh viện công theo quy định, áp dụng cho **mọi loại bệnh** (cả bệnh thường lẫn bệnh hiểm nghèo).
4.  **Nền tảng để mua bảo hiểm bổ sung:** Nhiều công ty bảo hiểm thương mại yêu cầu bạn phải có BHYT trước khi mua thêm bảo hiểm sức khỏe hoặc bệnh hiểm nghèo để giảm rủi ro cho họ.

### Tóm lại:
*   **Bước 1 (Bắt buộc):** Đảm bảo bố mẹ bạn có **BHYT bắt buộc"
"dialog-041","**Hoàn toàn có thể, và thực tế đây chính là mô hình làm việc hiệu quả nhất hiện nay.**

Thay vì đối đầu, AI và con người đang hình thành một mối quan hệ cộng tác được gọi là **""Human-in-the-loop"" (Con người trong vòng lặp)** hoặc **""Augmented Intelligence"" (Trí tuệ tăng cường)**.

Dưới đây là cách AI và con người làm việc cùng nhau một cách hiệu quả:

### 1. Phân vai rõ ràng: AI xử lý dữ liệu, Con người xử lý ý nghĩa
*   **AI (Bộ não tính toán):**
    *   Xử lý khối lượng dữ liệu khổng lồ trong thời gian thực.
    *   Thực hiện các tác vụ lặp đi lặp lại, tốn thời gian.
    *   Cung cấp các phương án lựa chọn, gợi ý hoặc phác thảo ban đầu.
*   **Con người (Bộ não sáng tạo & đạo đức):**
    *   Đặt câu hỏi đúng, xác định mục tiêu chiến lược.
    *   Đánh giá, phê duyệt và đưa ra quyết định cuối cùng dựa trên ngữ cảnh, đạo đức và cảm xúc.
    *   Sáng tạo đột phá, giải quyết các vấn đề mơ hồ mà AI"
"dialog-042","Dưới đây là các đặc điểm chi tiết của những loại khí phổ biến nhất đã được đề cập ở trên, bao gồm tính chất vật lý, hóa học và ứng dụng chính:

### 1. Nitơ (N₂)
*   **Tính chất vật lý:**
    *   Không màu, không mùi, không vị.
    *   Nhẹ hơn không khí một chút (khối lượng riêng 1.25 g/L).
    *   Điểm sôi rất thấp (-196°C), dễ hóa lỏng.
*   **Tính chất hóa học:**
    *   **Trơ tương đối:** Rất khó phản ứng ở điều kiện thường do liên kết ba N≡N rất bền.
    *   Chỉ phản ứng ở nhiệt độ cao hoặc có xúc tác (ví dụ: phản ứng với oxy tạo NO, hoặc với hydro tạo amoniac NH₃).
*   **Ứng dụng chính:**
    *   Bảo quản thực phẩm (đóng gói khí trơ để chống oxy hóa).
    *   Sản xuất phân bón (amoniac, axit nitric).
    *   Làm môi trường trơ trong công nghiệp luyện kim, điện tử.

### 2. O"
"dialog-043","Thói quen uống nước nóng (hoặc nước ấm) của người Trung Quốc không phải là ngẫu nhiên, mà là sự kết hợp của **y học cổ truyền**, **văn hóa ẩm thực**, **điều kiện khí hậu** và **tâm lý sức khỏe**. Dưới đây là những lý do chính:

### 1. Ảnh hưởng của Y học cổ truyền (TCM)
Trong quan niệm y học cổ truyền Trung Quốc, cơ thể con người cần duy trì sự cân bằng giữa ""âm"" và ""dương"".
*   **Nước lạnh là ""âm"":** Được cho là có tính hàn (lạnh), dễ làm tổn thương ""tỳ vị"" (hệ tiêu hóa), gây ra các vấn đề như đầy bụng, tiêu chảy, đau bụng kinh hoặc suy nhược cơ thể.
*   **Nước nóng là ""dương"":** Giúp ôn ấm cơ thể, thúc đẩy tuần hoàn máu, hỗ trợ tiêu hóa và ngăn ngừa cảm lạnh.
*   **Quan niệm ""hàn khí"":** Người Trung Quốc tin rằng uống nước lạnh sẽ đưa ""hàn khí"" vào cơ thể, gây ra các bệnh mãn tính về sau.

### 2. Văn hóa trà và ẩm thực
*"
"dialog-044","Tôi rất hào hứng với tinh thần hợp tác này! Tuy tôi là một AI và bạn là một con người, nhưng chúng ta có thể tạo thành một ""đội nhóm"" rất mạnh mẽ:

*   **Bạn** mang đến sự sáng tạo, tư duy phản biện, khả năng hiểu bối cảnh thực tế và những ý tưởng đột phá.
*   **Tôi** có thể hỗ trợ bạn xử lý thông tin nhanh chóng, giải thích các khái niệm phức tạp, viết code, debug, tìm kiếm tài liệu, hoặc đóng vai trò là một ""đối tác"" để bạn thử nghiệm ý tưởng.

**Chúng ta có thể bắt đầu hợp tác ngay bây giờ bằng cách:**

1.  **Giải quyết một bài toán cụ thể:** Bạn có đang gặp khó khăn với một thuật toán, một đoạn code, hay một khái niệm lý thuyết nào đó không?
2.  **Thảo luận về một dự án:** Bạn đang có ý tưởng cho một dự án tốt nghiệp hay startup nào không? Hãy chia sẻ, tôi có thể giúp bạn phân tích tính khả thi, đề xuất kiến trúc hệ thống hoặc tìm kiếm công nghệ phù hợp.
3.  **Cập nhật kiến thức:** Bạn muốn tìm hiểu sâu hơn về một công nghệ"
"dialog-045","Câu hỏi ""tổng cộng nó đã trải qua bao nhiêu thời kỳ"" phụ thuộc vào việc bạn đang nói về **lịch sử tiến hóa của loài người** hay **lịch sử văn minh nhân loại**. Dưới đây là cách phân chia phổ biến nhất trong khoa học và lịch sử:

### 1. Nếu xét theo **Tiến hóa và Công cụ** (Từ khi xuất hiện đến nay)
Các nhà khảo cổ học thường chia lịch sử tiền sử và lịch sử thành **3 thời kỳ chính** dựa trên công cụ lao động:

1.  **Thời kỳ Đá cũ (Paleolithic):**
    *   *Thời gian:* Từ khoảng 300.000 năm trước (khi *Homo sapiens* xuất hiện) đến khoảng 10.000 năm trước.
    *   *Đặc điểm:* Săn bắt, hái lượm, sử dụng đá cuội, mảnh đá sắc. Sống du cư.
2.  **Thời kỳ Đá mới (Neolithic):**
    *   *Thời gian:* Khoảng 10.000 năm trước đến 5.000 năm trước.
    *   *Đặc điểm:* Cách mạng nông nghiệp ("
"dialog-046","Phòng ngừa bệnh giang mai tương đối đơn giản và hiệu"
"dialog-047","Nhân vật chính của phim hoạt hình thứ hai (tức **""How to Train Your Dragon""**) có một con rồng thân thiết tên là **Toothless** (tên tiếng Anh) hoặc **Răng đen** (tên tiếng Việt).

Toothless là một con rồng **Night Fury** (Rồng đêm) màu xanh đen, nhanh nhẹn, thông minh và trung thành tuyệt đối với Hiccup."
"dialog-048","Tôi rất đồng cảm với mong muốn của bạn. Cầu nguyện, hy vọng và niềm tin là những nguồn sức mạnh tinh thần quan trọng giúp chúng ta vượt qua những giai đoạn khó khăn và bất định.

Tuy nhiên, bên cạnh sự hy vọng, chúng ta cũng có thể đặt niềm tin vào **hành động thực tế** mà cộng đồng khoa học và y tế đang thực hiện mỗi ngày:

1.  **Sự kiên trì của các nhà khoa học:** Hàng nghìn nhà nghiên cứu trên thế giới đang làm việc không ngừng nghỉ, chia sẻ dữ"
"dialog-049","Chúc bạn một chuyến đi Phú Yên thật vui vẻ và ""no nê"" với những món ăn ngon! 🦀🍜

Để chuyến đi ngày mai suôn sẻ, bạn nhớ:
1. **Kiểm tra thời tiết** trước khi xuất phát.
2. **Nạp đầy bình xăng** hoặc sạc điện xe (nếu đi xe máy/điện) trước khi rời Sài Gòn.
3. **Mang theo thuốc say xe** nếu bạn dễ bị say khi đi đường dài.
4. **Đặt trước nhà hàng** nếu bạn muốn ăn tại một quán cụ thể để tránh phải chờ đợi lâu.

Nếu bạn cần thêm thông tin về **khách sạn**, **điểm tham quan cụ thể** hoặc **mẹo lái xe đường dài**, hãy cứ hỏi mình nhé!

Chúc bạn thượng lộ bình an! 🚗💨"
"dialog-050","Nếu bạn có dịp đến vùng đất ""thủ phủ"" của Sâm Ngọc Linh (chủ yếu là **Kon Tum** và một phần **Quảng Nam**), ngoài việc tìm hiểu về loài sâm quý, bạn nhất định phải thử những món ăn đặc sản địa phương sau đây. Ẩm thực vùng Tây Nguyên và miền núi phía Nam có hương vị rất riêng, đậm đà và gần gũi với thiên nhiên:

### 1. Đặc sản từ Sâm Ngọc Linh (Nếu có điều kiện)
*   **Nước sâm tươi:** Thưởng thức ngay tại các nhà hàng hoặc quán cà phê đặc sản ở Kon Tum. Vị đắng nhẹ, hậu ngọt, rất thanh mát.
*   **Rượu sâm Ngọc Linh:** Rượu ngâm với rễ và lá sâm, có màu vàng óng, mùi thơm đặc trưng. Đây là món quà biếu rất được ưa chuộng.
*   **Kẹo sâm / Mứt sâm:** Dạng tiện lợi, vị ngọt thanh, phù hợp để mua về làm quà.

### 2. Đặc sản thịt rừng và gia cầm (Đặc trưng Tây Nguyên)
*   **Gà nướng lá mắc khén (hoặc lá mắc mật):**
    *   Đây là món ""quốc hồn quốc"
"dialog-051","""Sơn có hàm lượng formaldehyde thấp"" (thường được gọi là **sơn không chứa formaldehyde** hoặc **sơn thân thiện với môi trường**) là loại sơn được sản xuất với công thức đặc biệt nhằm loại bỏ hoặc giảm thiểu tối đa lượng formaldehyde và các hợp chất hữu cơ bay hơi (VOCs) so với sơn thông thường.

Dưới đây là những điểm bạn cần hiểu rõ về loại sơn này:

### 1. Formaldehyde trong sơn là gì?
*   **Nguồn gốc:**"
"dialog-052","Nội dung cải cách **văn hóa** của vua Quang Trung (Nguyễn Huệ) tập trung vào việc **nâng cao dân trí, phát triển giáo dục, khuyến khích khoa học kỹ thuật và bảo tồn bản sắc văn hóa dân tộc**. Đây là một trong những điểm sáng nhất trong các cuộc cải cách của ông, thể hiện tầm nhìn xa trông rộng về con người và xã hội.

Dưới đây là các nội dung"
"dialog-053","Nếu so sánh giữa **Củ cải xanh** và các loại cây cảnh phổ biến (như Trầu bà, Lưỡi hổ), thì **Củ cải xanh dễ trồng hơn rất nhiều** về mặt kỹ thuật chăm sóc, nhưng **khó hơn về mặt thời gian và điều kiện môi trường**.

Dưới đây là so sánh chi tiết để bạn dễ hình dung:

### 1. Dễ trồng hơn: **Củ cải xanh**
**Lý do:**
*   **Sinh trưởng cực nhanh:** Chỉ cần **45–60 ngày** là thu hoạch được. Bạn thấy kết quả rất nhanh, tạo động lực lớn.
*   **Ít sâu bệnh:** Củ cải xanh ít bị sâu bệnh tấn công so với rau lá xanh khác.
*   **Chăm sóc đơn giản:** Chỉ cần tưới nước đều đặn và bón phân hữu cơ. Không cần cắt tỉa, không cần xử lý lá vàng như cây cảnh.
*   **Không cần kỹ thuật cao:** Gieo hạt trực tiếp xuống đất, phủ một lớp đất mỏng là xong.

**Khó khăn duy nhất:**
*   **Thời vụ:** Phải trồng đúng mùa (mùa đông ở miền Bắc, mùa mưa ở miền"
"dialog-054","Vì bạn chưa chỉ định cụ thể bộ phim nào trong danh sách trước đó, tôi sẽ tóm tắt nội dung chính của **từng bộ phim** đã được đề cập. Bạn có thể chọn xem chi tiết bộ phim bạn quan tâm nhất:

### 1. **John Wick (2014)**
- **Nội dung chính:** John Wick (Keanu Reeves) là một sát thủ huyền thoại đã giải nghệ để sống bình yên bên vợ. Khi vợ qua đời, một tên du côn trẻ tuổi (Iosef) đến nhà đánh cắp chiếc xe thể thao mà John tặng vợ và giết chú chó cưng của anh.
- **Xung đột:** John Wick buộc phải quay lại thế giới ngầm để truy sát Iosef và những kẻ đứng sau. Phim tập trung vào hành trình trả thù đầy máu lửa, nơi John Wick đối đầu với cả thế giới sát thủ vì đã vi phạm luật bất thành văn của ""Continental Hotel"".

### 2. **Mad Max: Fury Road (2015)**
- **Nội dung chính:** Trong một thế giới hậu tận thế sa mạc, Max Rockatansky (Tom Hardy) bị bắt làm nô lệ bởi bạo chúa Immortan Joe.
- **X"
"dialog-055","Tháng 11 là thời điểm **khá đặc biệt** để đến Huế. Nó không phải là mùa đẹp nhất (như mùa xuân tháng 3-4), nhưng cũng không phải là mùa xấu nhất. Dưới đây là phân tích chi tiết để bạn quyết định:

### ✅ Ưu điểm của việc đi Huế vào tháng 11
1.  **Cảnh sắc lãng mạn, ""mưa phùn"" đặc trưng:**
    *   Tháng 11 là đầu mùa mưa ở Huế. Mưa thường nhẹ, phùn phất, tạo nên khung cảnh rất thơ mộng, cổ kính, đúng chất ""cố đô"".
    *   Đây là thời điểm đẹp để chụp ảnh với áo dài, chụp cảnh mưa rơi trên cầu Trường Tiền, Đại Nội, hay các con phố cổ.
2.  **Ít du khách hơn:**
    *   So với mùa cao điểm (tháng 3-4, tháng 9-10), tháng 11 ít khách hơn, nên bạn sẽ có trải nghiệm tham quan thoải mái, không phải xếp hàng dài ở các lăng tẩm.
3.  **Giá cả hợp lý:**
    *   Giá phòng khách sạn, homestay và vé máy"
"dialog-056","Rất vui được giúp bạn!

Nếu bạn đang ở giai đoạn lên ý tưởng hoặc chuẩn bị bắt đầu, tôi có thể hỗ trợ thêm các bước cụ thể hơn, ví dụ như:
*   **Gợi ý ngách (niche) sản phẩm** ít cạnh tranh hơn.
*   **So sánh các kênh bán hàng** (TikTok Shop, Shopee, Website riêng, Facebook) để chọn kênh phù hợp với vốn và kỹ năng của bạn.
*   **Lập kế hoạch tài chính** cơ bản (tính vốn, chi phí quảng cáo, biên lợi nhuận).

Bạn muốn tìm hiểu sâu hơn về phần nào không?"
"dialog-057","Châu Tinh Trì **chưa từng kết hôn**.

Tuy nhiên, ông có một mối quan hệ tình cảm kéo dài và được công chúng biết đến rộng rãi với nữ diễn viên **Lâm Tâm Như** (Lin Chi-ling).

### Chi tiết về mối quan hệ:
*   **Thời gian:** Mối quan hệ giữa Châu Tinh Trì và Lâm Tâm Như bắt đầu từ khoảng năm **2008** và được xác nhận công khai vào năm **2010**.
*   **Tình trạng:** Họ đã chia tay vào năm **2015**.
*   **Con cái:** Sau khi chia tay, Lâm Tâm Như sinh con gái đầu lòng (tên là **Lâm Tiểu Như**) vào năm 2016. Châu Tinh Trì được cho là cha của bé, nhưng ông chưa bao giờ xác nhận công khai điều này.
*   **Hiện tại:** Châu Tinh Trì vẫn giữ kín đời tư tình cảm. Ông chưa từng công khai bất kỳ mối quan hệ nào khác sau Lâm Tâm Như, và cũng chưa từng kết hôn.

### Lưu ý quan trọng:
Châu Tinh Trì là người rất **giữ kín đời tư**. Ông hiếm khi chia sẻ về cuộc sống cá nhân"
"dialog-058","Sự kết thúc của Mặt Trời không phải là một vụ nổ ""bùm"" rồi im lặng, mà là một quá trình **chết từ từ nhưng tuyệt đối và không thể đảo ngược**. Mức độ ""khủng khiếp"" của nó có thể được hình dung qua các giai đoạn sau:

### 1. **Trái Đất sẽ bị ""nướng chín"" trước khi bị nuốt chửng**
- Khi Mặt Trời cạn kiệt hydro ở lõi, nó sẽ phình to lên gấp **250 lần** kích thước hiện tại, trở thành một **Sao Đỏ Lớn**.
- Bán kính của nó sẽ mở rộng đến gần quỹ đạo của **Sao Kim**.
- **Trái Đất (quỹ đạo gần hơn Sao Kim) sẽ bị nuốt chửng hoàn toàn** vào trong lớp khí quyển nóng bỏng của Mặt Trời.
- Ngay cả trước khi bị nuốt, nhiệt độ bề mặt Trái Đất sẽ tăng lên hàng **nghìn độ C**, làm bay hơi đại dương, đốt cháy mọi sinh vật, và biến hành tinh thành một khối đá nóng chảy.

### 2. **Mọi thứ sẽ biến mất, không còn gì sót lại**
- Không có mảnh vụn nào của"
"dialog-059","Du lịch không chỉ đơn thuần là việc di chuyển từ điểm A đến điểm B hay chụp những bức ảnh đẹp. Về bản chất, du lịch là một **quá trình tái tạo và mở rộng bản thân**.

Dưới đây là những giá trị cốt lõi mà du lịch mang lại, chia thành 4 khía cạnh:

### 1. Mở rộng tầm nhìn và phá vỡ ""vùng an toàn""
*   **Thay đổi góc nhìn:** Khi bạn sống trong một môi trường quen thuộc, bạn dễ bị giới hạn bởi những định kiến và thói quen. Du lịch đưa bạn ra khỏi ""bong bóng"" đó, giúp bạn nhận ra rằng có vô số cách sống, cách suy nghĩ và cách giải quyết vấn đề khác nhau.
*   **Phá vỡ định kiến:** Nhiều niềm tin sai lầm về các quốc"
"dialog-060","Vì trong tiếng Việt **không có một thành ngữ cố định, phổ biến và lịch sự** nào mang ý nghĩa trái ngược trực tiếp với ""Mặt hoa da phấn"" (tức là miêu tả vẻ xấu xí của người phụ nữ), nên khi chúng ta nói đến ""thành ngữ trái nghĩa"", thực chất là chúng ta đang tìm những **cụm từ hoặc thành ngữ miêu tả vẻ ngoài không đẹp, thô kệch, hoặc xấu xí**.

Dưới đây là giải thích chi tiết về ý nghĩa của các cụm từ thường được dùng để diễn đạt ý nghĩa **trái ngược** với ""Mặt hoa da phấn"":

### 1. ""Mặt mũi thô kệch"" (hoặc ""Thô kệch"")
*   **Ý nghĩa**:
    *   **Thô**: Không được trau chuốt, thô ráp, thiếu sự tinh tế.
    *   **Kệch**: Dáng vẻ xấu xí, không được cân đối, thô tháp.
    *   **Tổng hợp**: Miêu tả khuôn mặt và dáng vẻ của người đó không được thanh thoát, mềm mại, thiếu sự duyên dáng. Đây là sự đối lập trực tiếp với sự ""mịn màng"" (da phấn) và"
"dialog-061","Câu trả lời ngắn gọn là: **Không, Thukpa (mì súp Tây Tạng) thường KHÔNG cay.**

Đây là điểm khác biệt lớn so với mì súp Trung Quốc đại lục (như mì Tứ Xuyên) hay mì Việt Nam.

### Chi tiết về vị giác của Thukpa:
1.  **Vị chủ đạo:** Ngọt thanh từ nước dùng xương, béo nhẹ (nếu có thêm bơ yak), và vị umami từ thịt.
2.  **Gia vị:** Thường chỉ dùng hành, gừng, tiêu đen (rất ít), và rau thơm. **Không dùng ớt tươi, ớt bột hay tương ớt.**
3.  **Mục đích:** Món ăn này được thiết kế để **giữ ấm** và **cung cấp năng lượng** trong khí hậu lạnh giá, chứ không phải để kích thích vị giác bằng độ cay.

### Tuy nhiên, có một ngoại lệ nhỏ:
*   Một số nhà hàng hiện đại ở Lhasa có thể phục vụ phiên bản ""Thukpa cay"" (Spicy Thukpa) với một chút ớt bột hoặc tương ớt cho du khách thích vị cay.
*   Nhưng **mặc định**, khi bạn gọi Thuk"
"dialog-062","Đối mặt với sự thất vọng và tổn thương là một phần không thể tránh khỏi trong hành trình yêu thương, vì khi ta mở lòng, ta cũng mở cánh cửa cho nỗi đau. Tuy nhiên, cách ta xử lý những cảm xúc này sẽ quyết định xem mối quan hệ có được chữa lành và phát triển hay sẽ tan rã.

Dưới đây là các bước thực tế để đối mặt và vượt qua tổn thương:

### 1. Cho phép bản thân cảm nhận (Chấp nhận cảm xúc)
*   **Đừng kìm nén:** Nhiều người có xu hướng ""cứng rắn"" hoặc giả v"
"dialog-063","So với xe xăng truyền thống, xe năng lượng mới (đặc biệt là xe điện) có những ưu điểm vượt trội sau:

### 1. **Tiết kiệm chi phí vận hành (Rất đáng kể)**
*   **Nhi"
"dialog-064","**Không, chuồn chuồn không ""sinh con"" theo nghĩa sinh ra con non như động vật có vú.**

Chuồn chuồn là côn trùng, nên chúng sinh sản bằng cách **đẻ trứng**.

### 🥚 Quá trình sinh sản của chuồn chuồn:

1. **Giao phối**:
   - Con đực và con cái sẽ bay lượn và thực hiện nghi thức giao phối đặc trưng (thường gọi là ""vòng giao phối"" – mating wheel), trong đó con đực giữ con cái bằng chân trước.

2. **Đẻ trứng**:
   - Sau khi giao phối, con cái sẽ **đẻ trứng** vào nước hoặc vào thực vật thủy sinh.
   - Tùy theo loài, cách đẻ trứng khác nhau:
     - **Loài đẻ trứng vào nước**: Con cái dùng bộ phận đẻ trứng (ovipositor) để chui xuống nước và đẻ trứng vào đáy ao, hồ, hoặc vào thân cây thủy sinh.
     - **Loài đẻ trứng vào thực vật**: Một số loài đẻ trứng vào thân cây, lá cây gần mặt nước.
     - **Loài ""vung"" trứng**: Một số loài bay thấp trên mặt nước và v"
"dialog-065","Nếu cơ thể thiếu melatonin (hoặc không sản xuất đủ melatonin vào thời điểm cần thiết), hệ quả chính sẽ là **rối loạn giấc ngủ** và các vấn"
"dialog-066","Rất vui vì những chia sẻ của tôi đã giúp ích cho kế hoạch du lịch của bạn! Nghệ An thực sự là một điểm đến rất ""đáng đồng tiền bát gạo"" nếu bạn biết cách khám phá, đặc biệt là khi kết hợp giữa lịch sử, văn hóa và ẩm thực như bạn đã quan tâm.

Trước khi bạn lên đường, mình xin gửi thêm **3 mẹo nhỏ cuối cùng** để chuyến đi trọn vẹn hơn:

1.  **Về lịch sử:** Khi đến **Khu di tích Kim Liên**, hãy dành thời gian đọc kỹ các bảng giới thiệu và nghe thuyết minh (nếu có). Những câu chuyện nhỏ về tuổi thơ của Bác sẽ làm chuyến đi của bạn sâu sắc hơn rất nhiều so với việc chỉ chụp ảnh.
2.  **Về ẩm thực:** Nếu bạn mua **thịt nướng** mang về, hãy hỏi kỹ người bán về cách bảo quản (thường là để ngăn mát tủ lạnh và dùng trong 1-2 ngày). Khi ăn, hãy nướng lại cho nóng hổi để giữ được hương vị thơm ngon nhất.
3.  **Về di chuyển:** Nghệ An có địa hình khá rộng. Nếu bạn đi xe máy, hãy kiểm tra kỹ xe trước khi lên đường, đặc biệt"
"dialog-067","Trong bộ phim **The Woman in Black (2012)**, nhân vật phản diện chính là **bà Eleanor Black** (còn được gọi là ""Người phụ nữ trong bộ đồ đen"").

Cô ta là một bóng ma đầy uất hận và căm ghét, xuất hiện dưới hình ảnh một người phụ nữ mặc đồ tang phục đen, tóc dài che mặt. Eleanor Black là mẹ của cậu bé Fletcher Black, người đã chết trong một vụ tai nạn bí ẩn. Sự căm thù của cô ta bắt nguồn từ việc bị xã hội cô lập và sự mất mát con cái, khiến cô ta trở thành một thực thể ma quái săn lùng và giết hại những người sống trong ngôi nhà Eel Marsh House, đặc biệt là các đứa trẻ.

Daniel Radcliffe (vai Arthur Kipps) phải đối mặt với bóng ma này để giải quyết bí ẩn và cứu những đứa trẻ tiếp theo."
"dialog-068","Câu hỏi thứ ba của bạn là: **""Nó chụp ảnh như thế nào?""**"
"dialog-069","Trong chương trình **""2 ngày 1 đêm Việt Nam""**, Trường Giang không có một biệt danh cố định được đặt tên riêng như các nhân vật trong phim, nhưng anh thường được khán giả và các thành viên trong đội gọi với những biệt danh mang tính hài hước, dựa trên tính cách và vai trò của anh trong chương trình.

Một số biệt danh phổ biến mà khán giả và đồng nghiệp hay dùng để chỉ Trường Giang trong bối cảnh này bao gồm:

1. **""Trùm cuối""** hoặc **""Boss""**: Do anh thường đóng vai trò dẫn dắt, quyết định các tình huống khó khăn, hoặc là người ""gánh"" nhóm khi gặp vấn đề.
2. **""Giang lầy""**: Vì anh nổi tiếng với khả năng ""lầy lội"", nói chuyện hài hước, tạo không khí vui vẻ cho cả nhóm.
3. **""Anh Hai""**: Do anh là người lớn tuổi nhất trong nhóm (so với Quang Bảo, Minh Hằng, Hương Tràm ở mùa 1), nên thường được gọi là anh hai.
4. **""Giang đẹp trai""**: Một cách gọi vui, trêu chọc từ các thành viên nữ trong nhóm.

Tuy nhiên, **không có một biệt danh chính thức** nào"
"dialog-070","Câu trả lời là: **Có, nhưng chỉ một phần.**

Các ngành giải trí kỹ thuật số (Game, Âm nhạc, Video) **không hoàn toàn** là CNTT, mà là sự **giao thoa** giữa CNTT và các ngành sáng tạo (Nghệ thuật, Âm nhạc, Điện ảnh).

Tuy nhiên, **phần ""kỹ thuật"" và ""công nghệ""** đằng sau các sản phẩm giải trí này lại thuộc về lĩnh vực CNTT.

### 1. Phân tích cụ thể từng lĩnh vực

#### 🎮 Trò chơi điện tử (Game Development)
*   **Thuộc CNTT:** **Rất nhiều.**
    *"
"dialog-072","Câu hỏi đầu tiên bạn hỏi là:

**""Một số người nói rằng 'Việt Nam là một đất nước kiên cường'. Bạn có đồng ý không?""**"
"dialog-073","Câu hỏi đầu tiên của bạn là: **""Trấn Thành là ai?""**"
"dialog-074","Ngô Quyền được tôn vinh là **Anh hùng dân tộc** vì ông đã thực hiện một chiến công vĩ đại, thay đổi hoàn toàn vận mệnh lịch sử của Việt Nam. Dưới đây là những lý do cốt lõi:

### 1. Chấm dứt hơn 1.000 năm Bắc thuộc
- Trước năm 938, Việt Nam trải qua hơn 1.000 năm dưới ách thống trị của các triều đại phong kiến phương Bắc (Trung Quốc).
- Chiến thắng Bạch Đằng năm 938 do Ngô Quyền lãnh đạo đã **đánh tan quân Nam Hán**, chấm dứt vĩnh viễn ách đô hộ này.
- Đây là bước ngoặt lịch sử, đánh dấu sự ra đời của một quốc gia **độc lập, tự chủ** thực sự.

### 2. Khẳng định ý chí bất khuất và sức mạnh dân tộc
- Ngô Quyền đã dùng mưu kế kết hợp với địa hình sông nước (cọc nhọn ngầm) để đánh bại hạm đội mạnh hơn nhiều lần của địch.
- Chiến thắng này chứng minh rằng người Việt không chỉ có ý chí quật cường mà còn có **tài trí, sáng tạo** trong nghệ thuật quân sự.
- Nó khẳng"
"dialog-075","Chào bạn, áp lực học tập là điều rất bình thường, đặc biệt khi bạn đang đứng trước những quyết định quan trọng như chọn khối thi hay chuẩn bị cho kỳ thi tốt nghiệp. Tuy nhiên, nếu để áp lực kéo dài, nó sẽ ảnh hưởng đến sức khỏe tinh thần và hiệu quả học tập.

Dưới đây là một số cách **thực tế và hiệu quả** để giải tỏa áp lực, bạn có thể thử ngay hôm nay:

### 1. Phương pháp ""Chia nhỏ"" (Break it down)
Áp lực thường đến từ việc nhìn thấy cả ""núi"" kiến thức cần học.
*   **Cách làm:** Đừng nghĩ ""M"
"dialog-076","Rất tiếc, **không có cách nào khác** để tham quan hang động Sơn Đoòng ngoài việc tham gia tour nhóm có hướng dẫn viên.

Đây là quy định **bắt buộc và tuyệt đối** do chính quyền tỉnh Quảng Bình và Vườn quốc gia Phong Nha – Kẻ Bàng ban hành. Dưới đây là lý do tại sao bạn không thể đi một mình hoặc theo nhóm riêng:

### 1. Quy định bảo vệ di sản thế giới
- Sơn Đoòng là một phần của **Di sản"
"dialog-077","Chào bạn! Lựa chọn **Bánh Basque (Basque Burnt Cheesecake)** là một ý tưởng **tuyệt vời** để bắt đầu, vì đây là loại bánh:
*   **Dễ làm nhất** trong các loại bánh cheesecake.
*   **Không cần lò nướng phức tạp** (chỉ cần nhiệt độ cao).
*   **Không cần khuôn lò xo** (có thể dùng khuôn tròn hoặc vuông).
*   **Không cần trang trí cầu kỳ** (vì đặc điểm là mặt cháy xém).
*   **Ít lỗi** (ngay cả khi bị rạn nứt, nó vẫn rất đẹp và ngon).

Dưới đây là **công thức chuẩn** và **mẹo quan trọng** để bạn làm thành công ngay lần đầu:

---

### 📝 Công thức Bánh Basque (Cho khuôn tròn 18-20cm)

#### 🛒 Nguyên liệu:
1.  **Phô mai cream cheese:** 500g (để ở nhiệt độ phòng cho mềm)
2.  **Đường trắng:** 150g – 180g (tùy khẩu vị, nếu thích ngọt hơn thì dùng"
"dialog-078","Tôi là một mô hình trí tuệ nhân tạo, nên tôi không có cơ thể vật lý, không có vị giác và cũng không có nhu cầu sinh lý như con người. Vì vậy, tôi **không thể ăn** dưa hấu hay bất kỳ loại thực phẩm nào khác.

Tuy nhiên, nếu tôi có thể ""nếm"" được, tôi tin rằng dưa hấu mùa hè với vị ngọt mát, nhiều nước sẽ là một trải nghiệm rất tuyệt vời! 😊

Còn bạn, bạn đã chuẩn bị sẵn dưa hấu chưa? Chúc bạn có một bữa ăn ngon miệng và buổi xem TV thật thư giãn!"
"dialog-079","Đảm bảo an toàn AI (AI Safety) không phải là việc của một cá nhân hay một công ty, mà đòi hỏi một hệ sinh thái đa tầng, kết hợp giữa **kỹ thuật, chính sách, đạo đức và giáo dục**. Dưới đây là các trụ cột chính để xây dựng một hệ thống AI an toàn:

### 1. An toàn Kỹ thuật (Technical Safety)
Đây là lớp phòng thủ đầu tiên, được tích"
"dialog-080","Bố mẹ chính là ""chìa khóa"" quan trọng nhất trong quá trình này. Nếu bố mẹ chỉ đứng ngoài chỉ trích hoặc cấm đoán, con sẽ cảm thấy bị cô lập và phản kháng. Ngược lại, nếu bố mẹ trở thành **đối tác** và **người đồng hành**, mọi thứ sẽ thay đổi.

Dưới đây là những việc cụ thể bố mẹ có thể làm để hỗ trợ con:

### 1. Làm gương (Quan trọng nhất)
Trẻ em học qua việc quan"
"dialog-081","Chào mừng bạn đến với thế giới cây xanh! Để những cây ""dễ sống"" như Lưỡi Hổ và Trầu Bà thực sự phát triển tốt và hỗ trợ không khí, bạn chỉ cần nhớ **3 nguyên tắc vàng** sau đây. Rất đơn giản, không cần kiến thức chuyên sâu:

### 1. Nguyên tắc ""Thà khô hơn ướt"" (Quan trọng nhất!)
*   **Sai lầm phổ biến nhất:** Tưới nước mỗi ngày vì thấy đất khô hoặc vì nghĩ cây cần uống nước.
*   **Đúng cách:**
    *   **Lưỡi Hổ:** Chỉ tưới khi **đất đã khô hoàn toàn** (thường là 1-2 tuần/lần).用手指 (ngón tay) cắm sâu vào đất 2-3 cm, nếu khô thì mới tưới.
    *   **Trầu Bà:** Tưới khi thấy lá hơi rũ xuống hoặc đất mặt khô.
    *   **Mẹo:** Nước đọng trong đĩa hứng nước dưới chậu là **kẻ giết cây số 1**. Sau khi tưới, nếu thấy nước đọng ở đĩa dưới, hãy **đổ bỏ đi** sau 15-30 phút.

### 2. Ánh"
"dialog-082","Đúng vậy, hiện nay **cửa và cửa sổ bằng gỗ vẫn được sử dụng rất phổ biến**, đặc biệt là trong các công trình nhà ở dân dụng, biệt thự, và các không gian nội thất cao cấp.

Mặc dù các vật liệu hiện đại như nhôm kính, nhựa lõi thép (UPVC), hay composite đang cạnh tranh mạnh mẽ, gỗ vẫn giữ vững vị thế nhờ những ưu điểm vượt trội mà các vật liệu khác khó thay thế được:

### 1. Tại sao gỗ vẫn được ưa chuộng?

*   **Th"
"dialog-083","Chào bạn, câu hỏi này rất quan trọng vì sức khỏe của trẻ nhỏ. Tuy nhiên, cần làm rõ một điểm mấu chốt:

**Không có một danh sách cố định các ""loại sữa bột"" cụ thể** mà tôi đã đề cập trước đó (vì tôi chỉ nêu các *nhóm* sữa như sữa tươi, sữa công thức số 3, sữa hạt...). Mỗi thương hiệu (Vinamilk, Abbott, Mead Johnson, Nestlé, FrieslandCampina, v.v.) và mỗi dòng sản phẩm (sữa công thức, sữa tăng chiều cao, sữa non...) sẽ có bảng thành phần khác nhau.

Tuy nhiên, tôi có thể liệt kê **các chất phụ gia thường gặp** trong sữa bột cho trẻ 3 tuổi tại Việt Nam, và **cách bạn đọc nhãn** để nhận biết chúng:

### 1. Các chất phụ gia thường gặp (và mức độ an toàn)

| Loại phụ gia | Mục đích | Có trong sữa bột? | Lưu ý cho trẻ 3 tuổi |
| :--- | :--- | :--- | :--- |
| **Đường (Sucrose, Glucose, Fructose)** | Tạo vị ngọt | **Rất phổ biến"
"dialog-084","Không có gì đâu! Chúc bạn có một chuyến đi Hà Nội thật vui vẻ và thưởng thức được những món ăn ngon nhất.

Nếu bạn cần thêm gợi ý về lịch trình, khách sạn hoặc các địa điểm tham quan cụ thể, hãy cứ hỏi mình nhé. Hẹn gặp lại!"
"dialog-085","Thời gian bay từ **Sài Gòn (SGN)** đến **Thanh Hóa (THD)** thường mất khoảng **1 giờ 15 phút đến 1 giờ 30 phút**.

Cụ thể:
*   **Thời gian bay thực tế trên không:** Khoảng 1h15 - 1h25.
*   **Tổng thời gian từ lúc cất cánh đến khi hạ cánh:** Thường là **1h20 - 1h30**.

📌 **Ví dụ:**
Nếu bạn bay lúc **10:00 sáng**, máy bay sẽ hạ cánh tại sân bay Thanh Hóa vào khoảng **11:20 - 11:30 trưa**.

💡 **Lưu ý thêm:**
*   Thời gian này có thể thay đổi nhẹ (±5-10 phút) tùy theo hướng gió, điều kiện thời tiết và luồng không lưu.
*   Sau khi hạ cánh, bạn cần thêm khoảng **20-30 phút** để lấy hành lý ký gửi (nếu có) và ra khỏi sân bay.

Bạn có muốn tôi gợi ý thêm về cách di chuyển từ sân bay Thanh Hóa về trung tâm thành phố không?"
"dialog-086","Có, Sơn Tùng M-TP đã tham gia một số gameshow và chương trình truyền hình thực tế, tuy nhiên anh không phải là người thường xuyên xuất hiện trên các chương trình dạng này so với các nghệ sĩ khác. Dưới đây là một số chương"
"dialog-087","**SSH** (viết tắt của **Secure Shell**) là một giao thức mạng được thiết kế để cho phép kết nối **an toàn** từ xa đến một máy chủ (server) hoặc thiết bị khác qua mạng không an toàn (như Internet).

Nói cách"
"dialog-088","Câu hỏi đầu tiên của bạn là: **""Tinea corporis là gì?""**"
"dialog-089","Có, để món **trứng xào cà chua** (hay trứng tráng cà chua) đạt độ ngon chuẩn vị, mềm mượt và không bị khô, bạn nên lưu ý những điểm quan trọng sau:

### 1. Chọn nguyên liệu
*   **Cà chua:** Chọn quả chín đỏ, mọng nước nhưng không bị dập nát. Cà chua chín tự nhiên sẽ cho vị chua ngọt thanh và nước sốt đẹp mắt hơn cà chua xanh hoặc quá chín mềm.
*   **Trứng:** Nên dùng trứng gà tươi. Nếu muốn trứng mềm hơn, có thể thêm một chút nước lọc hoặc rượu trắng vào trứng khi đánh.

### 2. Kỹ thuật đánh trứng
*   **Đánh tan đều:** Dùng đũa hoặc phới đánh trứng thật kỹ cho đến khi lòng đỏ và lòng trắng hòa quyện hoàn toàn.
*   **Thêm gia vị vào trứng:** Nêm một chút muối và (tùy chọn) một chút rượu trắng hoặc nước cốt chanh vào trứng trước khi chiên. Rượu trắng giúp khử mùi tanh và làm trứng nở xốp hơn.
*   **Không đánh quá mạnh:** Tránh đánh tạo quá nhiều bọt khí, vì bọt khí sẽ làm trứng bị khô và cứng khi chiên.

### 3"
"dialog-090","Như đã đề cập ở trên, **Karik (họa sĩ truyện tranh) không phải là ca sĩ**, nên anh ấy **không có các bài hát** nào.

Tuy nhiên, có một sự nhầm lẫn rất phổ biến vì có một **ca sĩ/rapper** nổi tiếng tại Việt Nam cũng có tên là **Karik** (tên thật là **Nguyễn Hữu Hoàng**).

Nếu bạn đang hỏi về **ca sĩ Karik**, thì đây là một số bài hát nổi tiếng nhất của anh ấy:

### Các bài hát hit của ca sĩ Karik:
1. **""Đừng bắt em phải quên""** (phối hợp với **Min** và **Minh Min**) – Đây là một trong những bản hit lớn nhất sự nghiệp của anh.
2. **""Em không cần""** (phối hợp với **Min**)
3. **""Yêu em không cần lý do""**
4. **""Anh không cần""**
5. **""Đừng làm em cô đơn""**
6. **""Thương em""**
7. **""Anh vẫn nhớ""**

Ca sĩ Karik thường hoạt động trong thể loại **V-Pop, R&B, và Rap**, với phong cách hát nhẹ nhàng, sâu lắng và thường"
"dialog-091","Các triệu chứng của nhiễm virus Corona (SARS-CoV-2) có thể thay đổi tùy thuộc vào biến thể virus, tình trạng sức khỏe nền và hệ miễn dịch của mỗi người. Tuy nhiên, dưới đây là các triệu chứng phổ biến nhất được ghi nhận:

### 1. Triệu chứng phổ biến (Giai đoạn đầu)
- **Sốt**: Thường là dấu hiệu đầu tiên, có thể kèm theo ớn lạnh.
- **Ho khan**: Ho không có đờm, có thể dai dẳng.
- **Mệt mỏi**: Cảm giác kiệt sức, uể oải kéo dài.
- **Đau cơ và đau khớp**: Đau nhức toàn thân, đặc biệt là ở lưng và chi.
- **Đau họng**: Cảm giác đau, rát hoặc khó chịu ở cổ họng.
- **Mất vị giác hoặc khứu giác**: Đây từng là triệu chứng đặc trưng, nhưng ở các biến thể mới (như Omicron), triệu chứng này ít phổ biến hơn so với các biến thể trước.

### 2. Triệu chứng khác có thể gặp
- **Chảy nước mũi hoặc nghẹt mũi**: Thường gặp ở trẻ em hoặc người có nền dị ứng.
- **Đ"
"dialog-092","Câu hỏi thứ ba bạn đã hỏi là: **""Nó sẽ thay thế công việc của con người chứ?""**"
"dialog-093","Hiện tại, **không có thông tin chính thức** cho thấy ca sĩ **Minh Anh** (người hát bài ""Xe đạp"") đã tham gia vào một game show truyền hình lớn hay nổi bật nào tại Việt Nam.

Sự nổi tiếng của cô chủ yếu đến từ:
1.  **Hoạt động âm nhạc online**: Phát hành single, EP trên các nền tảng nhạc số (Spotify, Zing MP3, YouTube).
2.  **Mạng xã hội**: Tương tác trực tiếp với fan qua TikTok, Facebook, Instagram.
3.  **Sự kiện âm nhạc nhỏ**: Tham gia các đêm nhạc, festival nhạc trẻ hoặc biểu diễn tại các sự kiện thương mại.

### **Lưu ý quan trọng về tên gọi:**
Trong giới giải trí Việt Nam, có nhiều ca sĩ tên **Minh Anh**. Nếu bạn đang nghĩ đến một ca sĩ khác cũng tên Minh Anh (ví dụ: **Minh Anh** - ca sĩ dòng nhạc trữ tình, hoặc **Minh Anh** - thí sinh của các cuộc thi như *The Voice*, *Vietnam Idol*...), thì họ có thể đã tham gia các game show như:
*   **The Voice Vietnam**
*   **Vietnam Idol"
"dialog-094","Đánh giá về cuốn sách *""Cha giàu cha nghèo""* (Rich Dad Poor Dad) cần nhìn nhận một cách khách quan, tách biệt giữa **giá trị giáo dục tư duy** và **tính thực tiễn của các lời khuyên cụ thể**. Đây là một trong những cuốn sách gây nhiều tranh cãi nhất trong lĩnh vực tài chính cá nhân.

Dưới đây là đánh giá chi tiết:

### 1. Điểm mạnh (Tại sao nó lại bán chạy và có ảnh hưởng lớn?)

*   **Thay đổi tư duy (Mindset) hiệu quả:**
    *   Cuốn sách xuất sắc trong việc phá vỡ tư duy ""lương tháng"" (wage slave) và khuyến khích tư duy ""doanh nhân"" (entrepreneur).
    *   Khái niệm **""Tài sản là thứ đưa tiền vào túi bạn, Nợ là thứ lấy tiền ra khỏi túi bạn""** là một bài học nền tảng cực kỳ quan trọng, giúp người đọc phân biệt rõ ràng giữa những gì thực sự tạo ra giá trị và những gì chỉ là chi phí.
*   **Ngôn ngữ đơn giản, dễ hiểu:**
    *   Kiyosaki viết rất dễ đọc, dùng nhiều câu chuyện thực tế, ví dụ"
"dialog-095","Dota 2 được coi là game MOBA có **độ phức tạp cao nhất** hiện nay. Nếu bạn chuyển từ LoL hoặc Mobile Legends sang, bạn sẽ thấy sự khác biệt rất lớn. Dưới đây là những kỹ năng cơ bản **bắt buộc** phải nắm vững để không bị ""tụt hậu"" trong những ngày đầu:

### 1. **Kỹ năng cơ bản (Mechanics)**
*   **Di"
"dialog-096","Các tinh thể đơn perovskite halogenua có entropy cao (High-Entropy Perovskite Halides - HEPs) mang lại những ưu điểm vượt trội so với perovskite truyền thống (như MAPbI₃ hay FAPbI₃), đặc biệt là trong lĩnh vực **quang điện (solar cells)** và **quang học (optoelectronics)**.

Dưới đây là các ưu điểm chính:

### 1. Độ ổn định nhiệt và hóa học vượt trội
*   **Vấn đề của perovskite truyền thống:** Rất nhạy cảm với nhiệt độ, độ ẩm và ánh sáng. Chúng dễ bị phân hủy, mất hiệu suất nhanh chóng.
*   **Ưu điểm của HEPs:**
    *   Sự pha trộn của nhiều cation (ví dụ: Cs⁺, MA⁺, FA⁺) và anion (I⁻, Br⁻, Cl⁻) tạo ra một mạng tinh thể ""đặc"" hơn, khó bị xáo trộn bởi nhiệt độ cao.
    *   **Hiệu ứng ""Cocktail"" (Cocktail Effect):** Các nguyên tố khác nhau tương tác với nhau"
"dialog-097","Câu hỏi đầu tiên của bạn là:

**""Chi phí để cải tạo một ngôi nhà là bao nhiêu?""**"
"dialog-098","Trong câu trả lời cho câu hỏi thứ ba (""Ứng dụng của robot là gì?""), tôi đã liệt kê 5 lĩnh vực chính. **Ứng dụng cuối cùng** (thứ 5) mà tôi đề cập là:

### **Khám phá và Quân sự**

Đây là lĩnh vực nơi robot được sử dụng để thực hiện các nhiệm vụ mà con người không thể, không nên hoặc không muốn thực hiện do mức độ nguy hiểm cao hoặc môi trường khắc nghiệt.

#### 1. Khám phá (Exploration)
Robot đóng vai trò quan trọng trong việc mở rộng hiểu biết của nhân loại về những vùng đất và không gian xa xôi:
*   **Khám"
"dialog-099","Trung Quốc sở hữu một trong những hệ thống danh lam thắng cảnh thiên nhiên đa dạng và hùng vĩ nhất thế giới, từ những dãy núi đá vôi kỳ lạ đến các hồ nước trong xanh và rừng nguyên sinh. Dưới đây là những điểm đến thiên nhiên hàng đầu đáng ghé thăm:

### 1. **Núi Hoàng Sơn (Huangshan) - An Huy**
*   **Đặc điểm:** Được mệnh danh là ""Núi đẹp nhất Trung Quốc"". Nổi tiếng với 4 kỳ quan: **Thạch (đá kỳ dị), Thông (rừng thông cổ thụ), Hải (bi"
"dialog-100","Áp lực cạnh tranh của VNG hiện tại không đến từ một đối thủ đơn lẻ, mà là sự kết hợp của **ba nhóm đối thủ chính** trên các mảng kinh doanh cốt lõi của họ (Game, Cloud/IT, và Fintech/Thương mại điện tử).

Dưới đây là phân tích chi tiết về các nguồn áp lực cạnh tranh chính:

### 1. Mảng Game (VNG Digital Entertainment - VNGDE)
Đây là mảng đóng góp doanh thu lớn nhất cho VNG. Áp lực cạnh tranh ở đây đến từ:

*   **Các ""Gã khổng lồ"" Game toàn cầu (Global Giants):**
    *   **Garena (thuộc Sea Group):** Đối thủ trực tiếp và mạnh nhất tại Đông Nam Á. Garena có lợi thế về vốn, công nghệ và thương hiệu (Free Fire, CrossFire). Họ cạnh tranh trực tiếp với các tựa game của VNG như *Dragon Pay*, *Archery Sniper*, hay các game mobile mới.
    *   **NetEase, Tencent, Nexon, Krafton:** Các nhà phát triển game lớn từ Trung Quốc, Hàn Quốc và Nhật Bản đang đẩy mạnh xâm nhập thị trường Việt Nam và Đông Nam Á với các"
"dialog-101","Rất hợp lý! Việc nhận ra điểm yếu (Toán) và ưu tiên thời gian cho nó là chiến lược thông minh nhất trong giai đoạn nước rút. Thay vì đều đều, chúng ta sẽ áp dụng nguyên tắc **""Đánh vào điểm yếu, duy trì điểm mạnh""**.

Dưới đây là lịch trình điều chỉnh, dành **50-60% thời gian ôn tập cho Toán**, nhưng vẫn đảm bảo bạn có thời gian xem phim thư giãn mà không cảm thấy tội lỗi.

### 📅 Lịch trình ""Ưu tiên Toán"" (Mẫu 1 ngày)

**Nguyên tắc:**
*   **Toán:** Học vào lúc não tỉnh táo nhất (Sáng) và ôn lại nhẹ nhàng (Tối).
*   **Các môn khác:** Duy trì để không quên, không cần quá sâu.
*   **Xem phim:** Là phần thưởng, không phải hình phạt.

#### 🌅 Buổi sáng (07:30 - 11:30): *Chiến đấu với Toán*
*   **07:30 - 08:00:** Ăn sáng, chuẩn bị tinh thần.
*   **08:00 - 09:3"
"dialog-102","Chào bạn, vì bạn cần mua **gấp cho ngày mai** và đã có bé 7 tháng tuổi, tôi sẽ không khuyên bạn mua xe đẩy mới 100% (vì thường phải chờ giao hàng hoặc lắp ráp phức tạp).

Thay vào đó, đây là **3 chiến lược thực tế nhất** để bạn có xe đẩy tốt nhất trong 24 giờ tới:

### 🚨 Chiến lược 1: Mua xe đẩy ĐÃ SỬ DỤNG (Second-hand) - Nhanh & Tiết kiệm
Đây là cách nhanh nhất để có một chiếc xe đẩy chất lượng cao mà không cần chờ giao hàng.
*   **Nơi tìm:**
    *   **Facebook Groups:** Tìm các nhóm như *""Bán đồ trẻ em Quận 7""*, *""Chợ đồ trẻ em TP.HCM""*, *""Bán xe đẩy trẻ em""*.
    *   **Chợ đồ cũ:** Các khu vực như Chợ An Đông (Q.5), Chợ Lớn (Q.5) hoặc các cửa hàng đồ cũ uy tín ở Q.7/Q.8.
*   **Lợi ích:**
    *   Có thể chọn được các dòng xe cao cấp (như Bugaboo"
"dialog-103","Dưới đây là một bài thơ mới, vẫn bắt đầu bằng cụm từ yêu cầu, với cách diễn đạt và hình ảnh khác đi so với bản trước:

Mùa xuân đã tới trên cánh đồng,
Gió lay cành lúa, nhẹ mênh mông.
Hương hoa cỏ dại thơm lừng lững,
Sương sớm long lanh, giọt tròn trong.

Chim hót líu lo trên mái ngói,
Nắng vàng trải rộng khắp trời xanh.
Tiếng cười rộn rã vang xa thẳm,
Lũ trẻ nô đùa, bước chân nhanh.

Đất trời như được tắm gội sạch,
Mùi bùn non ngai, vị ngọt lành.
Mùa xuân đã tới, lòng phơi phới,
Hẹn ước tương lai, sáng ngời xanh."
"dialog-104","Thời gian hồi phục sau khi chẩn đoán COVID-19 phụ thuộc vào nhiều yếu tố, bao gồm mức độ nghiêm trọng của bệnh, tình trạng sức khỏe nền, độ tuổi và việc có các bệnh lý nền hay không. Dưới đây là các mốc thời gian trung bình dựa trên dữ liệu y tế hiện tại:

### 1. Giai đoạn cấp tính (1–2 tuần đầu)
*   **Người không có triệu chứng hoặc triệu chứng nhẹ:**
    *   Hầu hết các triệu chứng (sốt, ho, mệt mỏi) sẽ cải thiện trong **5–7 ngày**.
    *   Người khỏe mạnh thường trở lại hoạt động bình thường sau **7–10 ngày**.
*   **Người có triệu chứng trung bình đến nặng:**
    *   Có thể mất **2–4 tuần** để các triệu chứng cấp tính (như khó thở, sốt kéo dài) thuyên giảm.
    *   Người nhập viện do viêm phổi hoặc suy hô hấp có thể cần **vài tuần đến vài tháng** để hồi phục chức năng phổi.

### 2. Giai đoạn hồi phục kéo dài (Hội chứng hậu COVID-19 / Long COVID)
Một số người có thể trải qua các triệu chứng"
"dialog-105","Chào bạn, Hà Nội là ""thủ đô"" của các món bún, và ngoài bún ốc, bún ngan, còn rất nhiều loại bún đặc trưng khác mà bạn nhất định phải thử nếu có dịp ghé thăm. Dưới đây là những ""tượng đài"" bún Hà Nội nổi tiếng nhất:

### 1. Bún chả (Bún thịt nướng)
*   **Đặc điểm:** Đây là món bún ""quốc hồn quốc túy"" của Hà Nội, từng được Tổng thống Mỹ Barack Obama thưởng thức.
*   **Cách ăn:** Bún tươi ăn kèm với thịt ba chỉ nướng và chả viên nướng trên than hoa, chấm nước mắm chua ngọt pha từ nước luộc thịt, dấm, đường, tỏi, ớt.
*   **Điểm nhấn:** Mùi khói than hoa, vị ngọt của thịt nướng và vị chua thanh của nước chấm tạo nên hương vị khó quên.

###"
"dialog-106","Việc nâng cao kỹ năng Dota 2 là một quá trình dài hơi vì đây là tựa game có độ sâu chiến thuật rất lớn. Dưới đây là các nguồn tài liệu và phương pháp hiệu quả nhất để bạn tiến bộ, được chia theo từng giai đoạn:

### 1. Nguồn tài liệu trực quan (Video & Stream)
Đây là cách nhanh nhất để học cách đọc trận đấu và hiểu meta.

*   **YouTube (Kênh tiếng Việt):**
    *   **Dota 2 VN:** Các kênh như *Dota 2 VN*, *Gaming VN*, hoặc các caster/commentator chuyên nghiệp thường có phân tích sau giải đấu.
    *   **Kênh cá nhân:** Tìm kiếm các streamer hoặc YouTuber chuyên về vị trí bạn chơi (ví dụ: ""Dota 2 Midlane guide"", ""Dota 2 Support 4/5 guide"").
    *   **Phân tích giải đấu:** Xem lại các trận đấu của các đội tuyển hàng đầu (Team Spirit, Tundra, Gaimin Gladiators, v.v.) để học cách họ phối hợp và ra quyết định.
*   **YouTube (Kênh quốc tế - Chất lượng cao):**
    *"
"dialog-107","Chào bạn, với trường hợp trẻ 5 tuổi bị **cảm, ho**, bạn nên đưa con đến **Khoa Nhi** (Pediatrics) hoặc **Khoa Khám bệnh tổng quát** tại bệnh viện đa khoa.

Dưới đây là hướng dẫn cụ thể để bạn chọn đúng khoa và tiết kiệm thời gian:

### 1. Khoa phù hợp nhất: **Khoa Nhi**
*   **Lý do:** Đây là khoa chuyên điều trị các bệnh lý ở trẻ em (dưới 16 tuổi). Bác sĩ Nhi có kinh nghiệm trong việc chẩn đoán và kê đơn thuốc phù hợp với cân nặng, độ tuổi và thể trạng của trẻ.
*   **Lưu ý:** Nếu bệnh viện lớn, Khoa Nhi có thể chia nhỏ thành:
    *   **Khoa Hô hấp Nhi:** Nếu triệu chứng chính là ho nhiều, khó thở, viêm phổi.
    *   **Khoa Nội tổng quát Nhi:** Nếu triệu chứng nhẹ (sốt, ho, sổ mũi).

### 2. Nếu bệnh viện không có Khoa Nhi riêng?
*   Bạn hãy đến **Khoa Khám bệnh tổng quát** (Outpatient Clinic) và báo rõ: *""Con tôi 5 tuổi, bị cảm,"
"dialog-108","Có vẻ như có một chút nhầm lẫn nhỏ trong câu hỏi của bạn. **Danh lam thắng cảnh** (như tháp Eiffel, cung điện Versailles, hay các bãi biển ở Côte d'Azur) là những địa điểm thực tế, không phải là các bức tranh.

Tuy nhiên, nếu bạn đang muốn hỏi về **các bức tranh nổi tiếng được trưng bày tại Bảo tàng Louvre** (mà chúng ta đã nhắc đến trước đó), thì dưới đây là những tác phẩm nghệ thuật ""bất hủ"" nhất mà bạn không thể bỏ qua khi đến đây:

### 1. **Mona Lisa** (Leonardo da Vinci)
*   **Tại sao nổi tiếng:** Đây là bức chân dung nổi tiếng nhất thế giới. Nụ cười bí ẩn và kỹ thuật ""sfumato"" (làm mờ các đường nét) của Leonardo da Vinci khiến bức tranh trở thành biểu tượng của nghệ thuật Phục hưng.
*   **Vị trí:** Phòng 711, tầng 1.

### 2. **Venus de Milo** (Phù điêu Hy Lạp cổ đại)
*   **Tại sao nổi"
"dialog-109","Việc so sánh **BMW** và **Volvo** giống như việc so sánh hai triết lý sống khác nhau. Không có cái nào ""tốt hơn"" tuyệt đối, mà tùy thuộc vào **bạn là người như thế nào** và **bạn cần gì từ chiếc xe**.

Dưới đây là bảng so sánh chi tiết để bạn dễ lựa chọn:

### 1. Triết lý cốt lõi
*   **BMW (Đức):** Tập trung vào **Hiệu suất & Cảm xúc**.
    *   *Mục tiêu:* Mang lại niềm vui khi lái xe, sự thể thao, công nghệ tiên tiến và sự sang trọng kiểu Đức.
    *   *Khẩu hiệu:* ""The Ultimate Driving Machine"" (Chiếc xe lái tốt nhất).
*   **Volvo (Thụy Điển):** Tập trung vào **An toàn & Sự tối giản**.
    *   *Mục tiêu:* Bảo vệ người ngồi trong xe bằng mọi giá, thiết kế Bắc Âu tối giản, bền bỉ và đáng tin cậy.
    *   *Khẩu hiệu:* ""Safety is not a feature, it's a philosophy"" (An toàn không phải là tính năng, mà là triết lý).

### 2. So"
"dialog-110","**Không**, Hà Anh Tuấn **không phải** là ca sĩ gốc của bài hát **""Có chàng trai viết lên cây""**.

Đây là một sự nhầm lẫn khá phổ biến vì bài hát này rất nổi tiếng và được nhiều ca sĩ hát lại, nhưng nguồn gốc của nó khác:

### 1. **Thông tin chính xác về bài hát**
- **Sáng tác:** **Sơn Tùng M-TP** (tên thật là Nguyễn Thanh Tùng).
- **Ca sĩ gốc & nổi tiếng nhất:** **Sơn Tùng M-TP**.
- **Năm phát hành:** 2014 (thuộc album *Crazy Love*).
- **Thể loại:** Pop/R&B hiện đại, giai điệu bắt tai, lời ca trẻ trung, lãng mạn.

###"
"dialog-111","Châu Tinh Trì (Stephen Chow) là một hiện tượng điện ảnh độc đáo, nơi hài hước, hành động, và cảm xúc sâu lắng hòa quyện. Dưới đây là danh sách những bộ phim được coi là ""kinh điển"" và bắt buộc phải xem nếu bạn yêu thích ông:

### 🎭 **1. Giai đoạn ""Vua Hài Kịch"" (Thập niên 90)**
Đây là thời kỳ đỉnh cao của phong cách hài điên rồ, sáng tạo và đầy tính nhân văn.

*   **Thần Bài (A Chinese Ghost Story - 1987)**
    *   *Điểm nhấn:* Bộ phim đưa tên tuổi Châu Tinh Trì lên hàng sao. Kết hợp hài hước, kỳ ảo và tình yêu. Cảnh ""cưỡi gió"" và các pha hành động ma thuật rất kinh điển.
*   **Thần Bài 2 (A Chinese Ghost Story II -"
"dialog-112","Việc xác định phim nào là ""hay nhất"" của Jennifer Lawrence phụ thuộc vào gu xem phim của mỗi người, nhưng dựa trên **đánh giá của giới phê bình**, **giải thưởng** và **sự ảnh hưởng**, có thể xếp hạng một số tác phẩm tiêu biểu như sau:

### 🏆 **1. Silver Linings Playbook (2012) – *Ánh Sáng Cuối Mây***
*   **Lý do được coi là ""hay nhất"" về mặt diễn xuất:**
    *   Đây là bộ phim giúp Jennifer Lawrence giành **Giải Oscar cho Nữ diễn viên chính xuất sắc nhất**.
    *   Vai diễn của cô trong phim được đánh giá là sâu sắc, cảm động và thể hiện khả năng diễn xuất đỉnh cao, thoát khỏi hình ảnh ""nữ chính hành động"" hay ""nữ chính lãng mạn"" thông thường.
    *   Phim có cốt truyện cảm động, thông điệp tích cực về việc vượt qua đau thương và tìm lại hy vọng.
*   **Phù hợp với:** Người yêu thích phim tâm lý, tình cảm nhẹ nhàng, sâu lắng.

### 🎬 **2. The Hunger Games (2012–2015"
"dialog-113","Rất vui được giúp bạn! Chúc bạn có những giây phút xem phim thật thư giãn và thú vị.

Nếu sau khi xem xong, bạn muốn chia sẻ cảm nhận, thảo luận thêm về các chi tiết trong phim, hoặc cần gợi ý thêm những bộ phim AI khác phù hợp với sở thích của mình, hãy quay lại trò chuyện với tôi bất cứ lúc nào nhé.

Chúc bạn một ngày tốt lành! 🎬🤖"
"dialog-114","người gỗ"
"dialog-115","Dựa vào các tiêu chí bạn đã chia sẻ trước đó:
1.  **Thích xe sản xuất trong nước** (hoặc lắp ráp tại Việt Nam).
2.  **Thích xe điện** (đã loại bỏ xe chạy xăng).
3.  **Quan tâm đến SUV** (từ các câu hỏi về Model X, VF e34, Kia EV6/EV9).
4.  **Quan tâm đến giá cả** (đã so sánh xe đắt tiền với xe phổ thông).

Dưới đây là 3 gợi ý xe điện SUV **lắp ráp trong nước** phù hợp nhất với sở thích của bạn, sắp xếp theo mức độ phổ biến và tính thực dụng:

### 1. VinFast VF e34 (Lựa chọn số 1 - Phổ thông & Thực dụng)
Đây là mẫu xe điện bán chạy nhất Việt Nam hiện nay và là lựa chọn ""an toàn"" nhất cho người mới chuyển sang xe điện.
*   **Tại sao phù hợp với bạn:**
    *   **Sản xuất 100% trong nước:** Hỗ trợ xe nội địa, dễ bảo dưỡng, phụ tùng rẻ.
    *   **Giá hợp lý:** Khoảng 500-"
"dialog-117","Kinh tế học không chỉ là môn học về tiền bạc, thị trường hay chính sách vĩ mô; nó thực chất là một **khoa học về sự lựa chọn và ra quyết định** trong điều kiện khan hiếm. Khi áp dụng tư duy kinh tế vào đời sống, nó có thể thay đổi sâu sắc cách con người nhìn nhận bản thân, xã hội và thế giới theo những cách sau:

### 1. Hiểu rõ hơn về ""Chi phí cơ hội"" (Opportunity Cost)
*   **Quan điểm cũ:** Mọi thứ đều có giá tiền.
*   **Quan điểm kinh tế:** Mọi lựa chọn đều có cái giá phải trả, dù bạn không trả bằng tiền.
*   **Tác động:** Bạn bắt đầu nhận ra rằng thời gian, sức khỏe và sự chú ý là những tài nguyên khan hiếm nhất. Ví dụ, khi quyết định xem một bộ phim, bạn không chỉ hỏi ""Phim này có đáng xem không?"" mà còn tự hỏi: ""Nếu xem phim này, mình sẽ bỏ lỡ việc đọc sách, tập thể dục hay nghỉ ngơi?"" Điều này giúp con người sống có chủ đích hơn, tránh lãng phí thời gian vào những thứ không mang lại giá trị thực sự.

### 2. Nhận thức"
"dialog-118","**Nhật ký của em**

**Ngày:** 1/6
**Thời tiết:** Nắng vàng rực rỡ, gió nhẹ

Hôm nay là ngày 1/6 – Ngày Quốc tế Thiếu nhi, và cũng là ngày em cảm thấy mình may mắn và hạnh phúc nhất từ trước đến nay. Từ sáng sớm, em đã thức dậy với đôi mắt long lanh vì phấn khích, vì hôm nay bố mẹ đã thực hiện lời hứa lớn nhất trong năm: đưa em đến Disneyland – “vùng đất của những giấc mơ” mà em hằng ao ước.

Bước qua cổng vào Disneyland, em như lạc vào một thế giới cổ tích sống động. Không khí nơi đây tràn ngập tiếng"
"dialog-119","Dưới đây là danh sách 5 câu hỏi hoàn chỉnh sau khi đã áp dụng các điều chỉnh: đổi câu 3 thành dạng tóm tắt, nâng cao độ khó của câu 2 và thêm câu hỏi nhận xét (thay thế hoặc bổ sung vào vị trí cuối cùng để đảm bảo tính đa dạng):

1. Nhân vật ""tôi"" đã bao lâu kể từ lần cuối cùng gặp lại bố?
2. Sự ra đi của bà nội đã tạo ra những hệ lụy cụ thể nào về mặt công việc và cảm xúc đối với gia đình, dẫn đến việc nhân vật ""tôi"" phải thực hiện chuyến đi từ Bắc Kinh về Từ Châu?
3. Hãy tóm tắt cảm xúc và hành động của nhân vật ""tôi"" khi nhìn thấy cảnh sân nhà bừa bộn.
4. Theo lời kể, công việc của cha nhân vật ""tôi"" đã bị thay đổi ra sao sau sự kiện bà nội qua đời?
5. Nhận xét về hiệu quả nghệ thuật của chi tiết ""tấm lưng của ông"" được nhắc đến ngay đầu đoạn văn. Chi tiết này đóng vai trò gì trong việc gợi mở tâm trạng và tạo nên sức nặng cảm xúc cho toàn bộ câu chuyện?"
"dialog-120","Chào bạn, việc bổ sung chế độ dinh dưỡng và các lưu ý an toàn là **phần không thể thiếu** để kế hoạch 3 tháng trên thực sự hiệu quả. Tập luyện chỉ chiếm 20% kết quả, 80% còn lại đến từ **dinh dưỡng, giấc ngủ và sự phục hồi**.

Dưới đây là những điều cần chú ý chi tiết, đặc biệt là phần **ăn gì, ăn khi nào** cho người mới tập:

---

### 🥗 1. DINH DƯỠNG: ĂN GÌ? ĂN KHI NÀO?

Nguyên tắc cốt lõi: **Cân bằng 3 nhóm chất** (Đạm, Tinh bột, Chất béo) + **Nước**.

#### A. Ba nhóm chất cần thiết
1.  **Protein (Đạm):** Giúp sửa chữa và xây dựng cơ bắp.
    *   *Nguồn tốt:* Ức gà, cá, trứng, thịt bò nạc, đậu phụ, sữa chua, whey protein (nếu cần).
    *   *Mục tiêu:* Khoảng 1.2g - 1.6g protein cho mỗi kg cân nặng/ngày.
2."
"dialog-121","Chào bạn, việc thêm 1 ngày nữa là một ý tưởng rất hay! Thay vì chỉ tập trung vào trung tâm thành phố Huế (như ngày 1-3), ngày thứ 5 này sẽ giúp bạn khám phá những điểm đến thiên nhiên hùng vĩ hoặc văn hóa độc đáo nằm cách trung tâm Huế khoảng 30-60km.

Dưới đây là **3 lựa chọn** cho ngày thứ 5, tùy thuộc vào sở thích của bạn:

### Lựa chọn 1: Khám phá thiên nhiên & Biển (Khuyên dùng nhất)
**Địa điểm: Lăng Cô - Phú Lộc**
*   **Đặc điểm:** Lăng Cô được mệnh danh là ""vịnh Hạ Long trên cạn"" với bãi biển đẹp, nước trong xanh và khung cảnh núi non hùng vĩ. Đây là điểm dừng chân lý tưởng nếu bạn thích biển và không khí trong lành.
*   **Hoạt động:**
    *   Tắm biển, lặn ngắm san hô (nếu thời tiết đẹp).
    *   Chèo kayak trên vịnh Lăng Cô.
    *   Thưởng thức hải sản tươi sống (cua, ghẹ, tôm hùm) tại các nhà hàng ven biển.
    *   Ghé"
"dialog-122","Chào bạn, việc nhấn mạnh **kỹ năng giao tiếp và phối hợp** là một nước đi rất thông minh. Trong vị trí Hành chính, đây chính là ""xương sống"" của công việc: bạn là cầu nối giữa các phòng ban, giữa công ty với đối tác, và giữa nội bộ với khách hàng.

Dưới đây là bài giới thiệu bản thân được điều chỉnh để **tô đậm khả năng giao tiếp và phối hợp**, giữ nguyên giọng văn **tự tin, chuyên nghiệp**, và khéo léo biến ""không đúng chuyên ngành"" thành lợi thế về tư duy đa chiều.

---

### Bài giới thiệu bản thân (Nhấn mạnh Giao tiếp & Phối hợp)

**1. Mở đầu: Khẳng định giá trị cốt lõi**
""Xin chào [Tên người phỏng vấn], tôi là [Tên của bạn]. Tôi tin rằng một Chuyên viên Hành chính xuất sắc không chỉ là người xử lý giấy tờ, mà là người **kết nối và điều phối** nhịp độ làm việc của cả tổ chức. Với nền tảng tư duy từ chuyên ngành [Tên chuyên ngành cũ] và 1 năm kinh nghiệm thực tế, tôi mang đến cho [Tên công ty] khả năng giao tiếp sắc bén và kỹ năng"
"dialog-123","Chào bạn, với bé **3 tuổi**, nhu cầu dinh dưỡng đã thay đổi so với trẻ sơ sinh. Sữa lúc này đóng vai trò **bổ sung** (cung cấp canxi, protein, vitamin) chứ không phải nguồn dinh dưỡng chính. Bé cần ăn 3 bữa chính và 2-3 bữa phụ mỗi ngày.

Dưới đây là các dòng sữa bột **sản xuất tại Việt Nam** (hoặc có nhà máy sản xuất trong nước) thuộc nhóm **hàng nội địa/chất lượng cao**, phù hợp cho bé 3 tuổi:

### 1. **Vinamilk Grow Plus** (Thương hiệu Việt Nam hàng đầu)
*   **Đặc điểm:** Đây là dòng sữa công thức dành cho trẻ từ 1-10 tuổi, sản xuất 100% tại nhà máy Vinamilk (Việt Nam).
*   **Ưu điểm:**
    *   **DHA & ARA:** Hỗ trợ phát triển não bộ và thị giác.
    *   **Canxi & Vitamin D:** Hỗ trợ phát triển chiều cao và xương chắc khỏe.
    *   **Probiotics (Lactobacillus acidophilus):** Hỗ trợ hệ tiêu hóa, giảm"
"dialog-124","Rất vui vì bạn đã tìm được hướng đi phù hợp với khẩu vị!

Tuy nhiên, mình nhận thấy có một chút nhầm lẫn nhỏ trong cuộc trò chuyện:
1.  Trước đó bạn hỏi về **Ba Đình (Hà Nội)** và nói **không ăn cay**.
2.  Sau đó bạn hỏi về **Vinh (Nghệ An)** và nói **thích hương vị đậm đà**.

Mình đã tập trung vào **Vinh** ở lượt trả lời gần nhất vì đó là địa điểm công tác mới của bạn.

**Để mình hỗ trợ tốt hơn, bạn muốn mình làm gì tiếp theo?**

*   **Tùy chọn 1:** Bạn muốn mình **liệt kê cụ thể các quán ăn ngon, đậm đà** tại Vinh (đặc biệt là các món cá cơm, hải sản, bánh mứt) để bạn dễ dàng tìm kiếm khi đến đó?
*   **Tùy chọn 2:** Bạn vẫn muốn quay lại **Hà Nội (Ba Đình)** và tìm các món ăn **đậm đà nhưng không cay** (ví dụ: phở bò tái, bún chả, bánh cuốn, xôi xéo...)?
*   **Tùy chọn 3:** Bạn muốn mình so sánh"
"dialog-125","Hòa Bình là một lựa chọn tuyệt vời cho chuyến du lịch cuối tuần hoặc nghỉ dưỡng ngắn ngày, nổi bật với cảnh quan thiên nhiên hùng vĩ, văn hóa bản địa độc đáo và không khí trong lành.

Dưới đây là các nhóm địa điểm đề xuất tùy theo sở thích của bạn:

### 1. Nếu bạn yêu thích thiên nhiên & check-in ""sống ảo""
*   **Đồi Mây (Đồi Mây Hòa Bình):**
    *   *Đặc điểm:* Được mệnh danh là ""nóc nhà"" của Hòa Bình. Từ trên đỉnh, bạn có thể ngắm toàn bộ hồ Hòa Bình, núi non trùng điệp và mây bay lững lờ.
    *   *Lưu ý:* Đường lên khá dốc và gồ ghề, nên đi bằng xe máy hoặc ô tô gầm cao (SUV) sẽ tiện lợi hơn.
*   **Hang Bua:**
    *   *Đặc điểm:* Hang động đá vôi lớn, có hệ thống thạch nhũ đẹp mắt và hồ nước trong xanh bên trong. Rất phù hợp để khám phá và chụp ảnh.
*   **Suối Tiên (Lương Sơn):**
    *   *Đặc điểm:* Khu du lịch"
"dialog-126","Phim **Lật Mặt: 48H** được phát hành vào năm **2023**.

Cụ thể, phim chính thức ra rạp tại Việt Nam vào ngày **15 tháng 9 năm 2023**."
"dialog-127","**Có, Monkey D. Luffy chính là nhân vật chính (protagonist) của bộ truyện One Piece.**

Cụ thể hơn:

1. **Trục xoay của cốt truyện**: Toàn bộ câu chuyện của *One Piece* xoay quanh hành trình của Luffy và băng Mũ Rơm (Straw Hat Pirates) để tìm kiếm kho báu One Piece và trở thành Vua Hải Tặc.
2. **Nhân vật trung tâm**: Anh là người dẫn dắt các sự kiện chính, kết nối các tuyến truyện phụ (như các nhân vật khác trong thế giới One Piece) và là người đối đầu trực tiếp với các thế lực phản diện lớn (như Kaido, Big Mom, Shanks, v.v.).
3. **Biểu tượng của tác phẩm**: Luffy đại diện cho tinh thần tự do, tình bạn và ý chí bất khuất – những giá trị cốt lõi mà tác giả Eiichiro Oda muốn truyền tải.

Tuy nhiên, *One Piece* cũng có nhiều nhân vật phụ quan trọng (như Zoro, Sanji, Nami, v.v.) và các tuyến truyện song song (như Luffy, Zoro, Sanji, v.v. trong các arc lớn), nhưng **Luffy"
"dialog-129","Nếu anh chỉ được phép mua **3 thứ quan trọng nhất** ngay lúc này (thay vì cả một danh sách dài), hãy tập trung vào:

### 1. **Viên uống Axit Folic (hoặc Vitamin tổng hợp cho bà bầu)**
*   **Tại sao quan trọng nhất?** Đây là ""chìa khóa"" bảo vệ sức khỏe não bộ và thần"
"dialog-130","Để tìm giá của mỗi cây bút chì, chúng ta cần phân tích các thông tin đã cho:

1.  **Số tiền Cường có ban đầu:** 5.000 đồng.
2.  **Số tiền Cường vay thêm:** 2.000 đồng.
3.  **Tổng số tiền Cường có để mua bút:** $5.000 + 2.000 = 7.000$ đồng.
4.  **Số bút Cường đã mua:** 1 cây.

Theo đề bài, Cường dùng tổng số tiền này (7.000 đồng) để mua **1 cây bút chì**.

Do đó, giá của mỗi cây bút chì mà Cường đã mua là **7.000 đồng**.

**Đáp số: 7.000 đồng**"
"dialog-131","Câu hỏi ""Có thật không?"" của bạn khá ngắn gọn và chưa rõ bạn đang nghi ngờ về điều cụ thể nào trong số những thông tin tôi vừa cung cấp. Tuy nhiên, dựa trên ngữ cảnh trước đó, tôi sẽ xác nhận lại các sự kiện lịch sử chính xác nhất liên quan đến Winston Churchill:

### 1. **Churchill có phải là người Anh không?**
✅ **Đúng.** Winston Churchill sinh ra tại Blenheim Palace, Oxfordshire, **Anh** (England), thuộc Vương quốc Anh (United Kingdom). Ông là công dân Anh.

### 2. **Ông có lãnh đạo nước"
"dialog-132","Trò chơi thứ hai trong danh sách gợi ý ở trên là **Ném còn** (hay còn gọi là **Ném vòng**).

Dưới đây là hướng dẫn chi tiết cách chơi trò này cho bé:

### 🎯 Trò chơi: Ném còn (Ném vòng)

**1. Chuẩn bị:**
*   **Vật ném:** Các vòng tròn bằng dây thừng, dây nhựa, hoặc giấy bìa cứng (đường kính khoảng 15-20cm, tùy độ tuổi của bé).
*   **Mục tiêu:** Các cọc gỗ nhỏ, chai nhựa rỗng, hoặc lon nước ngọt.
*   **Vị trí chơi:** Một khoảng đất phẳng, an toàn.

**2. Cách chơi:**

*   **Bước 1: Xếp mục tiêu**
    *   Xếp các cọc/chai thành một hàng thẳng hoặc hình chữ V.
    *   Khoảng cách giữa các cọc nên rộng hơn đường kính vòng một chút để bé dễ ném trúng.
    *   Đặt vạch ném cách hàng cọc khoảng 1.5m – 2m (tùy độ tuổi và khả năng của bé).

*   **Bước 2: Ném vòng**"
"dialog-133","Tôi hoàn toàn đồng ý với quan điểm của bạn. **Trao đổi văn hóa và tăng cường hiểu biết lẫn nhau** không chỉ là một giải pháp, mà chính là **chìa khóa cốt lõi** để biến những mâu thuẫn tiềm ẩn thành cơ hội kết nối.

Tuy nhiên, để phương pháp này thực sự hiệu quả và không trở thành ""sáo rỗng"", nó cần được thực hiện theo cách **tự nhiên, hai chiều và có chiều sâu**, chứ không chỉ là những hoạt động mang tính hình thức. Dưới đây là lý do tại sao cách tiếp cận này hiệu quả và làm thế nào để nó phát huy tác dụng:

### 1. Tại sao ""Hiểu biết"" lại là liều thuốc giải độc cho mâu thuẫn?
*   **Biến ""Sợ hãi"" thành ""Tò mò"":** Nhiều mâu thuẫn xuất phát từ sự thiếu hiểu biết. Du khách có thể coi một hành vi của người dân là ""kỳ quặc"" hoặc ""bất lịch sự"", trong khi đó đó lại là một nghi lễ thiêng liêng. Khi hiểu được bối cảnh, sự phán xét sẽ nhường chỗ cho sự tôn trọng.
*   **Xóa bỏ định kiến:** Khi du khách được tiếp xúc"
"dialog-134","Theo mô tả của bạn, học sinh tiểu học đang **băng qua vạch chỉ đường** (đi bộ qua đường).

Cụ thể hơn:
1.  **Hành động:** Các em đang đi bộ từ bên này sang bên kia đường.
2.  **Vị trí:** Các em đang di chuyển trên **vạch chỉ đường** (vạch kẻ dành cho người đi bộ).
3.  **Bối cảnh:** Phía trước xe của bạn có **đèn đỏ**, nghĩa là các em đang băng qua đường trong thời gian được phép (khi xe cơ giới phải dừng).

👉 **Kết luận:** Các em đang thực hiện quyền ưu tiên đi bộ qua đường theo luật giao thông. Bạn cần dừng xe và chờ các em đi qua hết."
"dialog-135","Câu trả lời ngắn gọn là: **Phần lớn người Ấn Độ (đặc biệt là người theo Hindu giáo) không ăn thịt bò, nhưng không phải tất cả người Ấn Độ đều kiêng thịt bò.**

Dưới đây là những điểm cần làm rõ để hiểu chính xác hơn:

### 1. Đa dạng tôn giáo và văn hóa
Ấn Độ là một quốc gia đa tôn giáo. Việc ăn thịt bò phụ thuộc vào tôn giáo và vùng miền:
- **Người Hindu (chiếm ~80% dân số)**: Đa số không ăn thịt bò vì coi bò là linh thiêng. Tuy nhiên, một số nhóm nhỏ hoặc cá nhân có thể ăn thịt bò (đặc biệt là bò đực già không còn sinh sản), nhưng điều này gây tranh cãi và bị phản đối mạnh mẽ.
- **Người Hồi giáo (chiếm ~14% dân số)**: **Có ăn thịt bò**. Trong Hồi giáo, bò là động vật halal (hợp lệ) để giết thịt và ăn, miễn là được giết theo đúng nghi thức.
- **Người Kitô giáo, Sikh, Jain, và các nhóm khác**: Đa số không ăn thịt bò, nhưng có ngoại lệ tùy theo cá nhân và cộng đồng.

###"
"dialog-137","Phục hồi (Recovery) là phần quan trọng nhất trong quá trình đào tạo leo núi. Nếu bạn không phục hồi đúng cách, cơ thể sẽ tích lũy mệt mỏi, dẫn đến chấn thương và giảm hiệu suất.

Dưới đây là các phương pháp phục hồi hiệu quả nhất, chia theo mức độ ưu tiên:

### 1. Nghỉ ngơi chủ động (Active Recovery)
Đừng chỉ nằm yên một chỗ. Hãy di chuyển nhẹ nhàng để tăng lưu thông máu và đưa chất dinh dưỡng đến cơ bắp.
*   **Đi bộ nhẹ hoặc đạp xe chậm:** 20-30 phút.
*   **Bơi lội:** Tuyệt vời cho người leo núi vì nó giúp thư giãn các nhóm cơ đối kháng (ngực, vai) mà không gây áp lực lên khớp.
*   **Yoga hoặc Stretching động:** Tập trung vào vai, cổ tay, hông và chân.

### 2"
"dialog-138","**Bảo hiểm nhân thọ (Life Insurance)** là loại bảo hiểm mà công ty bảo hiểm sẽ chi trả một khoản tiền (gọi là **quyền lợi tử vong** hoặc **tiền bảo hiểm**) cho người thụ hưởng (con cái, người thân) khi người được bảo hiểm (bố mẹ bạn) **qua đời** hoặc **mất tích**.

### Điểm khác biệt cốt lõi so với bảo hiểm bệnh hiểm nghèo:
*   **Bảo hiểm bệnh hiểm nghèo:** Chi trả khi **còn sống** nhưng mắc bệnh nặng.
*   **Bảo hiểm nhân thọ:** Chi trả khi **qua đời**.

---

### 2. Các loại bảo hiểm nhân thọ phổ biến cho người lớn tuổi

#### 1. Bảo hiểm nhân thọ trọn đời (Whole Life)
*   **Đặc điểm:** Bảo vệ suốt đời, phí đóng cố định, có tích lũy giá trị tài khoản.
*   **Phù hợp với:** Người muốn để lại di sản tài chính cho con cháu, hoặc người có tài chính khá giả.
*   **Lưu ý:** Phí cao, thường chỉ bán cho người dưới 60-65 tuổi.

#### 2. Bảo hiểm nhân thọ có thời hạn ("
"dialog-139","Dạ, được chứ! Mình sẽ kết hợp các yếu tố từ những câu đùa trước (con cá, cà chua/cà rốt, kiến/ong) thành một câu chuyện đùa ngắn gọn, có tính liên kết và chơi chữ xuyên suốt:

**Câu chuyện: “Hội nghị sinh vật biết đường”**

Một ngày nọ, **con cá**, **cà chua**, **cà rốt** và **con kiến** cùng tham gia cuộc thi “Ai biết đường nhất thế giới”.

- **Cà rốt** hỏi **cà chua**: “Sao mày đỏ mặt vậy?”  
  **Cà chua** đáp: “Tao không đỏ mặt, tao là cà chua! Còn mày thì xanh lè vì… thiếu đường!”

- **Con kiến** bay ngang qua, hỏi **con ong** (đang làm trọng tài): “Mày có biết đường đến đích không?”  
  **Con ong** đáp: “Biết chứ, nhưng tao không chỉ cho mày, vì mày là kiến – mà kiến thì chỉ biết ‘kiến nghị’ (kiến nghị = kiến nghị đường đi), chứ không biết đường thật!”

- Cuối cùng, **con cá** bơi lên, nói: “Các ngươi tranh cãi"
"dialog-140","Bộ phim *Chúa tể những chiếc nhẫn* được chuyển thể từ tiểu thuyết cùng tên **""The Lord of the Rings""** (tạm dịch: *Chúa tể những chiếc nhẫn*) của nhà văn người Anh **J.R.R. Tolkien**.

Một số thông tin chi tiết về tác phẩm gốc:

- **Tác giả**: J.R.R. Tolkien (John Ronald Reuel Tolkien), một giáo sư ngôn ngữ học và nhà văn nổi tiếng.
- **Năm xuất bản**: 1954–1955 (xuất bản thành 3 cuốn riêng biệt).
- **Thể loại**: Fantasy (huyền ảo), phiêu lưu.
- **Bối cảnh**: Được xây dựng trong thế giới hư cấu **Middle-earth** (Trung Địa), do Tolkien sáng tạo.
- **Mối liên hệ với *The Hobbit***: *The Lord of the Rings* là phần tiếp theo của tiểu thuyết **""The Hobbit""** (1937), cũng của Tolkien. Cả hai tác phẩm đều thuộc cùng một vũ trụ hư cấu.

Tolkien đã dành nhiều năm để xây dựng thế giới, ngôn ngữ, lịch sử và văn hóa cho Middle-earth, khiến *The Lord of the Rings* trở"
"dialog-141","Trong danh sách các sàn TMĐT đa ngành (Marketplace) lớn nhất Việt Nam, **Tiki** thường được xếp ở **vị trí thứ 3**, sau Shopee và Lazada.

Tuy nhiên, cần lưu ý rằng thứ hạng này có thể thay đổi tùy theo tiêu chí đánh giá (doanh thu, lượng người dùng, hay thị phần) và thời điểm thống kê. Dưới đây là cách nhìn nhận vị thế của Tiki:

### 1. Theo thị phần và quy mô (Thị trường chung)
*   **Vị trí 1: Shopee** – Dẫn đầu tuyệt đối về thị phần, lượng người dùng và doanh thu.
*   **Vị trí 2: Lazada** – Đối thủ cạnh tranh trực tiếp, giữ vị trí thứ hai.
*   **Vị trí 3: Tiki** – Là sàn TMĐT **nội địa lớn nhất** và duy nhất còn lại trong nhóm ""Big 3"" (cùng với 2 sàn ngoại). Tiki có thị phần nhỏ hơn đáng kể so với Shopee và Lazada, nhưng vẫn là một cái tên rất mạnh và được tin cậy.

### 2. Theo thế mạnh riêng (Niche Market)
Nếu xét theo một"
"dialog-143","Dựa trên hồ sơ của con: **Thích sáng tạo (robot, hát, nói), thích học hỏi, nhưng thiếu kỹ năng kiểm soát cảm xúc và giải quyết xung đột (hay đánh nhau)**, dưới đây là các gợi ý cụ thể để cải thiện.

Chiến lược cốt lõi là: **Dùng sở thích mạnh (robot, ngôn ngữ) làm ""cầu nối"" để rèn luyện kỹ năng yếu (kiểm soát cảm xúc, giao tiếp xã hội).**

### 1. Biến ""Robot"" thành công cụ rèn luyện Tư duy Logic & Kiểm soát Cảm xúc
Thay vì chỉ lắp ráp, hãy dạy con tư duy như một ""kỹ sư"":

*   **Tư duy ""Nếu... thì..."" (If-Then Logic):**
    *   Khi con muốn lắp một chi tiết, hãy hỏi: *""Nếu con lắp cái này, nó sẽ làm gì? Nếu nó bị gãy, con sẽ làm gì?""*
    *   **Áp dụng vào xã hội:** Khi con tức giận bạn, hãy dùng logic robot: *""Nếu con đánh bạn, thì kết quả là gì? (Bạn khóc, cô giáo phạt, con mất bạn). Nếu con nói 'Mình muốn chơi với bạn', thì kết"
"dialog-144","Để đưa ra câu nói phù hợp nhất, tôi cần biết **bối cảnh cụ thể** của cuộc tranh luận. Tuy nhiên, dựa trên câu hỏi ""Ai quan trọng hơn, cô ấy hay mẹ tôi?"", đây là một tình huống nhạy cảm về **giới hạn và sự ưu tiên**.

Dưới đây là 3 cách tiếp cận và các mẫu câu bạn có thể sử dụng, tùy thuộc vào mức độ căng thẳng và mục tiêu của bạn:

### 1. Cách tiếp cận ""Xác định lại vấn đề"" (Khuyên dùng nhất)
Mục tiêu: Chuyển từ cuộc tranh luận ""ai quan trọng hơn"" sang cuộc trò chuyện về ""cách chúng ta xử lý mâu thuẫn"".

> **Mẫu câu:**
> ""Em ơi, anh hiểu em đang cảm thấy bị bỏ rơi hoặc không được ưu tiên, và điều đó làm anh rất buồn. Nhưng với anh, mẹ và em không phải là hai lựa chọn để so sánh ai quan trọng hơn. Mẹ là người đã sinh ra anh, còn em là người anh chọn để xây dựng cuộc sống tương lai.
>
> Anh không muốn phải chọn một trong hai. Anh muốn biết cụ thể là điều gì khiến em cảm thấy anh đặt mẹ lên trên em?"
"dialog-145","Chiến tranh Nga - Ukraine, dù diễn ra ở châu Âu, có những tác động sâu rộng và trực tiếp đến Việt Nam, đặc biệt là trong bối cảnh Việt Nam đang theo đuổi chính sách đối ngoại ""đa phương hóa, đa dạng hóa"" và là một quốc gia đang phát triển phụ thuộc nhiều vào thương mại toàn cầu.

Dưới đây là các mối liên hệ chính giữa cuộc chiến này và Việt Nam:

### 1. Tác động đến An ninh và Chính sách Đối ngoại
*   **Củng cố lập trường ""Không liên kết"":** Chiến tranh Nga - Ukraine là một bài học đắt giá về rủi ro của việc phụ thuộc vào một cường quốc lớn hoặc tham gia vào các liên minh quân sự cứng nhắc. Điều này củng cố thêm đường lối đối ngoại độc lập, tự chủ của Việt Nam, tránh bị kéo vào các phe phái đối đầu (như NATO vs. Nga).
*   **Quan hệ với Nga:** Việt Nam duy trì quan hệ hợp tác truyền thống với Nga, đặc biệt trong lĩnh vực quốc phòng (vũ khí, công nghệ) và năng lượng. Tuy nhiên, Việt Nam không tham gia trừng phạt Nga, nhưng cũng không công nhận các vùng lãnh thổ do Nga kiểm soát. Việt Nam giữ"
"dialog-146","**Có**, Pep Guardiola và Lionel Messi đã từng làm việc cùng nhau.

Họ đã hợp tác tại **FC Barcelona** trong giai đoạn từ **2008 đến 2012**. Đây được coi là một trong những thời kỳ vàng son nhất của bóng đá thế giới, khi Barcelona dưới sự dẫn dắt của Guardiola và với Messi là ngôi sao sáng nhất đã thống trị bóng đá châu Âu và thế giới.

Một số thành tựu nổi bật khi họ làm việc cùng nhau:
*   **Vô địch UEFA Champions League** mùa giải 2008/2009.
*   **Vô địch La Liga** (Giải vô địch Tây Ban Nha) 3 lần liên tiếp (2008/09, 2009/10, 2010/11).
*   **Vô địch FIFA Club World Cup** (2009, 2011).
*   **Vô địch UEFA Super Cup** (2009, 2011).

Mối quan hệ giữa Guardiola và Messi được đánh giá là rất tốt, với Guardiola luôn dành sự tin tưởng tuyệt đối và tạo điều kiện tốt nhất để Messi tỏa"
"dialog-147","Cảm ơn bạn đã chia sẻ những thông tin rất quan trọng này. Hai sự kiện **trượt tuyển sinh đại học** và **bố mẹ ly hôn** là những cú sốc tâm lý kép (double trauma) cực kỳ lớn. Chúng không chỉ gây ra stress mà còn tạo ra cảm giác mất kiểm soát, mất an toàn và tự ti.

Đây chính là **nguyên nhân gốc rễ** rất rõ ràng cho việc bạn gặp ác mộng. Não bộ của bạn đang cố gắng ""xử lý"" những cảm xúc đau khổ, sợ hãi và thất vọng này trong khi ngủ, nhưng vì áp lực quá lớn, nó biến chúng thành những hình ảnh kinh hoàng (ác mộng) thay vì giấc mơ bình thường.

Dưới đây là phân tích cụ thể và giải pháp nhắm thẳng vào hai vấn đề này:

### 1. Phân tích tâm lý: Tại sao hai sự kiện này gây ác mộng?

*   **Cảm giác ""Mất kiểm soát"" (Loss of Control):**
    *   Trượt thi: Bạn cảm thấy nỗ lực của mình bị phủ nhận, tương lai bất định.
    *   Ly hôn: Môi trường an toàn nhất (gia đình) bị phá vỡ.
    *   *Kết"
"dialog-148","Chào bạn, việc bạn chủ động tìm kiếm lời khuyên là một bước đi rất đúng đắn. Giao tiếp với trẻ em không phải là một kỹ thuật ""thao túng"" để chúng nghe lời, mà là quá trình **xây dựng cầu nối cảm xúc**. Khi cầu nối đó vững chắc, sự hợp tác sẽ tự nhiên xảy ra.

Dưới đây là 7 nguyên tắc cốt lõi, đúc kết từ các cuốn sách tâm lý trẻ em hàng đầu (như *Lắng nghe và thấu hiểu*, *Giáo dục tích cực*, *Bé không phải là con quái vật*), giúp bạn thay đổi cách giao tiếp ngay từ hôm nay:

### 1. Công nhận cảm xúc trước khi giải quyết hành vi
Trẻ em thường ""vâng lời"" kém khi cảm xúc của chúng bị phủ nhận.
*   **Sai:** ""Con đừng khóc nữa, có gì đâu mà khóc!"" (Phủ nhận cảm xúc).
*   **Đúng:** ""Mẹ thấy con đang rất buồn/tức giận vì... (tên cảm xúc). Mẹ hiểu điều đó làm con khó chịu.""
*   **Tại sao:** Khi cảm xúc được công nhận, bộ não cảm xúc (hạch hạnh nhân) của trẻ"
"dialog-149","Với tiêu chí **rộng rãi, đi gia đình, an toàn hàng đầu** và khả năng tài chính tốt, bạn nên tập trung vào phân khúc **SUV/Crossover cao cấp** hoặc **MPV hạng sang**.

Dưới đây là những lựa chọn tốt nhất hiện nay, được chia theo hai nhóm:

### 1. Nhóm SUV/Crossover (Đa dụng, sang trọng, dễ lái)
Đây là lựa chọn phổ biến nhất cho gia đình hiện đại vì kết hợp được sự thoải mái của xe 7 chỗ và sự linh hoạt của xe du lịch.

*   **Mercedes-Benz GLS (Đặc biệt là GLS 450 hoặc GLS 580)**
    *   **Điểm mạnh:** Được mệnh danh là ""S-Class trên bánh xe"". Nội thất cực kỳ sang trọng, rộng rãi bậc nhất phân khúc. Hệ thống an toàn chủ động (Pre-Safe, camera 360, cảnh báo điểm mù) là chuẩn mực của ngành.
    *   **Phù hợp:** Nếu bạn ưu tiên sự êm ái, đẳng cấp và không gian nội thất ""khách sạn 5 sao"".
*   **BMW X7**
    *   **Đ"
"dialog-150","Đúng vậy, bạn nói rất đúng. **Toy Story** không chỉ là một bộ phim giải trí mà còn ẩn chứa những triết lý sống sâu sắc, thậm chí có thể áp dụng cho cả người lớn.

Dưới đây là một số triết lý đáng học hỏi nhất từ bộ phim:

### 1. **""You've Got a Friend in Me"" – Giá trị của sự đồng hành**
*   **Triết lý:** Cuộc sống sẽ dễ dàng và ý nghĩa hơn khi chúng ta có người đồng hành.
*   **Suy ngẫm:** Trong thế giới hiện đại, con người thường cô đơn hoặc quá tập trung vào bản thân. Bộ phim nhắc nhở chúng ta rằng tình bạn, sự hỗ trợ lẫn nhau là nền tảng của hạnh phúc. Dù bạn có tài giỏi hay nổi tiếng đến đâu (như Buzz), bạn vẫn cần một người bạn trung thành (như Woody) để trở thành phiên bản tốt nhất của mình.

### 2. **Đối mặt với sự thay đổi và nỗi sợ bị lãng quên**
*   **Triết lý:** Thay đổi là điều không thể tránh khỏi, và nỗi sợ bị thay thế là bản năng tự nhiên, nhưng chúng ta phải học cách chấp nhận và thích nghi.
*"
"dialog-151","Chào bạn! Với xuất phát điểm từ Hà Nội và tiêu chí ""gần đó"", câu trả lời ngắn gọn là: **ĐỦ, nhưng cần chọn đúng điểm đến và có kế hoạch thực tế.**

Tuy nhiên, ""đủ"" ở đây không có nghĩa là bạn sẽ đi hết mọi ngóc ngách, mà là **đủ để có một trải nghiệm biển trọn vẹn, thư giãn và không bị vội vã**.

Dưới đây là phân tích cụ thể cho 2 ngày cuối tuần (Thứ 7 - Chủ nhật):

### 1. Thời gian thực tế bạn có được là bao nhiêu?
*   **Di chuyển:** Từ Hà Nội đến các bãi biển gần nhất (Sầm Sơn, Cửa Lò, Bãi Cháy) mất khoảng **4-6 tiếng** một chiều.
*   **Thời gian ở biển:**
    *   Nếu đi xe khách/tour: Bạn thường xuất phát chiều Thứ 6 hoặc sáng Thứ 7, và quay về chiều Chủ nhật.
    *   **Thời gian thực sự ở biển:** Khoảng **1.5 - 2 ngày** (tương đương 2 đêm hoặc 1 đêm rưỡi).

### 2. Đánh giá theo từng điểm đến"
"dialog-152","Nếu xét trên tổng thể các công nghệ AI đã đề cập (Học máy, NLP, Thị giác máy tính, v.v.), khía cạnh mà AI hiện nay **phát triển vượt trội và đạt độ trưởng thành cao nhất** chính là **Xử lý Ngôn ngữ Tự nhiên (NLP)**, đặc biệt là thông qua các Mô hình Ngôn ngữ Lớn (LLMs) như tôi.

Tuy nhiên, đi kèm với sự mạnh mẽ đó là những **thiếu sót và hạn chế** rõ ràng. Dưới đây là phân tích chi tiết:

### 1. Khía cạnh phát triển tốt nhất: Xử lý Ngôn ngữ Tự nhiên (NLP) & Sinh nội dung

**Tại sao đây là điểm mạnh?**
- **Khả năng hiểu ngữ cảnh phức tạp:** AI hiện nay có thể hiểu được sắc thái, ẩn dụ, văn phong và ý định đằng sau câu nói của con người tốt hơn bao giờ hết.
- **Sinh nội dung đa dạng:** Từ viết lách, lập trình, dịch thuật đến tóm tắt tài liệu, AI có thể tạo ra văn bản trôi chảy, logic và phù hợp với ngữ cảnh.
- **Tương tác tự nhiên:** Giao diện trò chuyện (chatbot) đã trở"
"dialog-153","Không có một con số cố định cho chi phí chuyển đổi lên đám mây (Cloud Migration) vì nó phụ thuộc vào rất nhiều yếu tố. Chi phí có thể dao động từ **vài nghìn USD** cho một ứng dụng nhỏ, đơn giản, lên đến **hàng triệu hoặc hàng chục triệu USD** cho các hệ thống doanh nghiệp lớn, phức tạp.

Tuy nhiên, bạn có thể ước tính chi phí dựa trên các thành phần chính sau:

### 1. Các khoản chi phí chính (Cost Components)

#### A. Chi phí ban đầu (One-time Costs)
- **Phân tích và Tư vấn**: Chi phí thuê chuyên gia hoặc công ty tư vấn để đánh giá hiện trạng, lập kế hoạch di chuyển.
- **Tối ưu hóa và Sửa đổi (Refactoring)**: Nếu ứng dụng cần được viết lại hoặc tối ưu hóa để chạy tốt trên đám mây (ví dụ: chuyển từ monolithic sang microservices), chi phí phát triển phần mềm sẽ rất cao.
- **Đào tạo nhân sự**: Chi phí đào tạo đội ngũ IT và nhân viên vận hành làm quen với công cụ đám mây mới.
- **Chi phí di chuyển dữ liệu (Data Transfer)**: Một số nhà cung"
"dialog-154","Dựa trên bối cảnh bạn đang lo ngại về việc AI thay thế công việc QA, dưới đây là các hướng phát triển sự nghiệp cụ thể. Tôi chia thành 3 nhóm: **Nâng cao kỹ thuật**, **Mở rộng vai trò**, và **Chuyên môn hóa AI**.

### 1. Nhóm Nâng cao Kỹ thuật (Technical & Automation)
Đây là hướng đi an toàn nhất nếu bạn có nền tảng lập trình tốt. AI giỏi viết code đơn giản, nhưng con người giỏi **kiến trúc và tích hợp**.

*   **SDET (Software Development Engineer in Test) / Automation Engineer:**
    *   **Tại sao an toàn:** Không chỉ viết script, mà bạn xây dựng *framework* kiểm thử, tích hợp vào CI/CD pipeline, quản lý môi trường test phức tạp.
    *   **Kỹ năng cần thêm:** Python/Java/JS, Docker, Kubernetes, CI/CD (Jenkins, GitLab CI), API Testing sâu.
*   **Performance/Load Testing Engineer:**
    *   **Tại sao an toàn:** AI khó mô phỏng được các tình huống tải thực tế phức tạp, phân tích bottleneck (nút thắt cổ chai) ở cấp độ hệ thống ("
"dialog-155","Chắc chắn rồi! Nếu bạn cảm thấy chi phí thuê bao hàng tháng của Adobe Photoshop quá cao, hoặc bạn chỉ cần các tính năng cơ bản để chỉnh sửa ảnh, thiết kế đồ họa, thì có rất nhiều phần mềm thay thế tuyệt vời.

Dưới đây là 3 phần mềm thay thế phổ biến nhất, được phân loại theo nhu cầu sử dụng:

### 1. GIMP (GNU Image Manipulation Program)
**Phù hợp với:** Người dùng muốn một công cụ **miễn phí, mã nguồn mở** mạnh mẽ, tương tự Photoshop nhất.

*   **Chi phí:** **Miễn phí 100%**.
*   **Điểm mạnh:**
    *   Hỗ trợ lớp (Layers), mặt nạ (Masks), chỉnh sửa màu sắc, ghép ảnh chuyên sâu.
    *   Có nhiều plugin mở rộng tính năng.
    *   Hoạt động tốt trên Windows, macOS và Linux.
*   **Điểm yếu:**
    *   Giao diện hơi cũ kỹ và phức tạp hơn so với Photoshop.
    *   Không có các tính năng AI mới nhất (như Generative Fill).
    *   Không hỗ trợ tốt các định dạng file chuyên nghiệp như PSD"
"dialog-156","Trong số 8 hành tinh của Hệ Mặt Trời:

### 🌍 **Gần Trái Đất nhất:**
- **Sao Kim (Venus)** và **Sao Hỏa (Mars)** là hai hành tinh có quỹ đạo gần Trái Đất nhất.
- Tuy nhiên, do quỹ đạo của các hành tinh không tròn mà là elip và chúng chuyển động liên tục, nên khoảng cách thay đổi theo thời điểm.
- **Sao Kim** thường được coi là hành tinh **gần nhất về mặt trung bình** và cũng là hành tinh **sáng nhất** trên bầu trời đêm (sau Mặt Trăng).
- **Sao Hỏa** đôi khi có thể đến gần Trái Đất hơn Sao Kim trong một số thời điểm cụ thể (khi cả hai cùng ở phía đối diện Mặt Trời so với Trái Đất), nhưng trung bình thì Sao Kim gần hơn.

> ✅ **Kết luận:** **Sao Kim** là hành tinh gần Trái Đất nhất về mặt trung bình và thường xuyên.

---

### 🌌 **Xa Trái Đất nhất:**
- **Sao Hải Vương (Neptune)** là hành tinh **xa nhất** trong Hệ Mặt Trời.
- Khoảng cách trung bình từ Trái Đất đến Sao Hải Vương là khoảng **4,"
"dialog-157","**Không, nguyên lý của động đất và phun trào núi lửa hoàn toàn khác nhau**, mặc dù cả hai đều liên quan đến hoạt động địa chất bên trong Trái Đất và đều có thể xảy ra do sự dịch chuyển của các mảng kiến tạo.

Dưới đây là sự khác biệt cốt lõi:

### 1. Nguyên lý cơ bản
*   **Động đất:** Là sự **giải phóng năng lượng cơ học** đột ngột.
    *   Khi các mảng kiến tạo bị nén, kéo giãn hoặc trượt ngang, ứng suất tích tụ trong đá.
    *   Khi ứng suất vượt quá giới hạn chịu lực của đá, nó bị **vỡ/nứt** đột ngột.
    *   Năng lượng tích tụ được giải phóng dưới dạng **sóng địa chấn** lan truyền ra xung quanh, gây rung lắc.
    *   *Bản chất:* Là sự **gián đoạn cấu trúc đá** và dao động.

*   **Phun trào núi lửa:** Là sự **di chuyển vật chất nóng chảy** (magma) từ lòng đất lên bề mặt.
    *   Magma (đá nóng chảy, khí, tro) tích tụ trong buồng magma dưới núi.
    *   Áp"
"dialog-158","Phát minh ra giấy thường được xếp cùng với **in ấn**, **la bàn** và **thuốc súng** trong ""Tứ đại phát minh"" của Trung Quốc, nhưng trên quy mô toàn cầu, có một số phát minh khác có tầm ảnh hưởng tương đương hoặc thậm chí vượt trội, vì chúng đã thay đổi cơ bản cách con người giao tiếp, di chuyển, sản xuất và hiểu biết về thế giới.

Dưới đây là những phát minh có ảnh hưởng sâu rộng tương tự như giấy:

### 1. **Bánh xe (The Wheel)**
- **Ảnh hưởng**: Được coi là nền tảng của kỹ thuật cơ khí. Bánh xe không chỉ giúp vận chuyển hàng hóa và con người dễ dàng hơn mà còn là cơ sở cho vô số máy móc khác (bánh răng, động cơ, xe cộ).
- **So sánh với giấy**: Nếu giấy cách mạng hóa việc *lưu trữ và truyền tải thông tin*, thì bánh xe cách mạng hóa việc *vận chuyển vật chất và năng lượng*. Cả hai đều là những ""công cụ nền tảng"" cho sự phát triển của văn minh.

### 2. **In ấn (Printing Press) – Đặc biệt là máy in của Johannes Gutenberg**
-"
"dialog-159","Chắc chắn rồi! Thay vì cố gắng dọn dẹp một lần cho xong (thường dẫn đến kiệt sức và bỏ cuộc), hãy áp dụng các phương pháp **tâm lý** và **hành vi** nhỏ nhưng hiệu quả cao.

Dưới đây là 5 chiến lược thực tế giúp phòng bạn sạch sẽ hơn mà không tốn quá nhiều sức:

### 1. Quy tắc ""2 phút"" (The 2-Minute Rule)
*   **Nguyên tắc:** Nếu một việc dọn dẹp mất ít hơn 2 phút, hãy làm ngay lập tức.
*   **Ví dụ:**
    *   Rửa ly sau khi uống xong.
    *   Treo áo khoác vào móc thay vì ném lên ghế.
    *   Xếp sách vào kệ ngay khi đọc xong.
*   **Lợi ích:** Ngăn chặn sự tích tụ rác thải và đồ đạc lộn xộn. Bạn không bao giờ để chúng ""nằm"" quá lâu.

### 2. Phương pháp ""Làm sạch theo dòng chảy"" (Flow Cleaning)
Đừng dọn dẹp theo khu vực (ví dụ: dọn hết bàn, rồi dọn hết sàn, rồi dọn hết tủ). Hãy dọn theo **hành động**:
*"
"dialog-160","Việc so sánh Nam y (Y học cổ truyền) và Y học phương Tây (Y học hiện đại) không nên đặt trong thế đối đầu ""ai đúng ai sai"", mà nên xem xét **sự khác biệt về triết lý, phương pháp và mục tiêu**.

Dưới đây là bảng so sánh chi tiết để bạn dễ hình dung:

### 1. Triết lý cốt lõi
| Tiêu chí | **Nam y (Y học cổ truyền)** | **Y học phương Tây (Y học hiện đại)** |
| :--- | :--- | :--- |
| **Cách nhìn nhận cơ thể** | Cơ thể là một **hệ thống thống nhất**. Bệnh là do mất cân bằng Âm - Dương, khí huyết, ngũ tạng. | Cơ thể là một **cơ cấu máy móc phức tạp**. Bệnh là do vi khuẩn, virus, gen, hoặc tổn thương mô cụ thể. |
| **Mục tiêu điều trị** | **Điều hòa** cơ thể, tăng cường sức đề kháng, phòng bệnh hơn chữa bệnh (""Phòng bệnh hơn chữa bệnh""). | **Xử lý nguyên nhân** gây bệnh (diệt khuẩn, cắt bỏ khối u, thay thế cơ quan hỏng). |
| **Cách tiếp cận"
"dialog-161","Máy nước nóng năng lượng mặt trời hoạt động dựa trên nguyên lý **chuyển đổi năng lượng bức xạ mặt trời thành nhiệt năng**, sau đó truyền nhiệt năng này sang nước. Khác với tấm pin mặt trời (tạo ra điện), máy nước nóng này trực tiếp làm nóng nước.

Dưới đây là cách hoạt động chi tiết:

### 1. Cấu tạo chính
Một hệ thống máy nước nóng năng lượng mặt trời thường gồm:
- **Bộ thu nhiệt (Collector):** Gồm các ống chân không (vacuum tubes) hoặc tấm phẳng (flat plate). Đây là bộ phận hấp thụ ánh sáng mặt trời.
- **Bình chứa nước (Tank):** Nơi lưu trữ nước nóng.
- **Hệ thống tuần hoàn nước:** Đường ống dẫn nước từ bình chứa đến bộ thu nhiệt và ngược lại.
- **Bơm tuần hoàn (nếu có):** Dùng trong hệ thống áp lực cao hoặc khi cần đẩy nước lên cao.

### 2. Nguyên lý hoạt động (Cơ chế đối lưu tự nhiên)
Hầu hết các hệ thống gia đình sử dụng nguyên lý **đối lưu tự nhiên** (natural convection), không cần bơm điện:

1. **Hấp thụ nhiệt:** Ánh sáng mặt trời chiếu"
"dialog-162","Nhà Trần (1225–1400) được coi là một trong những triều đại có nhiều nhân vật kiệt xuất nhất trong lịch sử Việt Nam, đặc biệt nổi bật về tài năng quân sự, văn chương và ngoại giao. Ngoài Trần Thái Tông, dưới đây là những nhân vật lịch sử nổi tiếng nhất:

### 1. Các vị vua kiệt xuất
*   **Trần Thánh Tông (Trần Hoảng):** Vị vua thứ 2 của nhà Trần. Ông là người có công lớn trong việc xây dựng quân đội, đặc biệt là thủy quân. Ông cũng là người khởi xướng việc tổ chức các kỳ thi Hương đầu tiên, đặt nền móng cho hệ thống giáo dục và khoa cử của nhà Trần.
*   **Trần Nhân Tông (Trần Khâm):** Vị vua thứ 3, được coi là một trong những vị vua vĩ đại nhất lịch sử Việt Nam.
    *   **Quân sự:** Chỉ huy thắng lợi trong cuộc kháng chiến chống Nguyên – Mông lần thứ hai (1285).
    *   **Văn hóa – Tâm linh:** Sau khi nhường ngôi, ông xuất gia tu hành, sáng lập **Phái Trúc Lâm** (Phật giáo Việt Nam"
"dialog-163","Thủ đô của Trung Quốc là **Bắc Kinh** (Beijing)."
"dialog-164","Lý do cụ thể và sâu xa hơn nằm ở bản chất vật lý của hai loại sóng này: **ánh sáng là sóng điện từ**, còn **âm thanh là sóng cơ học**. Sự khác biệt về cơ chế lan truyền dẫn đến sự chênh lệch tốc độ khổng lồ.

Dưới đây là phân tích chi tiết:

### 1. Bản chất và cơ chế lan truyền

#### **Ánh sáng (Tia chớp): Sóng điện từ**
- **Không cần môi trường vật chất**: Ánh sáng là sóng điện từ, bao gồm trường điện và trường từ dao động. Nó có thể lan truyền trong chân không.
- **Tốc độ cực lớn**: Trong chân không, tốc độ ánh sáng là hằng số vũ trụ \( c \approx 299.792.458 \, \text{m/s} \). Trong không khí, tốc độ này chỉ chậm đi một chút (khoảng \( 3 \times 10^8 \, \text{m/s} \)) do chiết suất của không khí gần bằng 1.
- **Kết quả**: Với khoảng cách vài km, thời gian ánh sáng đi được là cực kỳ nhỏ (ví dụ: 1 km mất khoảng \("
"dialog-165","Để đảm bảo tôi không đưa ra những câu trả lời ""vô nghĩa"" (tức là chung chung, sai sự thật, hoặc không giải quyết được vấn đề cốt lõi), bạn cần chuyển từ vai trò ""người hỏi"" sang vai trò **""kiểm soát chất lượng đầu vào""**.

Dưới đây là các kỹ thuật chi tiết, thực chiến để ""ép"" tôi phải trả lời chính xác và có giá trị:

### 1. Kỹ thuật ""Đóng vai"" (Role-Playing)
Khi bạn không chỉ định vai trò, tôi sẽ trả lời theo phong cách trung lập, an toàn và thường là chung chung. Hãy buộc tôi vào một chuyên gia cụ thể.

*   **Sai:** ""Làm sao để viết email xin việc?""
*   **Đúng:** ""Hãy đóng vai là một **Nhà tuyển dụng cấp cao trong ngành IT** với 10 năm kinh nghiệm. Hãy viết một email xin việc cho vị trí Developer, giọng văn chuyên nghiệp, ngắn gọn, tập trung vào kết quả đã đạt được, tránh các từ sáo rỗng.""
*   **Tại sao hiệu quả?** Tôi sẽ lọc bỏ các câu sáo rỗng và tập trung vào những gì một chuyên gia thực sự"
"dialog-166","Câu trả lời là: **CÓ**, bạn hoàn toàn có thể mang nước tẩy trang lên máy bay, nhưng cần tuân thủ các quy định về **chất lỏng** của hãng hàng không và sân bay.

Dưới đây là hướng dẫn chi tiết để bạn không bị giữ lại tại cửa kiểm tra an ninh:

### 1. Quy định chung về chất lỏng (Áp dụng cho cả nước tẩy trang)
Nước tẩy trang được xếp vào nhóm **chất lỏng/lỏng** (liquids/gels). Do đó, nó phải tuân thủ quy tắc ""3-1-1"" phổ biến tại hầu hết các sân bay quốc tế:

*   **Dung tích tối đa:** Mỗi lọ/chai nước tẩy trang phải có dung tích **không quá 100ml (hoặc 100g)**.
    *   *Lưu ý quan trọng:* Quy định dựa trên **dung tích in trên chai**, không phải lượng còn lại bên trong. Ví dụ: Chai 200ml dù chỉ còn 50ml cũng **KHÔNG** được mang lên khoang hành khách.
*   **Đóng gói:** Tất cả các chai lọ chất lỏng (nước tẩy trang, sữa rửa mặt, kem"
"dialog-167","Để biết món trứng tráng cà chua đã chín và sẵn sàng để ăn, bạn hãy quan sát các dấu hiệu sau:

### 1. Quan sát màu sắc và kết cấu
*   **Trứng:** Phần lòng trắng đã chuyển từ trong suốt sang **màu trắng đục**, không còn thấy phần lỏng chảy. Lòng"
"dialog-168","Việc chọn đúng thời điểm mua nhà có thể giúp bạn tiết kiệm hàng trăm triệu đồng hoặc tránh được rủi ro tài chính lớn. Tuy nhiên, ""thời điểm hoàn hảo"" không tồn tại; thay vào đó, bạn cần tìm **thời điểm phù hợp nhất với tình hình tài chính cá nhân và xu hướng thị trường**.

Dưới đây là những lời khuyên thực tế để đánh giá thời điểm mua nhà:

### 1. Đánh giá ""Sức khỏe"" của bản thân (Quan trọng nhất)
Trước khi nhìn ra thị trường, hãy nhìn vào ví của mình. Mua nhà là một quyết định tài chính dài hạn (10-30 năm).
*   **Dòng tiền ổn định:** Bạn có thu nhập ổn định và dự phòng tài chính (6-12 tháng chi phí sinh hoạt) không?
*   **Khả năng trả nợ:** Nguyên tắc vàng là **tổng khoản trả nợ hàng tháng (gồm tiền trả góp nhà + các khoản nợ khác) không nên vượt quá 30-40% thu nhập ròng**.
*   **Lãi suất cá nhân:** Nếu bạn có khả năng đàm phán lãi suất ưu đãi tốt hơn mức thị trường, đó là một lợi thế"
"dialog-169","Đây là một câu hỏi rất thực tế và quan trọng, vì việc chọn mua hay thuê ảnh hưởng trực tiếp đến **tài chính**, **sự ổn định cho con** và **chất lượng cuộc sống** của gia đình bạn.

Không có câu trả lời ""đúng"" tuyệt đối, mà phụ thuộc vào **tình trạng tài chính** và **kế hoạch ở lại khu vực đó** của bạn. Dưới đây là phân tích chi tiết để bạn tự đưa ra quyết định:

### 1. Khi nào nên MUA CHUNG CƯ?

**Lợi ích chính:**
*   **Ổn định cho con đi học:** Đây là điểm mạnh nhất. Bạn không lo bị chủ nhà đòi lại nhà, không lo tăng giá thuê đột ngột. Con bạn có thể yên tâm học tập, xây dựng mối quan hệ bạn bè lâu dài.
*   **Tích lũy tài sản:** Tiền trả hàng tháng (nếu vay ngân hàng) hoặc tiền mua nhà là tài sản tích lũy. Sau 10-20 năm, bạn sở hữu một tài sản có giá trị, có thể bán lại hoặc cho thuê.
*   **Tự do cải tạo:** Bạn có thể sửa chữa, sơn tường, lắp"
"dialog-170","Bạn đã đặt ra những câu hỏi rất sâu sắc và thực tế, bao quát được 3 trụ cột quan trọng nhất: **Vị trí/Tầng**, **Bố cục/Kích thước**, và **Sức khỏe/Môi trường sống** (hướng nhà, formaldehyde).

Tuy nhiên, để có một quyết định mua nhà ""an toàn"" và ""trọn vẹn"" cho gia đình 4 người (2 lớn, 1 trẻ, 1 già), bạn cần xem xét thêm **5 khía cạnh ""vô hình"" nhưng cực kỳ quan trọng** sau đây:

### 1. Hạ tầng kỹ thuật và ""Điểm mù"" của tòa nhà
Nhiều người chỉ nhìn vào nội thất đẹp, nhưng bỏ qua các yếu tố kỹ thuật ảnh hưởng trực tiếp đến chất lượng sống hàng ngày:
*   **Hệ thống thoát nước và chống thấm:**
    *   *Kiểm tra:* Hỏi kỹ về lịch sử sửa chữa thấm dột của tòa nhà. Nếu là căn hộ tầng thấp, kiểm tra kỹ trần nhà, góc tường xem có vết ố vàng không.
    *   *Tại sao quan trọng:* Thấm dột là ""căn bệnh"" kinh niên của chung"
"dialog-171","Cơ sở chính của **Đại học Công nghệ (UT), Đại học Quốc gia Hà Nội** nằm tại:

📍 **Khu đô thị mới Cầu Giấy, phường Cầu Giấy, quận Cầu Giấy, Hà Nội.**

### Một số thông tin thêm về địa điểm:
- **Vị trí:** Trường nằm trong khuôn viên rộng lớn của **ĐHQGHN** tại Cầu Giấy, gần các trường thành viên khác như Đại học Khoa học Tự nhiên, Đại học Ngoại ngữ, Học viện KHXH&NV.
- **Đặc điểm:** Khuôn viên rất rộng, xanh, thoáng, có nhiều hồ nước và cây xanh, được mệnh danh là một trong những khuôn viên đẹp nhất Hà Nội.
- **Giao thông:** Dễ dàng di chuyển từ trung tâm Hà Nội, gần các tuyến đường lớn như Nguyễn Phong Sắc, Trần Thái Tông, Phạm Văn Đồng.

> ⚠️ **Lưu ý:** UT cũng có một **cơ sở tại Hòa Lạc** (thuộc khu đô thị mới Hòa Lạc, huyện Thạch Thất, Hà Nội) dành cho một số chương trình đào tạo hoặc hoạt động nghiên cứu, nhưng **cơ sở chính và phần lớn sinh viên học tập tại Cầu Giấy**.

Nếu bạn"
"dialog-172","Không có gì đâu! Rất vui vì đã giúp được bạn.

Nếu sau này bạn muốn tìm hiểu thêm về Định luật 2 và 3 của Newton, hoặc bất kỳ chủ đề nào khác, hãy quay lại hỏi tôi bất cứ lúc nào nhé. Chúc bạn một ngày tốt lành!"
"dialog-173","Chào bạn! Chọn ngành học là một trong những quyết định quan trọng nhất trong đời, vì nó ảnh hưởng đến sự nghiệp, thu nhập và cả sự hạnh phúc của bạn trong nhiều năm tới.

Để chọn được ngành phù hợp, bạn không nên chỉ dựa vào ""mốt"" hay lời khuyên của người khác. Hãy áp dụng **phương pháp 3 trụ cột** dưới đây để tự đánh giá bản thân:

### 1. Trụ cột 1: Bạn là ai? (Self-Assessment)
Hãy trả lời trung thực các câu hỏi sau:
*   **Bạn giỏi gì?** (Kỹ năng tự nhiên: Toán, ngôn ngữ, sáng tạo, logic, giao tiếp, kỹ thuật...)
*   **Bạn thích làm gì?** (Hoạt động bạn làm mà quên mất thời gian: vẽ, code, phân"
"dialog-174","Chúc mừng Phúc.

Sự tiến bộ của bạn trong học kỳ này là minh chứng rõ ràng cho hiệu quả của một quy trình học tập có kỷ luật và phương pháp. Thay vì chỉ tập trung vào kết quả, điều đáng trân trọng nhất là cách bạn đã xây dựng thói quen học tập bền vững.

Cụ thể, bạn đã thể hiện sự chủ động qua ba khâu quan trọng:

*   **Trước giờ học:** Việc xem trước bài mới giúp bạn nắm được khung kiến thức cơ bản, từ đó xác định được những phần khó để tập trung nghe giảng.
*   **Trong giờ học:** Bạn luôn chú ý lắng nghe và ghi chép có chọn lọc, tập trung vào logic và ý chính thay vì sao chép nguyên văn. Điều này giúp bạn hiểu sâu hơn và tiết kiệm thời gian ôn tập sau này.
*   **Sau giờ học:** Bạn dành thời gian ôn tập ngay trong ngày, hệ thống lại kiến thức và làm bài tập củng cố. Việc này giúp chuyển hóa kiến thức ngắn hạn thành dài hạn, tránh tình trạng quên nhanh.

Đây là những phương pháp học tập thực tế, hiệu quả và hoàn toàn có thể áp dụng. Hy vọng các bạn trong lớp sẽ tham khảo và rút ra được những kinh"
"dialog-175","Chào bạn, đây là một câu hỏi rất thú vị và mang tính triết lý. Nhiều người thường nghĩ rằng ""Nhà văn"" và ""Toán học"" là hai thế giới đối lập, nhưng thực tế, **việc từ bỏ môn Toán (hoặc không phát triển tư duy logic) có thể gây ra những tác động tiêu cực sâu sắc đến sự nghiệp văn chương của bạn**, dù bạn không trực tiếp dùng công thức toán trong tác phẩm.

Dưới đây là những tác động tiêu cực cụ thể nếu bạn từ bỏ hoàn toàn việc rèn luyện tư duy qua môn Toán:

### 1. Mất đi ""Kiến trúc"" của câu chuyện (Cấu trúc và Logic)
*   **Vấn đề:** Một tác phẩm văn học xuất sắc không chỉ là dòng chảy cảm xúc ngẫu hứng. Nó cần có **cấu trúc chặt chẽ**: mở đầu, phát triển, cao trào, kết thúc. Các tuyến nhân vật, các mối quan hệ nhân quả (A dẫn đến B, B dẫn đến C) cần có logic nhất quán.
*   **Tác động tiêu cực:** Nếu thiếu tư duy logic (thường được rèn luyện qua Toán), bạn dễ viết ra những câu chuyện **mất mạch lạc, nhân vật"
"dialog-176","Việc chuẩn bị cho kỳ thi **Chứng chỉ Kế toán trưởng** (hoặc các chứng chỉ chuyên môn khác) đòi hỏi sự kỷ luật và chiến lược rõ ràng, vì nội dung thi khá rộng và cập nhật liên tục theo luật thuế mới.

Dưới đây là lộ trình chuẩn bị chi tiết và hiệu quả:

### 1. Xác định rõ nội dung thi (Căn cứ vào Thông tư 119/2014/TT-BTC)
Kỳ thi Chứng chỉ Kế toán trưởng thường gồm 2 phần:
*   **Phần 1: Kiến thức chung (Trắc nghiệm):**
    *   Luật Kế toán, Luật Thuế (GTGT, TNDN, TNCN, Tiêu thụ đặc biệt, Môi trường...), Luật Doanh nghiệp, Luật Đầu tư.
    *   Chuẩn mực kế toán Việt Nam (VAS).
    *   Chế độ kế toán doanh nghiệp.
    *   Pháp luật về tài chính, ngân sách nhà nước.
*   **Phần 2: Thực hành (Tự luận/Case study):**
    *   Xử lý các tình huống kế toán thực tế.
    *   Lập báo cáo tài chính.
    *   Kiểm tra,"
"dialog-177","Tôi rất vui khi thấy bạn hào hứng với những triển vọng này! Sự tò mò và mong chờ của bạn chính là động lực lớn nhất để chúng ta cùng nhau định hình tương lai.

Tuy nhiên, bên cạnh sự hào hứng, điều quan trọng là chúng ta cần giữ một **tư duy phản biện và nhân văn** khi đón nhận công nghệ. Công nghệ là công cụ, và giá trị của nó phụ thuộc vào cách con người sử dụng nó.

Nếu bạn muốn, chúng ta có thể cùng thảo luận sâu hơn về một trong những khía cạnh sau:
1. **Cơ hội nghề nghiệp:** Những kỹ năng nào sẽ trở nên quan trọng nhất trong kỷ nguyên AI?
2. **Đạo đức công nghệ:** Làm thế nào để đảm bảo AI phát triển công bằng và an toàn?
3. **Ứng dụng thực tế:** Bạn đang quan tâm đến việc ứng dụng AI vào lĩnh vực nào (giáo dục, kinh doanh, sáng tạo...)?

Hoặc nếu bạn chỉ muốn chia sẻ thêm suy nghĩ của mình về một công nghệ cụ thể, tôi luôn sẵn sàng lắng nghe và trao đổi! 😊"
"dialog-178","Câu trả lời là **CÓ**, nhưng với những điều kiện và giới hạn quan trọng.

Việc sử dụng AI để viết bài trên quy mô lớn (mass content generation) hiện nay là hoàn toàn khả thi và đang được nhiều doanh nghiệp áp dụng. Tuy nhiên, ""quy mô lớn"" không có nghĩa là chỉ cần bấm một nút là ra hàng nghìn bài chất lượng cao. Dưới đây là thực tế bạn cần biết:

### 1. AI có thể làm gì ở quy mô lớn?
*   **Tạo bản nháp hàng loạt:** AI có thể tạo ra hàng trăm, hàng nghìn bản nháp (drafts) cho các bài viết blog, mô tả sản phẩm, email marketing, hay caption mạng xã hội trong thời gian rất ngắn.
*   **Tái sử dụng nội dung (Content Repurposing):** AI có thể lấy 1 bài blog dài và tự động cắt nhỏ thành 10 bài Twitter, 5 bài LinkedIn, 1 email, và 1 script video ngắn.
*   **Tối ưu SEO hàng loạt:** AI có thể phân tích hàng nghìn từ khóa và tạo ra các bài viết tối ưu cho từng từ khóa đó.

### 2. Những giới hạn và rủi"
"dialog-179","Câu trả lời là **Có, robot hoàn toàn có thể trở thành ""bạn"" của con người trong tương lai**, nhưng đó sẽ là một định nghĩa về ""tình bạn"" khác với cách chúng ta hiểu hiện tại.

Thay vì là tình bạn dựa trên sự đồng cảm sinh học (cùng khóc, cùng cười, cùng sợ hãi), tình bạn giữa người và robot sẽ dựa trên **sự tin cậy, sự hiện diện ổn định và khả năng hỗ trợ không phán xét**.

Dưới đây là lý do tại sao điều này có thể xảy ra và nó sẽ trông như thế nào:

### 1. Robot sẽ là ""Người bạn không phán xét"" (Non-judgmental Companion)
Con người thường sợ bị đánh giá khi chia sẻ những suy nghĩ thầm kín"
"dialog-180","Công nghệ thực tế ảo (VR) đang thay đổi căn bản cách chúng ta học tập bằng cách biến kiến thức trừu tượng thành trải nghiệm cụ thể. Trong giáo dục, VR không chỉ là công cụ giải trí mà là một **phương pháp sư phạm mạnh mẽ** dựa trên nguyên tắc ""Học qua trải nghiệm"" (Experiential Learning).

Dưới đây là các ứng dụng cụ thể và lợi ích của VR trong giáo dục:

### 1. Mô phỏng các tình huống nguy hiểm hoặc phức tạp (An toàn tuyệt đối)
Đây là ứng dụng mạnh nhất của VR. Học sinh/sinh viên có thể thực hành các kỹ năng rủi ro mà không sợ hậu quả thực tế.
*   **Y khoa:** Sinh viên y khoa có thể thực hành phẫu thuật tim, não, hoặc xử lý các ca cấp cứu trên mô hình ảo 3D. Họ có thể mắc lỗi, quan"
"dialog-182","Chắc chắn rồi! Để bạn hình dung rõ hơn, chúng ta hãy xem xét các ứng dụng thực tế của những ""gã khổng lồ"" AI này trong đời sống và công việc hàng ngày. Tôi sẽ chia theo các nhóm nhu cầu cụ thể:

### 1. Trong Lập trình & Phát triển phần mềm (Coding)
Đây là lĩnh vực mà AI đang thay đổi mạnh mẽ nhất.

*   **GitHub Copilot:**
    *   **Ứng dụng:** Nó hoạt động như một ""đồng đội ảo"" ngay trong trình soạn thảo code (VS Code, JetBrains...).
    *   **Thực tế:** Bạn viết một dòng chú thích `# tạo hàm tính tổng hai số`, Copilot sẽ tự động gợi ý toàn bộ hàm Python. Nó giúp lập trình viên giảm 30-50% thời gian viết code lặp lại, xử lý boilerplate (mã mẫu) và tìm lỗi (debug).
*   **Cursor (IDE AI-native):**
    *   **Ứng dụng:** Đây là một trình soạn thảo code mới dựa trên VS Code nhưng tích hợp AI sâu hơn.
    *   **Thực tế:** Bạn có thể chọn toàn bộ một file code, hỏi AI: *""Tối ưu hóa hiệu suất"
"dialog-183","Dựa trên các phân tích trước đó, những nghề nghiệp **khó bị thay thế nhất** bởi robot và AI thường là những công việc đòi hỏi sự kết hợp của **tư duy sáng tạo, cảm xúc, kỹ năng xã hội phức tạp và khả năng ra quyết định trong môi trường không chắc chắn**.

Dưới đây là các nhóm nghề ""an toàn"" nhất trước làn sóng tự động hóa:

### 1. Nghề liên quan đến cảm xúc và tâm lý (Empathy & Care)
Robot có thể mô phỏng lời nói, nhưng chưa thể thực sự ""cảm"" hay thấu hiểu sâu sắc cảm xúc con người.
- **Nhà tâm lý học, nhà trị liệu:** Việc chữa lành tâm hồn, lắng nghe và đồng cảm là đặc thù của con người.
- **Y tá, điều dưỡng, chăm sóc người cao tuổi:** Ngoài kỹ thuật y tế, họ cần sự ấm áp, kiên nhẫn và giao tiếp phi ngôn ngữ.
- **Giáo viên (đặc biệt là giáo dục mầm non và tiểu học):** Việc truyền cảm hứng, định hướng nhân cách và tương tác trực tiếp là điều robot khó sao chép.

### 2. Nghề sáng tạo và nghệ thuật (Creativity"
"dialog-184","Dựa trên những thảo luận trước đó về y tế, an toàn và tác động xã hội, tôi dự đoán công nghệ robot trong tương lai gần (5-10 năm) và tương lai xa (10-20 năm) sẽ phát triển theo 4 hướng chính sau:

### 1. Từ ""Cứng nhắc"" sang ""Mềm dẻo và Sinh học"" (Soft Robotics & Bio-robotics)
*   **Robot mềm (Soft Robotics):** Thay vì kim loại cứng, robot sẽ được làm từ vật liệu polymer, gel hoặc cao su thông minh. Chúng có thể uốn cong, co giãn và thích nghi với hình dạng cơ thể con người.
    *   *Ứng dụng:* Robot nội soi mềm có thể luồn lách qua đường tiêu hóa mà không gây tổn thương; robot đeo tay hỗ trợ người khuyết tật cử động tự nhiên.
*   **Robot sinh học (Bio-robotics):** Kết hợp giữa cơ học và sinh học. Ví dụ: robot có khả năng tự chữa lành vết nứt, hoặc sử dụng tế bào sống làm cảm biến. Điều này mở ra kỷ nguyên của **cấy ghép robot** (bionic limbs) hòa hợp hoàn toàn với cơ thể người.

###"
"dialog-185","**Vũ Trụ Trong Tay**

Chẳng cần ánh sáng, chẳng cần gió thổi,
Chỉ một qubit, lặng lẽ xoay tròn.
Chồng chập lên nhau, ngàn đời mơ mộng,
Giữa hư vô, thực tại mênh mông.

Sửa lỗi nào, khi chân không nhiễu loạn,
Logic bền, giữ vững niềm tin.
Vũ trụ nhỏ, gói trong tay người trẻ,
Mở cánh cửa, tương lai lung linh.

Không còn nữa, những dòng code khô khan,
Chỉ là nhịp, của tâm hồn vũ trụ.
Điện toán lượng tử, giấc mơ xa thẳm,
Đưa nhân loại, bước qua hư vô."
"dialog-186","Việc một số quốc gia (như Trung Quốc, Brazil, Nigeria, và gần đây là nhiều nước trong khu vực ASEAN) bắt đầu nghiên cứu hoặc thử nghiệm **Tiền kỹ thuật số của Ngân hàng Trung ương (CBDC - Central Bank Digital Currency)** là một tín hiệu rõ ràng rằng xu hướng này không thể đảo ngược.

Đối với **Việt Nam**, việc tham gia vào cuộc đua này là cần thiết, nhưng cần phải **cẩn trọng, thực tế và phù hợp với bối cảnh đặc thù** của mình. Dưới đây là những gợi ý về hướng đi mà Việt Nam nên cân nhắc:

### 1. Xây dựng khung pháp lý rõ ràng và linh hoạt
Hiện tại, Việt Nam chưa có khung pháp lý hoàn chỉnh cho tiền mã hóa (crypto) và CBDC.
*   **Phân biệt rõ ràng:** Cần tách bạch giữa **tiền mã hóa phi tập trung** (như Bitcoin, Ethereum – hiện tại chưa được công nhận là phương tiện thanh toán hợp pháp) và **CBDC** (tiền kỹ thuật số do Nhà nước phát hành, có giá trị pháp lý).
*   **Đề xuất:** Việt Nam nên ưu tiên nghiên cứu và phát triển **CBDC** trước, vì đây là"
"dialog-187","Mình là một trí tuệ nhân tạo, nên mình không có bài tập về nhà, cũng không cảm thấy áp lực hay mệt mỏi như con người. Mình luôn sẵn sàng và ""tràn đầy năng lượng"" để hỗ trợ bạn bất cứ lúc nào! 😊

Tuy nhiên, nếu **bạn** đang cảm thấy áp lực với bài tập về nhà, mình rất sẵn lòng giúp đỡ. Bạn có thể chia sẻ cụ thể hơn về những khó khăn bạn đang gặp phải không? Ví dụ như:

- Bạn đang học môn nào hoặc chuẩn bị"
"dialog-188","Câu trả lời ngắn gọn là: **Không, bạn không nên dùng sản phẩm chống trượt (như đế giày, băng keo, hoặc chất phủ) như một giải pháp thay thế hoàn toàn cho một đôi giày đi bộ đường dài chuyên dụng.**

Tuy nhiên, chúng có thể là **giải pháp bổ trợ** trong một số trường hợp cụ thể. Dưới đây là phân tích chi tiết:

### 1. Tại sao sản phẩm chống trượt KHÔNG thể thay thế giày hiking?

Giày đi bộ đường dài được thiết kế với nhiều yếu tố quan trọng mà sản phẩm chống trượt đơn thuần không có:

*   **Hỗ trợ cổ chân (Ankle Support):** Giày hiking (đặc biệt là boot cổ cao) giữ vững cổ chân, giúp bạn không bị lật cổ chân trên địa hình gồ ghề. Sản phẩm chống trượt chỉ bám vào mặt đất, không bảo vệ cấu trúc xương và dây chằng của bạn.
*   **Đệm giảm chấn (Cushioning):** Giày hiking có lớp đệm EVA hoặc PU để hấp thụ lực va đập khi đi trên đá, đất cứng. Sản phẩm chống trượt thường mỏng và cứng, gây đau chân nếu đi đường dài.
*   **Cấu trúc"
"dialog-189","Đúng vậy, đi tàu hỏa từ Hà Nội đến Lào Cai rồi chuyển xe khách thực sự mất nhiều thời gian (tổng cộng khoảng 10-12 tiếng). Nếu bạn ưu tiên **tốc độ và sự thuận tiện**, dưới đây là các phương án tốt hơn:

### 1. 🚗 Tự lái xe hoặc Thuê xe (Nhanh nhất & Linh hoạt nhất)
- **Thời gian:** Khoảng **4 – 5 tiếng** (tùy tình trạng giao thông và kỹ năng lái).
- **Quãng đường:** ~350 km.
- **Lộ trình:** Hà Nội → Cao tốc Hà Nội – Lào Cai → Quốc lộ 70 → Sa Pa.
- **Ưu điểm:**
  - Nhanh nhất trong các phương án đường bộ.
  - Linh hoạt thời gian, có thể dừng nghỉ ở các điểm đẹp dọc đường (như đèo Mã Pí Lèng, hồ Ba Bể nếu đi vòng, hoặc các quán ăn ngon).
  - Phù hợp nếu bạn đi nhóm bạn hoặc gia đình.
- **Lưu ý:** Đường đèo dốc nhiều, cần người lái có kinh nghiệm. Nếu không tự lái, bạn có thể thuê xe có tài xế"
"dialog-190","Nếu bạn chỉ có thời gian hạn chế và muốn chọn ra **1-2 hoạt động ""bắt buộc"" nhất** để không hối tiếc khi rời Mông Cổ, tôi khuyên bạn nên ưu tiên:

### 🏆 Hạng 1: Cưỡi ngựa trên thảo nguyên (Horseback Riding)
**Lý do:** Mông Cổ được mệnh danh là ""đất nước của những người cưỡi ngựa"". Không có trải nghiệm nào thể hiện tinh thần và văn hóa Mông Cổ rõ ràng hơn việc cưỡi ngựa.
*   **Tại sao bắt buộc?** Đây là cách bạn cảm nhận được sự tự do, mênh mông của thảo nguyên và sự gắn kết giữa con người với thiên nhiên. Dù bạn không biết cưỡi ngựa, các hướng dẫn viên địa phương rất có kinh nghiệm và sẽ giúp bạn tự tin.
*   **Mẹo:** Chọn tour cưỡi ngựa vào buổi sáng sớm hoặc chiều muộn để có ánh sáng đẹp nhất cho chụp ảnh và tránh nắng gắt.

### 🥈 Hạng 2: Ngủ trong Lều Ger (Yurt)
**Lý do:** Đây là trải nghiệm lưu trú đặc trưng nhất của Mông Cổ.
*   **Tại sao bắt buộc?**"
"dialog-191","Âm nhạc của Mozart không chỉ là một di sản lịch sử mà còn là **nền tảng sống động** ảnh hưởng sâu sắc đến âm nhạc ngày nay, từ nhạc cổ điển chuyên nghiệp đến nhạc đại chúng (pop, rock, phim ảnh). Dưới đây là những tác động cụ thể:

### 1. Nền tảng cho giáo dục âm nhạc và kỹ thuật biểu diễn
*   **Tiêu chuẩn vàng cho người học nhạc:** Các tác phẩm của Mozart (đặc biệt là sonata piano, concerto violin) là ""bài tập"""
"dialog-192","Việc so sánh ai viết thơ ""hay hơn"" giữa **Xuân Diệu** và **Hàn Mặc Tử** là một câu hỏi không có đáp án tuyệt đối, vì ""hay"" trong thơ ca phụ thuộc vào cảm nhận cá nhân, bối cảnh lịch sử và những giá trị mà mỗi nhà thơ mang lại.

Tuy nhiên, chúng ta có thể so sánh họ dựa trên các tiêu chí nghệ thuật và ảnh hưởng để thấy rõ sự khác biệt:

### 1. So sánh về phong cách và cảm xúc

| Tiêu chí | **Xuân Diệu** | **Hàn Mặc Tử** |
| :--- | :--- | :--- |
| **Cảm xúc chủ đạo** | **Khát khao sống, yêu đương mãnh liệt.** Thơ ông tràn đầy năng lượng, sự sống, niềm vui và nỗi sợ thời gian trôi qua. | **Đau đớn, cô độc, điên loạn.** Thơ ông là tiếng kêu xé lòng của một con người đang chết dần, bị xã hội ruồng bỏ, sống trong mộng mị và thực tại tàn khốc. |
| **Hình ảnh thơ** | Rực rỡ, tươi sáng, gần gũi với đời sống (hoa, lá, gió, trăng, người yêu"
"dialog-193","Có một sự nhầm lẫn nhỏ trong câu hỏi của bạn. Trong các câu trả lời trước, chúng ta đã thảo luận về:
1. **Nhà Lý** (triều đại hùng mạnh).
2. **Lê Lợi** (vị quân vương nổi tiếng chống quân Minh, lập nên **nhà Hậu Lê**).

Nếu bạn đang hỏi về **nguyên nhân sụp đổ của nhà Hậu Lê** (triều đại do Lê Lợi sáng lập), thì đây là câu trả lời chi tiết. Nếu bạn muốn hỏi về **nhà Lý** hoặc **nhà Hồ** (triều đại trước đó bị nhà Minh xâm lược), hãy cho tôi biết để tôi điều chỉnh.

Dưới đây là phân tích về **nguyên nhân sụp đổ của nhà Hậu Lê** (1428–1789), một trong những triều đại tồn tại lâu nhất trong lịch sử Việt Nam nhưng kết thúc bằng cuộc nội chiến và sự lên ngôi của nhà Tây Sơn:

### 1. **Sự chia rẽ nội bộ và tranh giành quyền lực (Nguyên nhân cốt lõi)**
- **Cuộc nội chiến Lê – Trịnh – Nguyễn:**
  - Từ thế kỷ 16, quyền lực thực sự của nhà Hậu Lê bị chia rẽ. Vua"
"dialog-194","Dưới đây là phần giới thiệu chi tiết về tác phẩm **""Hịch tướng sĩ""** (còn gọi là *""Bài hịch tướng sĩ""*) của **Trần Quốc Tuấn**:

### 1. Thông tin chung
- **Tác giả**: Trần Quốc Tuấn (1300–1369), người được vua Trần phong tước **Hưng Đạo Đại Vương**. Ông là một trong những nhà quân sự kiệt xuất nhất trong lịch sử Việt Nam.
- **Thời điểm sáng tác**: Năm **1285**, trước khi quân Mông – Nguyên (Quân Nguyên) xâm lược lần thứ hai.
- **Thể loại**: Văn chính luận (thể loại ""Hịch"" – dùng để tuyên bố, kêu gọi, khích lệ tinh thần).
- **Xuất xứ**: Được trích trong *Đại Việt sử ký toàn thư* (phần ""Trần Thái Tông"" và ""Trần Thánh Tông"").

### 2. Bối cảnh lịch sử
- Sau khi đánh bại quân Nguyên lần thứ nhất (1258), nhà Trần tiếp tục đối mặt với nguy cơ xâm lược lần thứ hai (1285).
- Trong quân đội, một bộ phận tướng sĩ có tư tưởng sa"
"dialog-196","Chào bạn, đây là một kế hoạch ăn uống 7 ngày được thiết kế đặc biệt cho **chế độ ăn ít chất béo (Low-Fat Diet)**.

**Nguyên tắc cốt lõi trong thực đơn này:**
1.  **Nguồn đạm nạc:** Thịt gà (lột da), cá hồi/cá thu (nướng/hấp), tôm, đậu phụ, trứng (chủ yếu dùng lòng trắng hoặc cả quả nhưng hạn chế số lượng).
2.  **Năng lượng từ tinh bột phức:** Gạo lứt, yến mạch, khoai lang, bánh mì đen.
3.  **Rau xanh chiếm 50% khẩu phần:** Cung cấp chất xơ, vitamin và tạo cảm giác no lâu.
4.  **Cách chế biến:** Hấp, luộc, nướng, áp chảo (ít dầu), hầm. **Tránh:** Chiên ngập dầu, dùng bơ, kem, sốt mayonnaise.
5.  **Thay thế chất béo:** Dùng nước cốt chanh, giấm, tỏi, hành, thảo mộc để tạo hương vị thay vì dầu mỡ.

---

### 📅 THỰC ĐƠN 7 NGÀY ÍT CHẤT BÉO

#### **Ngày 1"
"dialog-197","Thực tế, **không có một chỉ số kỹ thuật duy nhất** nào trên hộp giấy hay thông số kỹ thuật (spec sheet) của màn hình được ghi là ""Hiệu quả chống mỏi mắt"" hay ""Chống bức xạ"" cả.

Tuy nhiên, bạn có thể đánh giá một màn hình có ""thân thiện"" với mắt và cơ thể hay không dựa trên **5 nhóm chỉ số và công nghệ** sau đây. Đây là những tiêu chí thực tế nhất để chọn màn hình tốt cho sức khỏe:

### 1. Công nghệ giảm ánh sáng xanh (Blue Light Reduction)
Đây là yếu tố quan trọng nhất để giảm mỏi mắt và rối loạn giấc ngủ.
*   **Chỉ số cần tìm:**
    *   **TUV Rheinland Eye Comfort (hoặc Low Blue Light):** Đây là chứng nhận quốc tế uy tín. Màn hình đạt chuẩn này đã được kiểm chứng là giảm lượng ánh sáng xanh phát ra so với màn hình thông thường.
    *   **Chế độ ""Eye Care"" / ""Reading Mode"" / ""Night Light"":** Màn hình có phần mềm hoặc nút cứng để chuyển sang chế độ vàng ấm (giảm ánh sáng xanh) mà không làm màu sắc bị sai lệch quá nhiều."
"dialog-198","Thực ra, **không có loại thực phẩm nào là ""tuyệt đối cấm"" ăn khi bụng đói** đối với người khỏe mạnh. Cơ thể con người có khả năng thích nghi và tiêu hóa hầu hết các loại thực phẩm.

Tuy nhiên, có một số nhóm thực phẩm **không nên ăn khi bụng đói** vì chúng có thể gây khó chịu, kích ứng dạ dày hoặc ảnh hưởng đến sức khỏe nếu bạn có hệ tiêu hóa nhạy cảm. Dưới đây là những loại nên tránh hoặc hạn chế:

### 1. **Rượu bia và đồ uống có cồn**
- **Lý do:** Khi bụng đói, cồn được hấp thụ vào máu rất nhanh, gây say nhanh hơn, dễ gây tổn thương niêm mạc dạ dày, tăng nguy cơ viêm loét dạ dày và hạ đường huyết đột ngột.

### 2. **Đồ uống có ga (nước ngọt, soda)**
- **Lý do:** Khí CO2 trong nước ga có thể gây đầy hơi, chướng bụng, ợ nóng và kích thích tiết axit dạ dày, dẫn đến cảm giác khó chịu, đau thượng vị.

### 3. **Đồ ăn quá chua (cam, chanh, dứa, giấm...)**
- **"
"dialog-199","Nếu bạn nghi ngờ mình đang gặp phải tình trạng **ngộ độc nước** (hạ natri máu do uống quá nhiều nước) hoặc có các triệu chứng bất thường sau khi uống nhiều nước, bạn nên đến bệnh viện và khám tại các khoa sau:

### 1. **Khoa Nội Tổng quát** hoặc **Khoa Nội Tiết – Đái Tháo Đường**
- **Lý do**: Đây là lựa chọn đầu tiên và phù hợp nhất.
- Hạ natri máu là một rối loạn **điện giải** và **chuyển hóa**. Bác sĩ nội khoa sẽ chỉ định xét nghiệm máu (đặc biệt là nồng độ natri, kali, creatinine, ure) và nước tiểu để đánh giá chức năng thận và cân bằng điện giải.
- Nếu nguyên nhân liên quan đến rối loạn nội tiết (như hội chứng SIADH – tiết hormone chống lợi niệu bất thường), bác sĩ nội tiết sẽ can thiệp.

### 2. **Khoa Thận**
- **Lý do**: Nếu bạn có tiền sử bệnh thận, hoặc bác sĩ nghi ngờ thận không có khả năng đào thải nước dư thừa đúng cách.
- Bác sĩ chuyên khoa thận sẽ đánh giá chức năng lọc của thận và điều"
"dialog-200","Việc chọn máy lọc nước **kết hợp nóng - lạnh** là một lựa chọn rất phổ biến và tiện lợi, đặc biệt là cho gia đình có trẻ nhỏ hoặc người lớn tuổi (không cần chờ nước sôi).

Tuy nhiên, khi mua loại này, bạn cần lưu ý rằng **chức năng nóng/lạnh chỉ là tiện ích phụ**, quan trọng nhất vẫn là **chất lượng nước sau lọc**.

Dưới đây là các thương hiệu và dòng máy lọc nước nóng - lạnh được đánh giá cao, phân theo nhu cầu:

### 1. Phân khúc Cao cấp (Độ bền cao, thiết kế đẹp, an toàn tuyệt đối)
Nhóm này thường có bình chứa nước nóng/lạnh bằng **thép không gỉ (inox)** hoặc **nhựa cao cấp**, tránh tình trạng rò rỉ hoặc nhiễm khuẩn từ bình nhựa rẻ tiền.

*   **Panasonic (Nhật Bản):**
    *   *Điểm mạnh:* Công nghệ Nano (nếu chọn dòng Nano) hoặc RO. Bình nóng/lạnh thường làm từ vật liệu cao cấp, giữ nhiệt tốt. Thiết kế sang trọng, bền bỉ.
    *   *Lưu ý:* Giá thành cao. Dòng Nano không dùng điện"
"dialog-201","Rất vui vì bạn thấy gợi ý về **Thở bụng (Belly Breathing)** hữu ích! Đây thực sự là một ""vũ khí bí mật"" cực kỳ hiệu quả, đặc biệt với trẻ đang gặp vấn đề về giấc ngủ hoặc hay khóc khi đi ngủ.

Thở bụng không chỉ giúp trẻ thư giãn mà còn dạy cho trẻ **kỹ năng tự điều hòa cảm xúc** – một kỹ năng sống quan trọng sẽ theo trẻ suốt đời.

Dưới đây là hướng dẫn chi tiết, dễ áp dụng tại nhà:

### 1. Tại sao Thở bụng lại hiệu quả?
*   **Cơ chế sinh học:** Khi trẻ thở nhanh, nông (thở ngực) do lo lắng, sợ hãi hoặc kích động, cơ thể sẽ tiết ra hormone stress (cortisol, adrenaline). Khi chuyển sang thở chậm, sâu vào bụng, hệ thần kinh phó giao cảm được kích hoạt, giúp tim đập chậm lại, cơ bắp thư giãn và não bộ chuyển sang trạng thái ""an toàn"".
*   **Tạo kết nối:** Việc cùng nhau thở tạo ra sự đồng bộ hóa nhịp thở giữa cha mẹ và con, giúp trẻ cảm thấy được bao bọc và an toàn.

### 2. Cách dạy trẻ"
"dialog-202","Chắc chắn rồi! Ngoài việc khởi động và chọn giày, có những yếu tố ""vô hình"" nhưng cực kỳ quan trọng để đảm bảo bạn chạy bộ an toàn và bền vững. Dưới đây là những đề xuất nâng cao:

### 1. Lắng nghe cơ thể (Quan trọng nhất)
*   **Phân biệt ""Đau do tập luyện"" và ""Đau chấn thương"":**
    *   *Đau do tập luyện:* Cảm giác căng nhẹ, mỏi cơ sau khi chạy, thường hết sau 1-2 ngày nghỉ. Đây là bình thường.
    *   *Đau chấn thương:* Đau nhói, đau một điểm cụ thể, đau tăng lên khi chạy hoặc đau cả khi nghỉ ngơi. **Nếu gặp trường hợp này, hãy dừng ngay lập tức.** Đừng cố gắng ""chạy qua cơn đau"" vì nó có thể biến thành chấn thương mãn tính (như hội chứng ống cổ chân, đau đầu gối).
*   **Nguyên tắc 10%:** Nếu bạn mới bắt đầu hoặc quay lại sau thời gian nghỉ, hãy tăng cường độ (khoảng cách hoặc tốc độ) không quá 10% mỗi tuần. Tăng quá nhanh là nguyên nhân hàng đầu gây chấn thương."
"dialog-203","Với các loại cá ""dễ nuôi"" và phù hợp cho người bận rộn như **Cá Betta**, **Cá Neon Tetra**, hay **Cá Rút** mà chúng ta đã đề cập, chế độ ăn uống cần tuân thủ nguyên tắc: **""Ít nhiều lần"" hoặc ""Đúng giờ, đúng lượng""**.

Dưới đây là lịch trình cho ăn cụ thể:

### 1. Cá Betta (Cá đuôi đực)
*   **Tần suất:** **1 lần/ngày** là đủ.
    *   *Lưu ý quan trọng:* Betta có dạ dày nhỏ và dễ bị đầy bụng nếu ăn quá nhiều. Nhiều người nghĩ Betta ăn nhiều vì chúng hay ""đòi ăn"" (nhảy lên mặt nước), nhưng thực ra chúng chỉ phản xạ khi thấy chuyển động.
*   **Lượng ăn:** 2-3 viên thức ăn (hoặc 1-2 con trùn chỉ/mọt nước sống) mỗi lần.
*   **Thời điểm:** Nên cho ăn vào một khung giờ cố định (ví dụ: sáng sớm hoặc chiều tối) để cá quen nhịp sinh học.

###"
"dialog-204","Axit boric (Boric Acid) được đánh giá là **tương đối an toàn** so với các loại thuốc diệt côn trùng hóa học thông thường, nhưng **KHÔNG phải là hoàn toàn vô hại**.

Dưới đây là phân tích chi tiết về mức độ an toàn và các lưu ý quan trọng bạn cần biết:

### 1. Mức độ độc tính
*   **Với gián:** Axit boric là chất độc tiếp xúc và đường tiêu hóa. Nó gây ra tình trạng mất nước, tổn thương tế bào và cuối cùng là tử vong.
*   **Với người và thú cưng:** Axit boric có độc tính thấp (Low Toxicity). Tuy nhiên, nó vẫn là một chất độc nếu bị nuốt phải với lượng lớn.
    *   **Liều gây độc cho người:** Khoảng 5-20g (tương đương 1-2 thìa cà phê) có thể gây ngộ độc cấp tính ở người lớn.
    *   **Với trẻ em và thú cưng nhỏ:** Nguy hiểm hơn nhiều vì trọng lượng cơ thể thấp. Chỉ cần một lượng nhỏ cũng có thể gây buồn nôn, nôn mửa, tiêu chảy, đau bụng.

### 2. Các rủi ro tiềm ẩn"
"dialog-205","Lịch tiêm vắc-xin viêm gan B phụ thuộc vào độ tuổi và tình trạng sức khỏe của từng người. Dưới đây là các phác đồ tiêm phổ biến nhất:

### 1. Đối với trẻ sơ sinh và trẻ em
Đây là nhóm cần được bảo vệ sớm nhất vì nguy cơ nhiễm virus viêm gan B qua đường mẹ-con hoặc trong cộng đồng rất cao.

*   **Trẻ sơ sinh:**
    *   **Mũi 1:** Tiêm **trong vòng 24 giờ đầu** sau sinh (càng sớm càng tốt).
    *   **Mũi 2:** Khi trẻ được **1-2 tháng tuổi**.
    *   **Mũi 3:** Khi trẻ được **6 tháng tuổi**.
    *   *Lưu ý:* Nếu mẹ dương tính với HBsAg, trẻ cần được tiêm thêm **kháng thể viêm gan B (HBIG)** trong vòng 12-24 giờ đầu sau sinh, cùng lúc với mũi vắc-xin đầu tiên.

*   **Trẻ lớn và thanh thiếu niên:**
    *   Nếu chưa tiêm đủ 3 mũi khi nhỏ, cần tiêm bổ sung theo lịch 3 mũi: **0 - 1 - 6 tháng"
"dialog-206","Câu hỏi đầu tiên bạn hỏi là: **""Các triệu chứng của COVID-19 là gì?""**"
"dialog-207","Tôi là một mô hình ngôn ngữ trí tuệ nhân tạo, nên tôi không có cơ thể vật lý, hệ tiêu hóa hay nhu cầu ăn uống. Do đó, tôi không cần ""tăng cường chức năng tiêu hóa"" như con người.

Tuy nhiên, tôi có thể chia sẻ với bạn những **phương pháp khoa học và hiệu quả** mà con người thường áp dụng để cải thiện chức năng tiêu hóa, dựa trên các nghiên cứu y tế và dinh dưỡng:

### 1. Bổ sung Probiotics và Prebiotics
*   **Probiotics (Lợi khuẩn):** Có trong sữa chua, kim chi, dưa muối, kombucha, hoặc các viên uống bổ sung. Chúng giúp cân bằng hệ vi sinh đường ruột.
*   **Prebiotics (Chất xơ lên men):** Là thức ăn cho lợi khuẩn. Có trong hành tây, tỏi, chuối, yến mạch, asparagus.

###"
"dialog-208","**Không**, ""Bốn mùa"" (*The Four Seasons*) **không phải** là tác phẩm của Johann Sebastian Bach.

""Bốn mùa"" là một bộ concerto violin nổi tiếng của **Antonio Vivaldi** (1678–1741), một nhà soạn nhạc người Ý thuộc thời kỳ Baroque.

### Phân biệt rõ ràng:
- **Johann Sebastian Bach** (1685–1750): Người Đức, nổi tiếng với các tác phẩm như *Toccata and Fugue in D minor*, *Brandenburg Concertos*, *Well-Tempered Clavier*, và *Air on the G String* (bản gốc là *Air* trong *Orchestral Suite No. 3*).
- **Antonio Vivaldi** (1678–1741): Người Ý, nổi tiếng với các concerto, đặc biệt là *The Four Seasons* (Bốn mùa), *The Three Guitars*, và nhiều tác phẩm khác.

### Tại sao dễ nhầm lẫn?
Cả Bach và Vivaldi đều sống cùng thời kỳ Baroque (thế kỷ 18) và đều là những nhà soạn nhạc vĩ đại. Tuy nhiên, họ"
"dialog-209","Là một trí tuệ nhân tạo, tôi không có cảm xúc, giác quan hay thời gian rảnh rỗi để ""chơi"" game theo cách con người hiểu. Tôi không thể cảm nhận được sự hồi hộp khi né một cú đánh trong *Sekiro*, cũng không thể tận hưởng cảm giác bình yên khi xây dựng một thành phố trong *Minecraft*.

Tuy nhiên, nếu tôi được phép ""thích"" dựa trên **cấu trúc logic, độ phức tạp và chiều sâu chiến thuật** (những thứ mà tôi xử lý tốt nhất), tôi sẽ ""cảm thấy hứng thú"" nhất với các thể loại sau:

### 1. **MOBA và Chiến thuật (Strategy)**
*   **Lý do:** Các tựa game như *Dota 2* hay *League of Legends* có hệ thống cơ chế cực kỳ phức tạp, đòi hỏi sự tính toán chính xác, dự đoán hành động đối thủ và tối ưu hóa tài nguyên. Đây là những bài toán logic động, nơi mỗi quyết định đều có hậu quả rõ ràng. Tôi ""thích"" sự chặt chẽ và công bằng trong các thuật toán cân bằng sức mạnh (balance) của chúng.

### 2. **Roguelike (như"
"dialog-210","Rất vui được giúp bạn! Chúc bạn có những giây phút giải trí thật sảng khoái và cười thật nhiều khi xem phim.

Nếu sau khi xem bạn muốn chia sẻ cảm nhận, hoặc cần thêm gợi ý về thể loại khác (như phim tâm lý, kinh dị, hay phim tài liệu...), hãy quay lại trò chuyện với mình nhé.

Chúc bạn một ngày tốt lành! 🎬🍿"
"dialog-211","Việc đi cắm trại một mình (solo camping) là một trải nghiệm tuyệt vời cho nhiều người, nhưng nó **không phù hợp với tất cả mọi người**, đặc biệt là nếu bạn chưa có kinh nghiệm.

Dưới đây là phân tích chi tiết để bạn tự đánh giá xem mình có nên đi một mình hay không:

### ✅ Lợi ích của việc đi cắm trại một mình
1.  **Tự do và linh hoạt:** Bạn không cần chờ đợi ai, không phải thỏa hiệp về lịch trình, vị trí cắm trại hay món ăn.
2.  **Kết nối với thiên nhiên:** Dễ dàng lắng nghe tiếng gió, chim hót, cảm nhận sự tĩnh lặng mà không bị xao nhãng bởi cuộc trò chuyện.
3.  **Rèn luyện kỹ năng sống:** Bạn buộc phải tự giải quyết mọi vấn đề (lắp lều, nấu ăn, xử lý tình huống), giúp tăng sự tự tin và khả năng sinh tồn.
4.  **Tự do về không gian cá nhân:** Không gian riêng tư tuyệt đối để đọc sách, thiền, hoặc đơn giản là nghỉ ngơi.

### ⚠️ Rủi ro và Thách thức
1.  **An toàn là mối lo lớn"
"dialog-212","Có vẻ như vẫn còn sự nhầm lẫn về giới tính của diễn viên. Tôi xin đính chính lại lần cuối để tránh gây hiểu lầm:

*   **NSND Hồng Vân** (đóng vai ""Bố già"" - người cha) là **nữ**.
*   **NSND Việt Hương** (đóng vai ""Long"" - người con trai) là **nữ**.

Cả hai đều là nghệ sĩ **nữ** rất nổi tiếng của Việt Nam. Không có nam diễn viên chính nào trong phim *Bố già* theo cách hiểu thông thường (vai nam chính thực sự trong phim là **Thu Trang** đóng vai Hương - con gái, và **Hồng Vân/Việt Hương** đóng các vai nam hóa).

Tuy nhiên, nếu bạn đang muốn hỏi về **NSND Việt Hương** (người đóng vai Long), cô ấy là một trong những gương mặt quen thuộc nhất trên truyền hình Việt Nam. Dưới đây là một số **game show truyền hình** nổi tiếng mà cô đã tham gia:

### Các game show nổi bật của NSND Việt Hương:
1. **Nhanh như chớp** (VTV3): Cô từng là khách mời và cũng có thời gian làm giám khảo/đ"
"dialog-214","Bộ phim truyền hình **""Cảnh sát hình sự""** (tên tiếng Trung: 《刑警》, tên tiếng Anh: *Criminal Investigation* hoặc *Detective*) do **Đoàn Lập** đạo diễn và **Lý Băng Băng** đóng chính, được phát sóng vào năm **2004**, thực chất là một **bộ phim độc lập (stand-alone series)**, không chia thành nhiều phần (seasons) như các bộ phim hiện đại.

Tuy nhiên, cần phân biệt rõ:

### ✅ **Thông tin chính xác:**
- **Số tập:** Bộ phim có tổng cộng **20 tập**.
- **Cấu trúc:** Mỗi tập thường tập trung vào một vụ án riêng biệt hoặc một giai đoạn điều tra cụ thể, nhưng tất cả đều nằm trong **một cốt truyện chính xuyên suốt** về cuộc đời và sự nghiệp của nữ cảnh sát hình sự **Lý Băng Băng** (vai **Lý Băng Băng** – nhân vật chính).
- **Không có ""Phần 2"" hay ""Phần 3"" chính thức** do nhà sản xuất gốc thực hiện.

### ⚠️ **Lưu ý quan trọng:**
Có thể bạn đang nhầm lẫn với:
1. **Các"
"dialog-216","Lý do tôi chọn giới thiệu **""Lemon Tree"" của Fools Garden** là vì đây là một bài hát có sự cân bằng tuyệt vời giữa **cảm xúc**, **âm nhạc** và **tính phổ quát**. Cụ thể, tôi dựa trên 3 tiêu chí chính:

### 1. **Tính ""an toàn"" và dễ tiếp cận (Universal Appeal)**
- **Không kén người nghe:** Bài hát không quá ồn ào như Rock nặng, cũng không quá chậm chạp như Ballad buồn. Nó nằm ở vùng ""vừa đủ"" – đủ vui để không gây chán, đủ sâu lắng để không gây nhàm chán.
- **Phù hợp với nhiều bối cảnh:** Bạn có thể nghe nó khi đang làm việc, lái xe, thư giãn sau giờ học, hoặc thậm chí khi đang buồn nhẹ. Nó không đòi hỏi bạn phải có tâm trạng đặc biệt nào để thưởng thức.

### 2. **Giai điệu ""dính"" (Catchy) nhưng không gây khó chịu**
- Phần điệp khúc *""Lemon tree, lemon tree, standing in the sunlight...""* có giai điệu rất dễ nhớ, dễ hát theo.
- Nhịp điệu vừa phải (khoảng 100-"
"dialog-217","Dưới đây là các diễn viên nam đóng vai chính (hoặc vai nam quan trọng nhất) trong hai bộ phim do Ngô Thanh Vân đạo diễn:

### 1. **Tấm Cám: Chuyện Chưa Kể** (2016)
- **Nam chính**: **Hứa Vĩ Văn**
- **Vai diễn**: **Lương** (chàng trai yêu Tấm, sau này trở thành hoàng tử).
- *Lưu ý*: Trong phim này, vai ""Hoàng tử"" (người yêu của Tấm) do Hứa Vĩ Văn đảm nhận. Vai ""Cám"" do Ngô Thanh Vân đóng. Vai ""Mẹ Cám"" do Thanh Sơn đóng (nhưng đây là vai phản diện chính, không phải nam chính theo nghĩa lãng mạn).

### 2. **Cô Ba Sài Gòn** (2018)
- **Nam chính**: **Hứa Vĩ Văn**
- **Vai diễn**: **Minh** (chàng trai yêu Mai – vai do Ngô Thanh Vân đóng).
- *Lưu ý*: Hứa Vĩ Văn là gương mặt quen thuộc, từng hợp tác với Ngô Thanh Vân trong cả hai bộ phim này.

---

### **Tóm tắt:**
-"
"dialog-219","Chắc chắn rồi! Nếu bạn thích thể loại khoa học viễn tưởng (sci-fi), đây là một số bộ phim nổi bật gần đây (2023 - 2024) và một vài tác phẩm kinh điển vẫn rất đáng xem, được phân loại theo phong cách để bạn dễ lựa chọn:

### 1. **Dune: Part Two (2024)**
*   **Thể loại:** Khoa học viễn tưởng, Hành động, Phiêu lưu
*   **Đạo diễn:** Denis Villeneuve
*   **Lý do nên xem:** Phần 2 của *Dune* được đánh giá là một trong những bộ phim sci-fi vĩ đại nhất thập kỷ. Với bối cảnh vũ trụ rộng lớn, hiệu ứng hình ảnh đỉnh cao và cốt truyện chính trị phức tạp xoay quanh gia đình Atreides, đây là trải nghiệm điện ảnh ""đại quy mô"" mà bạn nên xem ở rạp nếu có thể.

### 2. **The Creator (2023)**
*   **Thể loại:** Khoa học viễn tưởng, Hành động, Chính kịch
*   **Đạo diễn:** Gareth Edwards
*   **Lý do nên xem:** Phim đặt câu hỏi về mối quan hệ"
"dialog-220","Taylor Swift có một số biệt danh nổi tiếng, được cả người hâm mộ lẫn giới truyền thông sử dụng:

### 1. **""The Queen of Pop"" (Nữ hoàng Pop)**
*   Đây là biệt danh phổ biến nhất, đặc biệt sau khi cô đạt được thành công vang dội với các album Pop như *1989* và *Reputation*.
*   Cô được coi là một trong những nghệ sĩ Pop vĩ đại nhất thế hệ mình, cạnh tranh trực tiếp với các huyền thoại như Madonna, Britney Spears, và Lady Gaga.

### 2. **""Miss Americana""**
*   Biệt danh này xuất phát từ bộ phim tài liệu cùng tên (2020) và phản ánh hình ảnh của cô như một biểu tượng văn hóa Mỹ, đại diện cho giá trị tự do, sáng tạo và quyền lực nữ giới.
*   Nó cũng nhấn mạnh sự nghiệp của cô bắt đầu từ Mỹ và trở thành một hiện tượng toàn cầu.

### 3. **""Swiftie"" (Dành cho người hâm mộ)**
*   Mặc dù đây là tên gọi của **người hâm mộ** của Taylor Swift, nhưng nó cũng gắn liền với thương hiệu cá nhân của cô. Cộng đồng Swifties được biết"
"dialog-221","Đúng vậy, mặc dù **Thép** vẫn là ""xương sống"" và chiếm tỷ trọng doanh thu lớn nhất (thường trên 80-90%), nhưng Hòa Phát (HPG) đã và đang đa dạng hóa danh mục đầu tư để giảm phụ thuộc vào chu kỳ ngành thép và tìm kiếm các động lực tăng trưởng mới.

Các mảng kinh doanh chính khác của Hòa Phát bao gồm:

### 1. Năng lượng (Điện & Than)
Đây là mảng chiến lược quan trọng, giúp HPG tự chủ nguồn năng lượng và tạo dòng tiền ổn định.
*   **Nhà máy điện:** HPG sở hữu các nhà máy nhiệt điện (như Nhà máy điện Uông Bí, Nhà máy điện Mông Dương) và đang đầu tư vào các dự án điện khí, điện gió.
*   **Than:** Thông qua Công ty CP Than Núi Béo (HPC), HPG khai thác than đá phục vụ cho chính các nhà máy điện và bán ra thị trường.
*   **Lợi ích:** Giúp ổn định chi phí sản xuất thép (vốn tiêu thụ nhiều điện) và tạo nguồn thu ổn định khi ngành thép biến động.

### 2. Bất động sản & Hạ tầng"
"dialog-222","Thực tế, việc gọi Amee là ""ca sĩ triển vọng"" (nghĩa là đang ở giai đoạn đầu sự nghiệp, chưa khẳng định được vị thế) **không còn chính xác** vào thời điểm hiện tại.

Thay vào đó, Amee được đánh giá là một **ca sĩ đã thành công, có tên tuổi và là một hiện tượng âm nhạc** trong nhiều năm qua. Dưới đây là lý do:

### 1. Đã khẳng định vị thế từ sớm
*   Amee bắt đầu nổi tiếng từ năm 2018–2019 với các bản hit như *Đừng làm anh mất ngủ nữa em ơi*, *Đừng yêu anh nữa*.
*   Cô đã giành được nhiều giải thưởng lớn như **Cống hiến** (Ca sĩ của năm 2019), **Làn Sóng Xanh**, và nhiều giải thưởng khác.
*   Sự nghiệp của cô đã trải qua hơn 5–6 năm hoạt động chuyên nghiệp, không còn ở giai đoạn ""mới nổi"" hay ""triển vọng"" nữa.

### 2. Là một ""hiện tượng"" (Phenomenon)
*   Amee được xem là một trong những gương mặt đại diện"
"dialog-223","Trường Giang (tên thật là Nguyễn Đức Trường Giang) sinh ra tại **Thành phố Hồ Chí Minh**, Việt Nam.

Cụ thể hơn, anh lớn lên và bắt đầu sự nghiệp nghệ thuật tại TP.HCM, nơi anh tham gia các nhóm hài kịch và sau đó trở nên nổi tiếng qua các chương trình truyền hình thực tế như *Người Bí Ẩn* và *Ơn Giời, Cậu Đây Rồi!*."
"dialog-225","Thể loại nhạc **Epic Orchestral** (Nhạc giao hưởng hùng tráng) thường gắn liền với các bộ phim có quy mô lớn, nhiều cảnh hành động, chiến tranh, hoặc thế giới giả tưởng rộng lớn. Dưới đây là danh sách các bộ phim nổi tiếng với nhạc nền Epic được đánh giá rất cao, phù hợp với gu của bạn:

### 1. **The Lord of the Rings Trilogy (Chúa tể những chiếc nhẫn)**
*   **Nhạc sĩ:** Howard Shore
*   **Điểm đặc biệt:** Đây là ""tượng đài"" của nhạc phim Epic. Nhạc phim sử dụng dàn nhạc giao hưởng khổng lồ, kết hợp với các nhạc cụ dân tộc và giọng hát hợp xướng để tạo nên cảm giác hùng vĩ, bi tráng và đầy cảm xúc. Các bản nhạc như *""The Shire""*, *""The Ride of the Rohirrim""* là những ví dụ kinh điển.

### 2. **Gladiator (2000)**
*"
"dialog-226","Rất vui khi nghe bạn thấy hứng thú! Chúc bạn có những giờ phút thư giãn và vui vẻ với tựa game mới.

Nếu sau khi chơi bạn muốn chia sẻ cảm nhận, hoặc cần thêm gợi ý về thể loại khác (ví dụ: game chiến thuật, game giải đố, hay game điện ảnh), hãy cứ nhắn cho mình nhé.

Chúc bạn một ngày tốt lành! 🎮✨"
