record_type,protocol_id,protocol_version,condition,phase,profile_id,model_name,dataset_id,dataset_label,split,breakdown_level,breakdown_name,gold_status,status,expected_n,completed_n,request_expected_n,request_completed_n,request_error_n,missing_n,coverage_pct,correct,accuracy_pct,server_accuracy_pct,accuracy_ci95_lower_pct,accuracy_ci95_upper_pct,em_pct,em_ci95_lower_pct,em_ci95_upper_pct,token_f1_pct,token_f1_ci95_lower_pct,token_f1_ci95_upper_pct,parse_valid_n,parse_valid_pct,truncated_n,unparsed_n,latency_s_p50,latency_s_p90,repeat_n,repeat_pair_n,repeat_same_answer_n,repeat_agreement_pct,score_source,notes
dataset,vi-multimodel-v1,1,main_v1,main,muse-spark-1-3-contributor,Muse Spark 1.3 Contributor,vi-multimodel-v1-vmlu-valid,VMLU valid,valid,,,local,complete,744,744,744,744,0,0,100.0,678,91.13,,88.86906154591617,92.96646559443404,,,,,,,744,,0,0,7.9977,14.3604,0,0,0,,,
dataset,vi-multimodel-v1,1,main_v1,main,muse-spark-1-3-contributor,Muse Spark 1.3 Contributor,vi-multimodel-v1-vi-squad-200,Vi-SQuAD,squad,,,local,complete,200,200,200,200,0,0,100.0,,,,,,74.5,68.36734693877551,80.90452261306532,89.01,85.38706576498339,92.49503310227607,,,1,,7.5034,11.7673,0,0,0,,,
dataset,vi-multimodel-v1,1,main_v1,main,muse-spark-1-3-contributor,Muse Spark 1.3 Contributor,vi-multimodel-v1-vi-drop-200,Vi-DROP,drop,,,local,complete,200,200,200,200,0,0,100.0,,,,,,58.5,51.87165775401069,64.82412060301507,73.86,68.81497067159499,78.75281711102606,,,5,,8.9373,15.9331,0,0,0,,,
dataset,vi-multimodel-v1,1,main_v1,main,muse-spark-1-3-contributor,Muse Spark 1.3 Contributor,vi-multimodel-v1-legal-mc-146,Legal MC,mc,,,local,complete,146,146,146,146,0,0,100.0,136,93.15,,87.85152243518337,96.23735456298861,,,,,,,144,,2,2,12.2196,20.5904,0,0,0,,,
dataset,vi-multimodel-v1,1,main_v1,main,muse-spark-1-3-contributor,Muse Spark 1.3 Contributor,vi-multimodel-v1-legal-nli-150,Legal NLI,nli,,,local,complete,150,150,150,150,0,0,100.0,120,80.0,,72.88586692020037,85.61591841771504,,,,,,,149,,1,1,9.9701,15.0182,0,0,0,,,
dataset,vi-multimodel-v1,1,main_v1,main,muse-spark-1-3-contributor,Muse Spark 1.3 Contributor,vi-multimodel-v1-bidlqa-test,ViBidLQA test,test,,,local,complete,603,603,603,603,0,0,100.0,,,,,,50.25,46.14093959731543,54.29553264604811,76.89,74.11106450801859,79.56438274853731,,,2,,9.7404,14.649,0,0,0,,,
phase_summary,vi-multimodel-v1,1,main_v1,main,muse-spark-1-3-contributor,Muse Spark 1.3 Contributor,main_all,main phase total,,,,,complete,2043,2043,2043,2043,0,0,100.0,,,,,,,,,,,,,,11,,,,0,,,,,"2,043 unique items; 100% final coverage."
breakdown,vi-multimodel-v1,1,main_v1,main,muse-spark-1-3-contributor,Muse Spark 1.3 Contributor,vi-multimodel-v1-vmlu-valid,VMLU valid,main,category,Humanity,local,complete_local_score,229,229,229,229,0,0,100,201,87.77,,,,,,,,,,,,,0,,,,,,,,Group/subject breakdown from source summary.
breakdown,vi-multimodel-v1,1,main_v1,main,muse-spark-1-3-contributor,Muse Spark 1.3 Contributor,vi-multimodel-v1-vmlu-valid,VMLU valid,main,category,Other,local,complete_local_score,112,112,112,112,0,0,100,101,90.18,,,,,,,,,,,,,0,,,,,,,,Group/subject breakdown from source summary.
breakdown,vi-multimodel-v1,1,main_v1,main,muse-spark-1-3-contributor,Muse Spark 1.3 Contributor,vi-multimodel-v1-vmlu-valid,VMLU valid,main,category,STEM,local,complete_local_score,272,272,272,272,0,0,100,258,94.85,,,,,,,,,,,,,0,,,,,,,,Group/subject breakdown from source summary.
breakdown,vi-multimodel-v1,1,main_v1,main,muse-spark-1-3-contributor,Muse Spark 1.3 Contributor,vi-multimodel-v1-vmlu-valid,VMLU valid,main,category,Social Science,local,complete_local_score,131,131,131,131,0,0,100,118,90.08,,,,,,,,,,,,,0,,,,,,,,Group/subject breakdown from source summary.
breakdown,vi-multimodel-v1,1,main_v1,main,muse-spark-1-3-contributor,Muse Spark 1.3 Contributor,vi-multimodel-v1-vmlu-valid,VMLU valid,main,subject,01 Elementary Mathematics,local,complete_local_score,14,14,14,14,0,0,100,13,92.86,,,,,,,,,,,,,0,,,,,,,,Group/subject breakdown from source summary.
breakdown,vi-multimodel-v1,1,main_v1,main,muse-spark-1-3-contributor,Muse Spark 1.3 Contributor,vi-multimodel-v1-vmlu-valid,VMLU valid,main,subject,02 Elementary Science,local,complete_local_score,14,14,14,14,0,0,100,14,100.0,,,,,,,,,,,,,0,,,,,,,,Group/subject breakdown from source summary.
breakdown,vi-multimodel-v1,1,main_v1,main,muse-spark-1-3-contributor,Muse Spark 1.3 Contributor,vi-multimodel-v1-vmlu-valid,VMLU valid,main,subject,03 Middle School Biology,local,complete_local_score,13,13,13,13,0,0,100,12,92.31,,,,,,,,,,,,,0,,,,,,,,Group/subject breakdown from source summary.
breakdown,vi-multimodel-v1,1,main_v1,main,muse-spark-1-3-contributor,Muse Spark 1.3 Contributor,vi-multimodel-v1-vmlu-valid,VMLU valid,main,subject,04 Middle School Chemistry,local,complete_local_score,14,14,14,14,0,0,100,13,92.86,,,,,,,,,,,,,0,,,,,,,,Group/subject breakdown from source summary.
breakdown,vi-multimodel-v1,1,main_v1,main,muse-spark-1-3-contributor,Muse Spark 1.3 Contributor,vi-multimodel-v1-vmlu-valid,VMLU valid,main,subject,05 Middle School Mathematics,local,complete_local_score,8,8,8,8,0,0,100,8,100.0,,,,,,,,,,,,,0,,,,,,,,Group/subject breakdown from source summary.
breakdown,vi-multimodel-v1,1,main_v1,main,muse-spark-1-3-contributor,Muse Spark 1.3 Contributor,vi-multimodel-v1-vmlu-valid,VMLU valid,main,subject,06 Middle School Physics,local,complete_local_score,14,14,14,14,0,0,100,13,92.86,,,,,,,,,,,,,0,,,,,,,,Group/subject breakdown from source summary.
breakdown,vi-multimodel-v1,1,main_v1,main,muse-spark-1-3-contributor,Muse Spark 1.3 Contributor,vi-multimodel-v1-vmlu-valid,VMLU valid,main,subject,07 High School Biology,local,complete_local_score,14,14,14,14,0,0,100,14,100.0,,,,,,,,,,,,,0,,,,,,,,Group/subject breakdown from source summary.
breakdown,vi-multimodel-v1,1,main_v1,main,muse-spark-1-3-contributor,Muse Spark 1.3 Contributor,vi-multimodel-v1-vmlu-valid,VMLU valid,main,subject,08 High School Chemistry,local,complete_local_score,14,14,14,14,0,0,100,14,100.0,,,,,,,,,,,,,0,,,,,,,,Group/subject breakdown from source summary.
breakdown,vi-multimodel-v1,1,main_v1,main,muse-spark-1-3-contributor,Muse Spark 1.3 Contributor,vi-multimodel-v1-vmlu-valid,VMLU valid,main,subject,09 High School Mathematics,local,complete_local_score,11,11,11,11,0,0,100,10,90.91,,,,,,,,,,,,,0,,,,,,,,Group/subject breakdown from source summary.
breakdown,vi-multimodel-v1,1,main_v1,main,muse-spark-1-3-contributor,Muse Spark 1.3 Contributor,vi-multimodel-v1-vmlu-valid,VMLU valid,main,subject,10 High School Physics,local,complete_local_score,14,14,14,14,0,0,100,14,100.0,,,,,,,,,,,,,0,,,,,,,,Group/subject breakdown from source summary.
breakdown,vi-multimodel-v1,1,main_v1,main,muse-spark-1-3-contributor,Muse Spark 1.3 Contributor,vi-multimodel-v1-vmlu-valid,VMLU valid,main,subject,11 Applied Informatics,local,complete_local_score,14,14,14,14,0,0,100,13,92.86,,,,,,,,,,,,,0,,,,,,,,Group/subject breakdown from source summary.
breakdown,vi-multimodel-v1,1,main_v1,main,muse-spark-1-3-contributor,Muse Spark 1.3 Contributor,vi-multimodel-v1-vmlu-valid,VMLU valid,main,subject,12 Computer Architecture,local,complete_local_score,14,14,14,14,0,0,100,13,92.86,,,,,,,,,,,,,0,,,,,,,,Group/subject breakdown from source summary.
breakdown,vi-multimodel-v1,1,main_v1,main,muse-spark-1-3-contributor,Muse Spark 1.3 Contributor,vi-multimodel-v1-vmlu-valid,VMLU valid,main,subject,13 Computer Network,local,complete_local_score,13,13,13,13,0,0,100,13,100.0,,,,,,,,,,,,,0,,,,,,,,Group/subject breakdown from source summary.
breakdown,vi-multimodel-v1,1,main_v1,main,muse-spark-1-3-contributor,Muse Spark 1.3 Contributor,vi-multimodel-v1-vmlu-valid,VMLU valid,main,subject,14 Discrete Mathematics,local,complete_local_score,12,12,12,12,0,0,100,12,100.0,,,,,,,,,,,,,0,,,,,,,,Group/subject breakdown from source summary.
breakdown,vi-multimodel-v1,1,main_v1,main,muse-spark-1-3-contributor,Muse Spark 1.3 Contributor,vi-multimodel-v1-vmlu-valid,VMLU valid,main,subject,15 Electrical Engineering,local,complete_local_score,13,13,13,13,0,0,100,13,100.0,,,,,,,,,,,,,0,,,,,,,,Group/subject breakdown from source summary.
breakdown,vi-multimodel-v1,1,main_v1,main,muse-spark-1-3-contributor,Muse Spark 1.3 Contributor,vi-multimodel-v1-vmlu-valid,VMLU valid,main,subject,16 Introduction to Chemistry,local,complete_local_score,13,13,13,13,0,0,100,13,100.0,,,,,,,,,,,,,0,,,,,,,,Group/subject breakdown from source summary.
breakdown,vi-multimodel-v1,1,main_v1,main,muse-spark-1-3-contributor,Muse Spark 1.3 Contributor,vi-multimodel-v1-vmlu-valid,VMLU valid,main,subject,17 Introduction to Physics,local,complete_local_score,13,13,13,13,0,0,100,12,92.31,,,,,,,,,,,,,0,,,,,,,,Group/subject breakdown from source summary.
breakdown,vi-multimodel-v1,1,main_v1,main,muse-spark-1-3-contributor,Muse Spark 1.3 Contributor,vi-multimodel-v1-vmlu-valid,VMLU valid,main,subject,18 Introduction to Programming,local,complete_local_score,13,13,13,13,0,0,100,12,92.31,,,,,,,,,,,,,0,,,,,,,,Group/subject breakdown from source summary.
breakdown,vi-multimodel-v1,1,main_v1,main,muse-spark-1-3-contributor,Muse Spark 1.3 Contributor,vi-multimodel-v1-vmlu-valid,VMLU valid,main,subject,19 Metrology Engineer,local,complete_local_score,10,10,10,10,0,0,100,8,80.0,,,,,,,,,,,,,0,,,,,,,,Group/subject breakdown from source summary.
breakdown,vi-multimodel-v1,1,main_v1,main,muse-spark-1-3-contributor,Muse Spark 1.3 Contributor,vi-multimodel-v1-vmlu-valid,VMLU valid,main,subject,20 Operating System,local,complete_local_score,14,14,14,14,0,0,100,11,78.57,,,,,,,,,,,,,0,,,,,,,,Group/subject breakdown from source summary.
breakdown,vi-multimodel-v1,1,main_v1,main,muse-spark-1-3-contributor,Muse Spark 1.3 Contributor,vi-multimodel-v1-vmlu-valid,VMLU valid,main,subject,21 Statistics and Probability,local,complete_local_score,13,13,13,13,0,0,100,13,100.0,,,,,,,,,,,,,0,,,,,,,,Group/subject breakdown from source summary.
breakdown,vi-multimodel-v1,1,main_v1,main,muse-spark-1-3-contributor,Muse Spark 1.3 Contributor,vi-multimodel-v1-vmlu-valid,VMLU valid,main,subject,22 Middle School Civil Education,local,complete_local_score,13,13,13,13,0,0,100,10,76.92,,,,,,,,,,,,,0,,,,,,,,Group/subject breakdown from source summary.
breakdown,vi-multimodel-v1,1,main_v1,main,muse-spark-1-3-contributor,Muse Spark 1.3 Contributor,vi-multimodel-v1-vmlu-valid,VMLU valid,main,subject,23 Middle School Geography,local,complete_local_score,11,11,11,11,0,0,100,10,90.91,,,,,,,,,,,,,0,,,,,,,,Group/subject breakdown from source summary.
breakdown,vi-multimodel-v1,1,main_v1,main,muse-spark-1-3-contributor,Muse Spark 1.3 Contributor,vi-multimodel-v1-vmlu-valid,VMLU valid,main,subject,24 High School Civil Education,local,complete_local_score,14,14,14,14,0,0,100,13,92.86,,,,,,,,,,,,,0,,,,,,,,Group/subject breakdown from source summary.
breakdown,vi-multimodel-v1,1,main_v1,main,muse-spark-1-3-contributor,Muse Spark 1.3 Contributor,vi-multimodel-v1-vmlu-valid,VMLU valid,main,subject,25 High School Geography,local,complete_local_score,12,12,12,12,0,0,100,11,91.67,,,,,,,,,,,,,0,,,,,,,,Group/subject breakdown from source summary.
breakdown,vi-multimodel-v1,1,main_v1,main,muse-spark-1-3-contributor,Muse Spark 1.3 Contributor,vi-multimodel-v1-vmlu-valid,VMLU valid,main,subject,26 Business Administration,local,complete_local_score,13,13,13,13,0,0,100,12,92.31,,,,,,,,,,,,,0,,,,,,,,Group/subject breakdown from source summary.
breakdown,vi-multimodel-v1,1,main_v1,main,muse-spark-1-3-contributor,Muse Spark 1.3 Contributor,vi-multimodel-v1-vmlu-valid,VMLU valid,main,subject,27 Ho Chi Minh Ideology,local,complete_local_score,13,13,13,13,0,0,100,13,100.0,,,,,,,,,,,,,0,,,,,,,,Group/subject breakdown from source summary.
breakdown,vi-multimodel-v1,1,main_v1,main,muse-spark-1-3-contributor,Muse Spark 1.3 Contributor,vi-multimodel-v1-vmlu-valid,VMLU valid,main,subject,28 Macroeconomics,local,complete_local_score,14,14,14,14,0,0,100,11,78.57,,,,,,,,,,,,,0,,,,,,,,Group/subject breakdown from source summary.
breakdown,vi-multimodel-v1,1,main_v1,main,muse-spark-1-3-contributor,Muse Spark 1.3 Contributor,vi-multimodel-v1-vmlu-valid,VMLU valid,main,subject,29 Microeconomics,local,complete_local_score,14,14,14,14,0,0,100,14,100.0,,,,,,,,,,,,,0,,,,,,,,Group/subject breakdown from source summary.
breakdown,vi-multimodel-v1,1,main_v1,main,muse-spark-1-3-contributor,Muse Spark 1.3 Contributor,vi-multimodel-v1-vmlu-valid,VMLU valid,main,subject,30 Principles of Marxism and Leninism,local,complete_local_score,14,14,14,14,0,0,100,14,100.0,,,,,,,,,,,,,0,,,,,,,,Group/subject breakdown from source summary.
breakdown,vi-multimodel-v1,1,main_v1,main,muse-spark-1-3-contributor,Muse Spark 1.3 Contributor,vi-multimodel-v1-vmlu-valid,VMLU valid,main,subject,31 Sociology,local,complete_local_score,13,13,13,13,0,0,100,10,76.92,,,,,,,,,,,,,0,,,,,,,,Group/subject breakdown from source summary.
breakdown,vi-multimodel-v1,1,main_v1,main,muse-spark-1-3-contributor,Muse Spark 1.3 Contributor,vi-multimodel-v1-vmlu-valid,VMLU valid,main,subject,32 Elementary History,local,complete_local_score,13,13,13,13,0,0,100,13,100.0,,,,,,,,,,,,,0,,,,,,,,Group/subject breakdown from source summary.
breakdown,vi-multimodel-v1,1,main_v1,main,muse-spark-1-3-contributor,Muse Spark 1.3 Contributor,vi-multimodel-v1-vmlu-valid,VMLU valid,main,subject,33 Middle School History,local,complete_local_score,14,14,14,14,0,0,100,14,100.0,,,,,,,,,,,,,0,,,,,,,,Group/subject breakdown from source summary.
breakdown,vi-multimodel-v1,1,main_v1,main,muse-spark-1-3-contributor,Muse Spark 1.3 Contributor,vi-multimodel-v1-vmlu-valid,VMLU valid,main,subject,34 Middle School Literature,local,complete_local_score,13,13,13,13,0,0,100,9,69.23,,,,,,,,,,,,,0,,,,,,,,Group/subject breakdown from source summary.
breakdown,vi-multimodel-v1,1,main_v1,main,muse-spark-1-3-contributor,Muse Spark 1.3 Contributor,vi-multimodel-v1-vmlu-valid,VMLU valid,main,subject,35 High School History,local,complete_local_score,14,14,14,14,0,0,100,13,92.86,,,,,,,,,,,,,0,,,,,,,,Group/subject breakdown from source summary.
breakdown,vi-multimodel-v1,1,main_v1,main,muse-spark-1-3-contributor,Muse Spark 1.3 Contributor,vi-multimodel-v1-vmlu-valid,VMLU valid,main,subject,36 High School Literature,local,complete_local_score,14,14,14,14,0,0,100,12,85.71,,,,,,,,,,,,,0,,,,,,,,Group/subject breakdown from source summary.
breakdown,vi-multimodel-v1,1,main_v1,main,muse-spark-1-3-contributor,Muse Spark 1.3 Contributor,vi-multimodel-v1-vmlu-valid,VMLU valid,main,subject,37 Administrative Law,local,complete_local_score,7,7,7,7,0,0,100,6,85.71,,,,,,,,,,,,,0,,,,,,,,Group/subject breakdown from source summary.
breakdown,vi-multimodel-v1,1,main_v1,main,muse-spark-1-3-contributor,Muse Spark 1.3 Contributor,vi-multimodel-v1-vmlu-valid,VMLU valid,main,subject,38 Business Law,local,complete_local_score,13,13,13,13,0,0,100,12,92.31,,,,,,,,,,,,,0,,,,,,,,Group/subject breakdown from source summary.
breakdown,vi-multimodel-v1,1,main_v1,main,muse-spark-1-3-contributor,Muse Spark 1.3 Contributor,vi-multimodel-v1-vmlu-valid,VMLU valid,main,subject,39 Civil Law,local,complete_local_score,14,14,14,14,0,0,100,9,64.29,,,,,,,,,,,,,0,,,,,,,,Group/subject breakdown from source summary.
breakdown,vi-multimodel-v1,1,main_v1,main,muse-spark-1-3-contributor,Muse Spark 1.3 Contributor,vi-multimodel-v1-vmlu-valid,VMLU valid,main,subject,40 Criminal Law,local,complete_local_score,12,12,12,12,0,0,100,10,83.33,,,,,,,,,,,,,0,,,,,,,,Group/subject breakdown from source summary.
breakdown,vi-multimodel-v1,1,main_v1,main,muse-spark-1-3-contributor,Muse Spark 1.3 Contributor,vi-multimodel-v1-vmlu-valid,VMLU valid,main,subject,41 Economic Law,local,complete_local_score,12,12,12,12,0,0,100,11,91.67,,,,,,,,,,,,,0,,,,,,,,Group/subject breakdown from source summary.
breakdown,vi-multimodel-v1,1,main_v1,main,muse-spark-1-3-contributor,Muse Spark 1.3 Contributor,vi-multimodel-v1-vmlu-valid,VMLU valid,main,subject,42 Education Law,local,complete_local_score,12,12,12,12,0,0,100,11,91.67,,,,,,,,,,,,,0,,,,,,,,Group/subject breakdown from source summary.
breakdown,vi-multimodel-v1,1,main_v1,main,muse-spark-1-3-contributor,Muse Spark 1.3 Contributor,vi-multimodel-v1-vmlu-valid,VMLU valid,main,subject,43 History of World Civilization,local,complete_local_score,14,14,14,14,0,0,100,11,78.57,,,,,,,,,,,,,0,,,,,,,,Group/subject breakdown from source summary.
breakdown,vi-multimodel-v1,1,main_v1,main,muse-spark-1-3-contributor,Muse Spark 1.3 Contributor,vi-multimodel-v1-vmlu-valid,VMLU valid,main,subject,44 Idealogical and Moral Cultivation,local,complete_local_score,14,14,14,14,0,0,100,14,100.0,,,,,,,,,,,,,0,,,,,,,,Group/subject breakdown from source summary.
breakdown,vi-multimodel-v1,1,main_v1,main,muse-spark-1-3-contributor,Muse Spark 1.3 Contributor,vi-multimodel-v1-vmlu-valid,VMLU valid,main,subject,45 Introduction to Laws,local,complete_local_score,9,9,9,9,0,0,100,8,88.89,,,,,,,,,,,,,0,,,,,,,,Group/subject breakdown from source summary.
breakdown,vi-multimodel-v1,1,main_v1,main,muse-spark-1-3-contributor,Muse Spark 1.3 Contributor,vi-multimodel-v1-vmlu-valid,VMLU valid,main,subject,46 Introduction to Vietnam Culture,local,complete_local_score,14,14,14,14,0,0,100,12,85.71,,,,,,,,,,,,,0,,,,,,,,Group/subject breakdown from source summary.
breakdown,vi-multimodel-v1,1,main_v1,main,muse-spark-1-3-contributor,Muse Spark 1.3 Contributor,vi-multimodel-v1-vmlu-valid,VMLU valid,main,subject,47 Logic,local,complete_local_score,13,13,13,13,0,0,100,12,92.31,,,,,,,,,,,,,0,,,,,,,,Group/subject breakdown from source summary.
breakdown,vi-multimodel-v1,1,main_v1,main,muse-spark-1-3-contributor,Muse Spark 1.3 Contributor,vi-multimodel-v1-vmlu-valid,VMLU valid,main,subject,48 Revolutionary Policy of the Vietnamese Commununist Part,local,complete_local_score,14,14,14,14,0,0,100,12,85.71,,,,,,,,,,,,,0,,,,,,,,Group/subject breakdown from source summary.
breakdown,vi-multimodel-v1,1,main_v1,main,muse-spark-1-3-contributor,Muse Spark 1.3 Contributor,vi-multimodel-v1-vmlu-valid,VMLU valid,main,subject,49 Vietnamese Language and Literature,local,complete_local_score,13,13,13,13,0,0,100,12,92.31,,,,,,,,,,,,,0,,,,,,,,Group/subject breakdown from source summary.
breakdown,vi-multimodel-v1,1,main_v1,main,muse-spark-1-3-contributor,Muse Spark 1.3 Contributor,vi-multimodel-v1-vmlu-valid,VMLU valid,main,subject,50 Accountant,local,complete_local_score,13,13,13,13,0,0,100,13,100.0,,,,,,,,,,,,,0,,,,,,,,Group/subject breakdown from source summary.
breakdown,vi-multimodel-v1,1,main_v1,main,muse-spark-1-3-contributor,Muse Spark 1.3 Contributor,vi-multimodel-v1-vmlu-valid,VMLU valid,main,subject,51 Clinical Pharmacology,local,complete_local_score,14,14,14,14,0,0,100,14,100.0,,,,,,,,,,,,,0,,,,,,,,Group/subject breakdown from source summary.
breakdown,vi-multimodel-v1,1,main_v1,main,muse-spark-1-3-contributor,Muse Spark 1.3 Contributor,vi-multimodel-v1-vmlu-valid,VMLU valid,main,subject,52 Environmental Engineering,local,complete_local_score,13,13,13,13,0,0,100,12,92.31,,,,,,,,,,,,,0,,,,,,,,Group/subject breakdown from source summary.
breakdown,vi-multimodel-v1,1,main_v1,main,muse-spark-1-3-contributor,Muse Spark 1.3 Contributor,vi-multimodel-v1-vmlu-valid,VMLU valid,main,subject,53 Internal Basic Medicine,local,complete_local_score,13,13,13,13,0,0,100,9,69.23,,,,,,,,,,,,,0,,,,,,,,Group/subject breakdown from source summary.
breakdown,vi-multimodel-v1,1,main_v1,main,muse-spark-1-3-contributor,Muse Spark 1.3 Contributor,vi-multimodel-v1-vmlu-valid,VMLU valid,main,subject,54 Preschool Pedagogy,local,complete_local_score,7,7,7,7,0,0,100,7,100.0,,,,,,,,,,,,,0,,,,,,,,Group/subject breakdown from source summary.
breakdown,vi-multimodel-v1,1,main_v1,main,muse-spark-1-3-contributor,Muse Spark 1.3 Contributor,vi-multimodel-v1-vmlu-valid,VMLU valid,main,subject,55 Tax Accountant,local,complete_local_score,13,13,13,13,0,0,100,11,84.62,,,,,,,,,,,,,0,,,,,,,,Group/subject breakdown from source summary.
breakdown,vi-multimodel-v1,1,main_v1,main,muse-spark-1-3-contributor,Muse Spark 1.3 Contributor,vi-multimodel-v1-vmlu-valid,VMLU valid,main,subject,56 Tax Civil Servant,local,complete_local_score,13,13,13,13,0,0,100,10,76.92,,,,,,,,,,,,,0,,,,,,,,Group/subject breakdown from source summary.
breakdown,vi-multimodel-v1,1,main_v1,main,muse-spark-1-3-contributor,Muse Spark 1.3 Contributor,vi-multimodel-v1-vmlu-valid,VMLU valid,main,subject,57 Civil Servant,local,complete_local_score,13,13,13,13,0,0,100,12,92.31,,,,,,,,,,,,,0,,,,,,,,Group/subject breakdown from source summary.
breakdown,vi-multimodel-v1,1,main_v1,main,muse-spark-1-3-contributor,Muse Spark 1.3 Contributor,vi-multimodel-v1-vmlu-valid,VMLU valid,main,subject,58 Driving License Certificate,local,complete_local_score,13,13,13,13,0,0,100,13,100.0,,,,,,,,,,,,,0,,,,,,,,Group/subject breakdown from source summary.
dataset,vi-multimodel-v1,1,main_v1,main,mimo-v2-6-flash,MiMo V2.6 Flash,vi-multimodel-v1-vmlu-valid,VMLU valid,valid,,,local,complete,744,744,744,744,0,0,100.0,596,80.11,,77.08765286939075,82.81809248825121,,,,,,,712,,25,32,12.7802,34.8076,0,0,0,,,
dataset,vi-multimodel-v1,1,main_v1,main,mimo-v2-6-flash,MiMo V2.6 Flash,vi-multimodel-v1-vi-squad-200,Vi-SQuAD,squad,,,local,complete,200,200,200,200,0,0,100.0,,,,,,67.0,60.69651741293532,73.57512953367875,86.45,82.9389597264691,90.03385615136345,,,0,,12.8479,23.7084,0,0,0,,,
dataset,vi-multimodel-v1,1,main_v1,main,mimo-v2-6-flash,MiMo V2.6 Flash,vi-multimodel-v1-vi-drop-200,Vi-DROP,drop,,,local,complete,200,200,200,200,0,0,100.0,,,,,,24.0,18.134715025906736,29.896907216494846,50.0,45.03648620190573,54.85943127375753,,,0,,14.5171,27.8506,0,0,0,,,
dataset,vi-multimodel-v1,1,main_v1,main,mimo-v2-6-flash,MiMo V2.6 Flash,vi-multimodel-v1-legal-mc-146,Legal MC,mc,,,local,complete,146,146,146,146,0,0,100.0,119,81.51,,74.43051817231313,86.96770947714579,,,,,,,126,,9,20,18.6876,45.5066,0,0,0,,,
dataset,vi-multimodel-v1,1,main_v1,main,mimo-v2-6-flash,MiMo V2.6 Flash,vi-multimodel-v1-legal-nli-150,Legal NLI,nli,,,local,complete,150,150,150,150,0,0,100.0,130,86.67,,80.3019825502258,91.20019952944858,,,,,,,150,,0,0,11.4008,17.1381,0,0,0,,,
dataset,vi-multimodel-v1,1,main_v1,main,mimo-v2-6-flash,MiMo V2.6 Flash,vi-multimodel-v1-bidlqa-test,ViBidLQA test,test,,,local,complete,603,603,603,603,0,0,100.0,,,,,,38.97,34.7972972972973,42.92763157894737,74.3,71.7478254913085,76.87340019575728,,,0,,12.8244,19.9112,0,0,0,,,
phase_summary,vi-multimodel-v1,1,main_v1,main,mimo-v2-6-flash,MiMo V2.6 Flash,main_all,main phase total,,,,,complete,2043,2043,2043,2043,0,0,100.0,,,,,,,,,,,,,,34,,,,0,,,,,"2,043 unique items; 100% final coverage."
breakdown,vi-multimodel-v1,1,main_v1,main,mimo-v2-6-flash,MiMo V2.6 Flash,vi-multimodel-v1-vmlu-valid,VMLU valid,main,category,Humanity,local,complete_local_score,229,229,229,229,0,0,100,167,72.93,,,,,,,,,,,,,12,,,,,,,,Group/subject breakdown from source summary.
breakdown,vi-multimodel-v1,1,main_v1,main,mimo-v2-6-flash,MiMo V2.6 Flash,vi-multimodel-v1-vmlu-valid,VMLU valid,main,category,Other,local,complete_local_score,112,112,112,112,0,0,100,71,63.39,,,,,,,,,,,,,11,,,,,,,,Group/subject breakdown from source summary.
breakdown,vi-multimodel-v1,1,main_v1,main,mimo-v2-6-flash,MiMo V2.6 Flash,vi-multimodel-v1-vmlu-valid,VMLU valid,main,category,STEM,local,complete_local_score,272,272,272,272,0,0,100,250,91.91,,,,,,,,,,,,,5,,,,,,,,Group/subject breakdown from source summary.
breakdown,vi-multimodel-v1,1,main_v1,main,mimo-v2-6-flash,MiMo V2.6 Flash,vi-multimodel-v1-vmlu-valid,VMLU valid,main,category,Social Science,local,complete_local_score,131,131,131,131,0,0,100,108,82.44,,,,,,,,,,,,,4,,,,,,,,Group/subject breakdown from source summary.
breakdown,vi-multimodel-v1,1,main_v1,main,mimo-v2-6-flash,MiMo V2.6 Flash,vi-multimodel-v1-vmlu-valid,VMLU valid,main,subject,01 Elementary Mathematics,local,complete_local_score,14,14,14,14,0,0,100,13,92.86,,,,,,,,,,,,,0,,,,,,,,Group/subject breakdown from source summary.
breakdown,vi-multimodel-v1,1,main_v1,main,mimo-v2-6-flash,MiMo V2.6 Flash,vi-multimodel-v1-vmlu-valid,VMLU valid,main,subject,02 Elementary Science,local,complete_local_score,14,14,14,14,0,0,100,13,92.86,,,,,,,,,,,,,1,,,,,,,,Group/subject breakdown from source summary.
breakdown,vi-multimodel-v1,1,main_v1,main,mimo-v2-6-flash,MiMo V2.6 Flash,vi-multimodel-v1-vmlu-valid,VMLU valid,main,subject,03 Middle School Biology,local,complete_local_score,13,13,13,13,0,0,100,11,84.62,,,,,,,,,,,,,0,,,,,,,,Group/subject breakdown from source summary.
breakdown,vi-multimodel-v1,1,main_v1,main,mimo-v2-6-flash,MiMo V2.6 Flash,vi-multimodel-v1-vmlu-valid,VMLU valid,main,subject,04 Middle School Chemistry,local,complete_local_score,14,14,14,14,0,0,100,11,78.57,,,,,,,,,,,,,2,,,,,,,,Group/subject breakdown from source summary.
breakdown,vi-multimodel-v1,1,main_v1,main,mimo-v2-6-flash,MiMo V2.6 Flash,vi-multimodel-v1-vmlu-valid,VMLU valid,main,subject,05 Middle School Mathematics,local,complete_local_score,8,8,8,8,0,0,100,8,100.0,,,,,,,,,,,,,0,,,,,,,,Group/subject breakdown from source summary.
breakdown,vi-multimodel-v1,1,main_v1,main,mimo-v2-6-flash,MiMo V2.6 Flash,vi-multimodel-v1-vmlu-valid,VMLU valid,main,subject,06 Middle School Physics,local,complete_local_score,14,14,14,14,0,0,100,14,100.0,,,,,,,,,,,,,0,,,,,,,,Group/subject breakdown from source summary.
breakdown,vi-multimodel-v1,1,main_v1,main,mimo-v2-6-flash,MiMo V2.6 Flash,vi-multimodel-v1-vmlu-valid,VMLU valid,main,subject,07 High School Biology,local,complete_local_score,14,14,14,14,0,0,100,13,92.86,,,,,,,,,,,,,0,,,,,,,,Group/subject breakdown from source summary.
breakdown,vi-multimodel-v1,1,main_v1,main,mimo-v2-6-flash,MiMo V2.6 Flash,vi-multimodel-v1-vmlu-valid,VMLU valid,main,subject,08 High School Chemistry,local,complete_local_score,14,14,14,14,0,0,100,14,100.0,,,,,,,,,,,,,0,,,,,,,,Group/subject breakdown from source summary.
breakdown,vi-multimodel-v1,1,main_v1,main,mimo-v2-6-flash,MiMo V2.6 Flash,vi-multimodel-v1-vmlu-valid,VMLU valid,main,subject,09 High School Mathematics,local,complete_local_score,11,11,11,11,0,0,100,9,81.82,,,,,,,,,,,,,0,,,,,,,,Group/subject breakdown from source summary.
breakdown,vi-multimodel-v1,1,main_v1,main,mimo-v2-6-flash,MiMo V2.6 Flash,vi-multimodel-v1-vmlu-valid,VMLU valid,main,subject,10 High School Physics,local,complete_local_score,14,14,14,14,0,0,100,14,100.0,,,,,,,,,,,,,0,,,,,,,,Group/subject breakdown from source summary.
breakdown,vi-multimodel-v1,1,main_v1,main,mimo-v2-6-flash,MiMo V2.6 Flash,vi-multimodel-v1-vmlu-valid,VMLU valid,main,subject,11 Applied Informatics,local,complete_local_score,14,14,14,14,0,0,100,13,92.86,,,,,,,,,,,,,0,,,,,,,,Group/subject breakdown from source summary.
breakdown,vi-multimodel-v1,1,main_v1,main,mimo-v2-6-flash,MiMo V2.6 Flash,vi-multimodel-v1-vmlu-valid,VMLU valid,main,subject,12 Computer Architecture,local,complete_local_score,14,14,14,14,0,0,100,13,92.86,,,,,,,,,,,,,0,,,,,,,,Group/subject breakdown from source summary.
breakdown,vi-multimodel-v1,1,main_v1,main,mimo-v2-6-flash,MiMo V2.6 Flash,vi-multimodel-v1-vmlu-valid,VMLU valid,main,subject,13 Computer Network,local,complete_local_score,13,13,13,13,0,0,100,13,100.0,,,,,,,,,,,,,0,,,,,,,,Group/subject breakdown from source summary.
breakdown,vi-multimodel-v1,1,main_v1,main,mimo-v2-6-flash,MiMo V2.6 Flash,vi-multimodel-v1-vmlu-valid,VMLU valid,main,subject,14 Discrete Mathematics,local,complete_local_score,12,12,12,12,0,0,100,12,100.0,,,,,,,,,,,,,0,,,,,,,,Group/subject breakdown from source summary.
breakdown,vi-multimodel-v1,1,main_v1,main,mimo-v2-6-flash,MiMo V2.6 Flash,vi-multimodel-v1-vmlu-valid,VMLU valid,main,subject,15 Electrical Engineering,local,complete_local_score,13,13,13,13,0,0,100,12,92.31,,,,,,,,,,,,,0,,,,,,,,Group/subject breakdown from source summary.
breakdown,vi-multimodel-v1,1,main_v1,main,mimo-v2-6-flash,MiMo V2.6 Flash,vi-multimodel-v1-vmlu-valid,VMLU valid,main,subject,16 Introduction to Chemistry,local,complete_local_score,13,13,13,13,0,0,100,13,100.0,,,,,,,,,,,,,0,,,,,,,,Group/subject breakdown from source summary.
breakdown,vi-multimodel-v1,1,main_v1,main,mimo-v2-6-flash,MiMo V2.6 Flash,vi-multimodel-v1-vmlu-valid,VMLU valid,main,subject,17 Introduction to Physics,local,complete_local_score,13,13,13,13,0,0,100,10,76.92,,,,,,,,,,,,,1,,,,,,,,Group/subject breakdown from source summary.
breakdown,vi-multimodel-v1,1,main_v1,main,mimo-v2-6-flash,MiMo V2.6 Flash,vi-multimodel-v1-vmlu-valid,VMLU valid,main,subject,18 Introduction to Programming,local,complete_local_score,13,13,13,13,0,0,100,11,84.62,,,,,,,,,,,,,0,,,,,,,,Group/subject breakdown from source summary.
breakdown,vi-multimodel-v1,1,main_v1,main,mimo-v2-6-flash,MiMo V2.6 Flash,vi-multimodel-v1-vmlu-valid,VMLU valid,main,subject,19 Metrology Engineer,local,complete_local_score,10,10,10,10,0,0,100,7,70.0,,,,,,,,,,,,,0,,,,,,,,Group/subject breakdown from source summary.
breakdown,vi-multimodel-v1,1,main_v1,main,mimo-v2-6-flash,MiMo V2.6 Flash,vi-multimodel-v1-vmlu-valid,VMLU valid,main,subject,20 Operating System,local,complete_local_score,14,14,14,14,0,0,100,14,100.0,,,,,,,,,,,,,0,,,,,,,,Group/subject breakdown from source summary.
breakdown,vi-multimodel-v1,1,main_v1,main,mimo-v2-6-flash,MiMo V2.6 Flash,vi-multimodel-v1-vmlu-valid,VMLU valid,main,subject,21 Statistics and Probability,local,complete_local_score,13,13,13,13,0,0,100,12,92.31,,,,,,,,,,,,,1,,,,,,,,Group/subject breakdown from source summary.
breakdown,vi-multimodel-v1,1,main_v1,main,mimo-v2-6-flash,MiMo V2.6 Flash,vi-multimodel-v1-vmlu-valid,VMLU valid,main,subject,22 Middle School Civil Education,local,complete_local_score,13,13,13,13,0,0,100,10,76.92,,,,,,,,,,,,,0,,,,,,,,Group/subject breakdown from source summary.
breakdown,vi-multimodel-v1,1,main_v1,main,mimo-v2-6-flash,MiMo V2.6 Flash,vi-multimodel-v1-vmlu-valid,VMLU valid,main,subject,23 Middle School Geography,local,complete_local_score,11,11,11,11,0,0,100,7,63.64,,,,,,,,,,,,,0,,,,,,,,Group/subject breakdown from source summary.
breakdown,vi-multimodel-v1,1,main_v1,main,mimo-v2-6-flash,MiMo V2.6 Flash,vi-multimodel-v1-vmlu-valid,VMLU valid,main,subject,24 High School Civil Education,local,complete_local_score,14,14,14,14,0,0,100,13,92.86,,,,,,,,,,,,,0,,,,,,,,Group/subject breakdown from source summary.
breakdown,vi-multimodel-v1,1,main_v1,main,mimo-v2-6-flash,MiMo V2.6 Flash,vi-multimodel-v1-vmlu-valid,VMLU valid,main,subject,25 High School Geography,local,complete_local_score,12,12,12,12,0,0,100,10,83.33,,,,,,,,,,,,,2,,,,,,,,Group/subject breakdown from source summary.
breakdown,vi-multimodel-v1,1,main_v1,main,mimo-v2-6-flash,MiMo V2.6 Flash,vi-multimodel-v1-vmlu-valid,VMLU valid,main,subject,26 Business Administration,local,complete_local_score,13,13,13,13,0,0,100,11,84.62,,,,,,,,,,,,,0,,,,,,,,Group/subject breakdown from source summary.
breakdown,vi-multimodel-v1,1,main_v1,main,mimo-v2-6-flash,MiMo V2.6 Flash,vi-multimodel-v1-vmlu-valid,VMLU valid,main,subject,27 Ho Chi Minh Ideology,local,complete_local_score,13,13,13,13,0,0,100,10,76.92,,,,,,,,,,,,,1,,,,,,,,Group/subject breakdown from source summary.
breakdown,vi-multimodel-v1,1,main_v1,main,mimo-v2-6-flash,MiMo V2.6 Flash,vi-multimodel-v1-vmlu-valid,VMLU valid,main,subject,28 Macroeconomics,local,complete_local_score,14,14,14,14,0,0,100,10,71.43,,,,,,,,,,,,,0,,,,,,,,Group/subject breakdown from source summary.
breakdown,vi-multimodel-v1,1,main_v1,main,mimo-v2-6-flash,MiMo V2.6 Flash,vi-multimodel-v1-vmlu-valid,VMLU valid,main,subject,29 Microeconomics,local,complete_local_score,14,14,14,14,0,0,100,13,92.86,,,,,,,,,,,,,1,,,,,,,,Group/subject breakdown from source summary.
breakdown,vi-multimodel-v1,1,main_v1,main,mimo-v2-6-flash,MiMo V2.6 Flash,vi-multimodel-v1-vmlu-valid,VMLU valid,main,subject,30 Principles of Marxism and Leninism,local,complete_local_score,14,14,14,14,0,0,100,13,92.86,,,,,,,,,,,,,0,,,,,,,,Group/subject breakdown from source summary.
breakdown,vi-multimodel-v1,1,main_v1,main,mimo-v2-6-flash,MiMo V2.6 Flash,vi-multimodel-v1-vmlu-valid,VMLU valid,main,subject,31 Sociology,local,complete_local_score,13,13,13,13,0,0,100,11,84.62,,,,,,,,,,,,,0,,,,,,,,Group/subject breakdown from source summary.
breakdown,vi-multimodel-v1,1,main_v1,main,mimo-v2-6-flash,MiMo V2.6 Flash,vi-multimodel-v1-vmlu-valid,VMLU valid,main,subject,32 Elementary History,local,complete_local_score,13,13,13,13,0,0,100,12,92.31,,,,,,,,,,,,,0,,,,,,,,Group/subject breakdown from source summary.
breakdown,vi-multimodel-v1,1,main_v1,main,mimo-v2-6-flash,MiMo V2.6 Flash,vi-multimodel-v1-vmlu-valid,VMLU valid,main,subject,33 Middle School History,local,complete_local_score,14,14,14,14,0,0,100,13,92.86,,,,,,,,,,,,,0,,,,,,,,Group/subject breakdown from source summary.
breakdown,vi-multimodel-v1,1,main_v1,main,mimo-v2-6-flash,MiMo V2.6 Flash,vi-multimodel-v1-vmlu-valid,VMLU valid,main,subject,34 Middle School Literature,local,complete_local_score,13,13,13,13,0,0,100,7,53.85,,,,,,,,,,,,,0,,,,,,,,Group/subject breakdown from source summary.
breakdown,vi-multimodel-v1,1,main_v1,main,mimo-v2-6-flash,MiMo V2.6 Flash,vi-multimodel-v1-vmlu-valid,VMLU valid,main,subject,35 High School History,local,complete_local_score,14,14,14,14,0,0,100,12,85.71,,,,,,,,,,,,,1,,,,,,,,Group/subject breakdown from source summary.
breakdown,vi-multimodel-v1,1,main_v1,main,mimo-v2-6-flash,MiMo V2.6 Flash,vi-multimodel-v1-vmlu-valid,VMLU valid,main,subject,36 High School Literature,local,complete_local_score,14,14,14,14,0,0,100,9,64.29,,,,,,,,,,,,,2,,,,,,,,Group/subject breakdown from source summary.
breakdown,vi-multimodel-v1,1,main_v1,main,mimo-v2-6-flash,MiMo V2.6 Flash,vi-multimodel-v1-vmlu-valid,VMLU valid,main,subject,37 Administrative Law,local,complete_local_score,7,7,7,7,0,0,100,3,42.86,,,,,,,,,,,,,1,,,,,,,,Group/subject breakdown from source summary.
breakdown,vi-multimodel-v1,1,main_v1,main,mimo-v2-6-flash,MiMo V2.6 Flash,vi-multimodel-v1-vmlu-valid,VMLU valid,main,subject,38 Business Law,local,complete_local_score,13,13,13,13,0,0,100,12,92.31,,,,,,,,,,,,,0,,,,,,,,Group/subject breakdown from source summary.
breakdown,vi-multimodel-v1,1,main_v1,main,mimo-v2-6-flash,MiMo V2.6 Flash,vi-multimodel-v1-vmlu-valid,VMLU valid,main,subject,39 Civil Law,local,complete_local_score,14,14,14,14,0,0,100,5,35.71,,,,,,,,,,,,,2,,,,,,,,Group/subject breakdown from source summary.
breakdown,vi-multimodel-v1,1,main_v1,main,mimo-v2-6-flash,MiMo V2.6 Flash,vi-multimodel-v1-vmlu-valid,VMLU valid,main,subject,40 Criminal Law,local,complete_local_score,12,12,12,12,0,0,100,9,75.0,,,,,,,,,,,,,0,,,,,,,,Group/subject breakdown from source summary.
breakdown,vi-multimodel-v1,1,main_v1,main,mimo-v2-6-flash,MiMo V2.6 Flash,vi-multimodel-v1-vmlu-valid,VMLU valid,main,subject,41 Economic Law,local,complete_local_score,12,12,12,12,0,0,100,9,75.0,,,,,,,,,,,,,0,,,,,,,,Group/subject breakdown from source summary.
breakdown,vi-multimodel-v1,1,main_v1,main,mimo-v2-6-flash,MiMo V2.6 Flash,vi-multimodel-v1-vmlu-valid,VMLU valid,main,subject,42 Education Law,local,complete_local_score,12,12,12,12,0,0,100,8,66.67,,,,,,,,,,,,,2,,,,,,,,Group/subject breakdown from source summary.
breakdown,vi-multimodel-v1,1,main_v1,main,mimo-v2-6-flash,MiMo V2.6 Flash,vi-multimodel-v1-vmlu-valid,VMLU valid,main,subject,43 History of World Civilization,local,complete_local_score,14,14,14,14,0,0,100,11,78.57,,,,,,,,,,,,,0,,,,,,,,Group/subject breakdown from source summary.
breakdown,vi-multimodel-v1,1,main_v1,main,mimo-v2-6-flash,MiMo V2.6 Flash,vi-multimodel-v1-vmlu-valid,VMLU valid,main,subject,44 Idealogical and Moral Cultivation,local,complete_local_score,14,14,14,14,0,0,100,14,100.0,,,,,,,,,,,,,0,,,,,,,,Group/subject breakdown from source summary.
breakdown,vi-multimodel-v1,1,main_v1,main,mimo-v2-6-flash,MiMo V2.6 Flash,vi-multimodel-v1-vmlu-valid,VMLU valid,main,subject,45 Introduction to Laws,local,complete_local_score,9,9,9,9,0,0,100,6,66.67,,,,,,,,,,,,,2,,,,,,,,Group/subject breakdown from source summary.
breakdown,vi-multimodel-v1,1,main_v1,main,mimo-v2-6-flash,MiMo V2.6 Flash,vi-multimodel-v1-vmlu-valid,VMLU valid,main,subject,46 Introduction to Vietnam Culture,local,complete_local_score,14,14,14,14,0,0,100,10,71.43,,,,,,,,,,,,,0,,,,,,,,Group/subject breakdown from source summary.
breakdown,vi-multimodel-v1,1,main_v1,main,mimo-v2-6-flash,MiMo V2.6 Flash,vi-multimodel-v1-vmlu-valid,VMLU valid,main,subject,47 Logic,local,complete_local_score,13,13,13,13,0,0,100,10,76.92,,,,,,,,,,,,,0,,,,,,,,Group/subject breakdown from source summary.
breakdown,vi-multimodel-v1,1,main_v1,main,mimo-v2-6-flash,MiMo V2.6 Flash,vi-multimodel-v1-vmlu-valid,VMLU valid,main,subject,48 Revolutionary Policy of the Vietnamese Commununist Part,local,complete_local_score,14,14,14,14,0,0,100,8,57.14,,,,,,,,,,,,,0,,,,,,,,Group/subject breakdown from source summary.
breakdown,vi-multimodel-v1,1,main_v1,main,mimo-v2-6-flash,MiMo V2.6 Flash,vi-multimodel-v1-vmlu-valid,VMLU valid,main,subject,49 Vietnamese Language and Literature,local,complete_local_score,13,13,13,13,0,0,100,9,69.23,,,,,,,,,,,,,2,,,,,,,,Group/subject breakdown from source summary.
breakdown,vi-multimodel-v1,1,main_v1,main,mimo-v2-6-flash,MiMo V2.6 Flash,vi-multimodel-v1-vmlu-valid,VMLU valid,main,subject,50 Accountant,local,complete_local_score,13,13,13,13,0,0,100,8,61.54,,,,,,,,,,,,,0,,,,,,,,Group/subject breakdown from source summary.
breakdown,vi-multimodel-v1,1,main_v1,main,mimo-v2-6-flash,MiMo V2.6 Flash,vi-multimodel-v1-vmlu-valid,VMLU valid,main,subject,51 Clinical Pharmacology,local,complete_local_score,14,14,14,14,0,0,100,12,85.71,,,,,,,,,,,,,0,,,,,,,,Group/subject breakdown from source summary.
breakdown,vi-multimodel-v1,1,main_v1,main,mimo-v2-6-flash,MiMo V2.6 Flash,vi-multimodel-v1-vmlu-valid,VMLU valid,main,subject,52 Environmental Engineering,local,complete_local_score,13,13,13,13,0,0,100,8,61.54,,,,,,,,,,,,,0,,,,,,,,Group/subject breakdown from source summary.
breakdown,vi-multimodel-v1,1,main_v1,main,mimo-v2-6-flash,MiMo V2.6 Flash,vi-multimodel-v1-vmlu-valid,VMLU valid,main,subject,53 Internal Basic Medicine,local,complete_local_score,13,13,13,13,0,0,100,7,53.85,,,,,,,,,,,,,1,,,,,,,,Group/subject breakdown from source summary.
breakdown,vi-multimodel-v1,1,main_v1,main,mimo-v2-6-flash,MiMo V2.6 Flash,vi-multimodel-v1-vmlu-valid,VMLU valid,main,subject,54 Preschool Pedagogy,local,complete_local_score,7,7,7,7,0,0,100,4,57.14,,,,,,,,,,,,,1,,,,,,,,Group/subject breakdown from source summary.
breakdown,vi-multimodel-v1,1,main_v1,main,mimo-v2-6-flash,MiMo V2.6 Flash,vi-multimodel-v1-vmlu-valid,VMLU valid,main,subject,55 Tax Accountant,local,complete_local_score,13,13,13,13,0,0,100,7,53.85,,,,,,,,,,,,,1,,,,,,,,Group/subject breakdown from source summary.
breakdown,vi-multimodel-v1,1,main_v1,main,mimo-v2-6-flash,MiMo V2.6 Flash,vi-multimodel-v1-vmlu-valid,VMLU valid,main,subject,56 Tax Civil Servant,local,complete_local_score,13,13,13,13,0,0,100,4,30.77,,,,,,,,,,,,,5,,,,,,,,Group/subject breakdown from source summary.
breakdown,vi-multimodel-v1,1,main_v1,main,mimo-v2-6-flash,MiMo V2.6 Flash,vi-multimodel-v1-vmlu-valid,VMLU valid,main,subject,57 Civil Servant,local,complete_local_score,13,13,13,13,0,0,100,9,69.23,,,,,,,,,,,,,3,,,,,,,,Group/subject breakdown from source summary.
breakdown,vi-multimodel-v1,1,main_v1,main,mimo-v2-6-flash,MiMo V2.6 Flash,vi-multimodel-v1-vmlu-valid,VMLU valid,main,subject,58 Driving License Certificate,local,complete_local_score,13,13,13,13,0,0,100,12,92.31,,,,,,,,,,,,,0,,,,,,,,Group/subject breakdown from source summary.
dataset,vi-multimodel-v1,1,main_v1,main,mimo-v2-5,MiMo V2.5,vi-multimodel-v1-vmlu-valid,VMLU valid,valid,,,local,complete,744,744,744,744,0,0,100.0,570,76.61,,73.43935305127096,79.51304686307327,,,,,,,715,,21,29,12.0257,42.2357,0,0,0,,,
dataset,vi-multimodel-v1,1,main_v1,main,mimo-v2-5,MiMo V2.5,vi-multimodel-v1-vi-squad-200,Vi-SQuAD,squad,,,local,complete,200,200,200,200,0,0,100.0,,,,,,58.0,51.256281407035175,64.9746192893401,78.32,73.7351373240007,82.86838135926268,,,0,,8.9328,13.9592,0,0,0,,,
dataset,vi-multimodel-v1,1,main_v1,main,mimo-v2-5,MiMo V2.5,vi-multimodel-v1-vi-drop-200,Vi-DROP,drop,,,local,complete,200,200,200,200,0,0,100.0,,,,,,25.5,19.21182266009852,31.606217616580313,43.3,37.68896757175155,48.8936997992033,,,0,,9.6632,15.7989,0,0,0,,,
dataset,vi-multimodel-v1,1,main_v1,main,mimo-v2-5,MiMo V2.5,vi-multimodel-v1-legal-mc-146,Legal MC,mc,,,local,complete,146,146,146,146,0,0,100.0,121,82.88,,75.94352323863205,88.12419256949899,,,,,,,132,,11,14,12.0721,73.9481,0,0,0,,,
dataset,vi-multimodel-v1,1,main_v1,main,mimo-v2-5,MiMo V2.5,vi-multimodel-v1-legal-nli-150,Legal NLI,nli,,,local,complete,150,150,150,150,0,0,100.0,129,86.0,,79.54479122405029,90.6573511814482,,,,,,,150,,0,0,14.6531,23.6822,0,0,0,,,
dataset,vi-multimodel-v1,1,main_v1,main,mimo-v2-5,MiMo V2.5,vi-multimodel-v1-bidlqa-test,ViBidLQA test,test,,,local,complete,603,603,603,603,0,0,100.0,,,,,,29.35,25.615763546798032,33.05227655986509,66.05,63.268847781743965,68.69360244431137,,,0,,10.7609,17.7197,0,0,0,,,
phase_summary,vi-multimodel-v1,1,main_v1,main,mimo-v2-5,MiMo V2.5,main_all,main phase total,,,,,complete,2043,2043,2043,2043,0,0,100.0,,,,,,,,,,,,,,32,,,,0,,,,,"2,043 unique items; 100% final coverage."
breakdown,vi-multimodel-v1,1,main_v1,main,mimo-v2-5,MiMo V2.5,vi-multimodel-v1-vmlu-valid,VMLU valid,main,category,Humanity,local,complete_local_score,229,229,229,229,0,0,100,163,71.18,,,,,,,,,,,,,13,,,,,,,,Group/subject breakdown from source summary.
breakdown,vi-multimodel-v1,1,main_v1,main,mimo-v2-5,MiMo V2.5,vi-multimodel-v1-vmlu-valid,VMLU valid,main,category,Other,local,complete_local_score,112,112,112,112,0,0,100,69,61.61,,,,,,,,,,,,,6,,,,,,,,Group/subject breakdown from source summary.
breakdown,vi-multimodel-v1,1,main_v1,main,mimo-v2-5,MiMo V2.5,vi-multimodel-v1-vmlu-valid,VMLU valid,main,category,STEM,local,complete_local_score,272,272,272,272,0,0,100,240,88.24,,,,,,,,,,,,,7,,,,,,,,Group/subject breakdown from source summary.
breakdown,vi-multimodel-v1,1,main_v1,main,mimo-v2-5,MiMo V2.5,vi-multimodel-v1-vmlu-valid,VMLU valid,main,category,Social Science,local,complete_local_score,131,131,131,131,0,0,100,98,74.81,,,,,,,,,,,,,3,,,,,,,,Group/subject breakdown from source summary.
breakdown,vi-multimodel-v1,1,main_v1,main,mimo-v2-5,MiMo V2.5,vi-multimodel-v1-vmlu-valid,VMLU valid,main,subject,01 Elementary Mathematics,local,complete_local_score,14,14,14,14,0,0,100,10,71.43,,,,,,,,,,,,,0,,,,,,,,Group/subject breakdown from source summary.
breakdown,vi-multimodel-v1,1,main_v1,main,mimo-v2-5,MiMo V2.5,vi-multimodel-v1-vmlu-valid,VMLU valid,main,subject,02 Elementary Science,local,complete_local_score,14,14,14,14,0,0,100,13,92.86,,,,,,,,,,,,,1,,,,,,,,Group/subject breakdown from source summary.
breakdown,vi-multimodel-v1,1,main_v1,main,mimo-v2-5,MiMo V2.5,vi-multimodel-v1-vmlu-valid,VMLU valid,main,subject,03 Middle School Biology,local,complete_local_score,13,13,13,13,0,0,100,12,92.31,,,,,,,,,,,,,0,,,,,,,,Group/subject breakdown from source summary.
breakdown,vi-multimodel-v1,1,main_v1,main,mimo-v2-5,MiMo V2.5,vi-multimodel-v1-vmlu-valid,VMLU valid,main,subject,04 Middle School Chemistry,local,complete_local_score,14,14,14,14,0,0,100,11,78.57,,,,,,,,,,,,,1,,,,,,,,Group/subject breakdown from source summary.
breakdown,vi-multimodel-v1,1,main_v1,main,mimo-v2-5,MiMo V2.5,vi-multimodel-v1-vmlu-valid,VMLU valid,main,subject,05 Middle School Mathematics,local,complete_local_score,8,8,8,8,0,0,100,8,100.0,,,,,,,,,,,,,0,,,,,,,,Group/subject breakdown from source summary.
breakdown,vi-multimodel-v1,1,main_v1,main,mimo-v2-5,MiMo V2.5,vi-multimodel-v1-vmlu-valid,VMLU valid,main,subject,06 Middle School Physics,local,complete_local_score,14,14,14,14,0,0,100,13,92.86,,,,,,,,,,,,,1,,,,,,,,Group/subject breakdown from source summary.
breakdown,vi-multimodel-v1,1,main_v1,main,mimo-v2-5,MiMo V2.5,vi-multimodel-v1-vmlu-valid,VMLU valid,main,subject,07 High School Biology,local,complete_local_score,14,14,14,14,0,0,100,14,100.0,,,,,,,,,,,,,0,,,,,,,,Group/subject breakdown from source summary.
breakdown,vi-multimodel-v1,1,main_v1,main,mimo-v2-5,MiMo V2.5,vi-multimodel-v1-vmlu-valid,VMLU valid,main,subject,08 High School Chemistry,local,complete_local_score,14,14,14,14,0,0,100,14,100.0,,,,,,,,,,,,,0,,,,,,,,Group/subject breakdown from source summary.
breakdown,vi-multimodel-v1,1,main_v1,main,mimo-v2-5,MiMo V2.5,vi-multimodel-v1-vmlu-valid,VMLU valid,main,subject,09 High School Mathematics,local,complete_local_score,11,11,11,11,0,0,100,9,81.82,,,,,,,,,,,,,1,,,,,,,,Group/subject breakdown from source summary.
breakdown,vi-multimodel-v1,1,main_v1,main,mimo-v2-5,MiMo V2.5,vi-multimodel-v1-vmlu-valid,VMLU valid,main,subject,10 High School Physics,local,complete_local_score,14,14,14,14,0,0,100,14,100.0,,,,,,,,,,,,,0,,,,,,,,Group/subject breakdown from source summary.
breakdown,vi-multimodel-v1,1,main_v1,main,mimo-v2-5,MiMo V2.5,vi-multimodel-v1-vmlu-valid,VMLU valid,main,subject,11 Applied Informatics,local,complete_local_score,14,14,14,14,0,0,100,12,85.71,,,,,,,,,,,,,0,,,,,,,,Group/subject breakdown from source summary.
breakdown,vi-multimodel-v1,1,main_v1,main,mimo-v2-5,MiMo V2.5,vi-multimodel-v1-vmlu-valid,VMLU valid,main,subject,12 Computer Architecture,local,complete_local_score,14,14,14,14,0,0,100,12,85.71,,,,,,,,,,,,,0,,,,,,,,Group/subject breakdown from source summary.
breakdown,vi-multimodel-v1,1,main_v1,main,mimo-v2-5,MiMo V2.5,vi-multimodel-v1-vmlu-valid,VMLU valid,main,subject,13 Computer Network,local,complete_local_score,13,13,13,13,0,0,100,12,92.31,,,,,,,,,,,,,0,,,,,,,,Group/subject breakdown from source summary.
breakdown,vi-multimodel-v1,1,main_v1,main,mimo-v2-5,MiMo V2.5,vi-multimodel-v1-vmlu-valid,VMLU valid,main,subject,14 Discrete Mathematics,local,complete_local_score,12,12,12,12,0,0,100,11,91.67,,,,,,,,,,,,,0,,,,,,,,Group/subject breakdown from source summary.
breakdown,vi-multimodel-v1,1,main_v1,main,mimo-v2-5,MiMo V2.5,vi-multimodel-v1-vmlu-valid,VMLU valid,main,subject,15 Electrical Engineering,local,complete_local_score,13,13,13,13,0,0,100,12,92.31,,,,,,,,,,,,,1,,,,,,,,Group/subject breakdown from source summary.
breakdown,vi-multimodel-v1,1,main_v1,main,mimo-v2-5,MiMo V2.5,vi-multimodel-v1-vmlu-valid,VMLU valid,main,subject,16 Introduction to Chemistry,local,complete_local_score,13,13,13,13,0,0,100,10,76.92,,,,,,,,,,,,,0,,,,,,,,Group/subject breakdown from source summary.
breakdown,vi-multimodel-v1,1,main_v1,main,mimo-v2-5,MiMo V2.5,vi-multimodel-v1-vmlu-valid,VMLU valid,main,subject,17 Introduction to Physics,local,complete_local_score,13,13,13,13,0,0,100,11,84.62,,,,,,,,,,,,,0,,,,,,,,Group/subject breakdown from source summary.
breakdown,vi-multimodel-v1,1,main_v1,main,mimo-v2-5,MiMo V2.5,vi-multimodel-v1-vmlu-valid,VMLU valid,main,subject,18 Introduction to Programming,local,complete_local_score,13,13,13,13,0,0,100,11,84.62,,,,,,,,,,,,,0,,,,,,,,Group/subject breakdown from source summary.
breakdown,vi-multimodel-v1,1,main_v1,main,mimo-v2-5,MiMo V2.5,vi-multimodel-v1-vmlu-valid,VMLU valid,main,subject,19 Metrology Engineer,local,complete_local_score,10,10,10,10,0,0,100,7,70.0,,,,,,,,,,,,,1,,,,,,,,Group/subject breakdown from source summary.
breakdown,vi-multimodel-v1,1,main_v1,main,mimo-v2-5,MiMo V2.5,vi-multimodel-v1-vmlu-valid,VMLU valid,main,subject,20 Operating System,local,complete_local_score,14,14,14,14,0,0,100,12,85.71,,,,,,,,,,,,,0,,,,,,,,Group/subject breakdown from source summary.
breakdown,vi-multimodel-v1,1,main_v1,main,mimo-v2-5,MiMo V2.5,vi-multimodel-v1-vmlu-valid,VMLU valid,main,subject,21 Statistics and Probability,local,complete_local_score,13,13,13,13,0,0,100,12,92.31,,,,,,,,,,,,,1,,,,,,,,Group/subject breakdown from source summary.
breakdown,vi-multimodel-v1,1,main_v1,main,mimo-v2-5,MiMo V2.5,vi-multimodel-v1-vmlu-valid,VMLU valid,main,subject,22 Middle School Civil Education,local,complete_local_score,13,13,13,13,0,0,100,10,76.92,,,,,,,,,,,,,0,,,,,,,,Group/subject breakdown from source summary.
breakdown,vi-multimodel-v1,1,main_v1,main,mimo-v2-5,MiMo V2.5,vi-multimodel-v1-vmlu-valid,VMLU valid,main,subject,23 Middle School Geography,local,complete_local_score,11,11,11,11,0,0,100,6,54.55,,,,,,,,,,,,,0,,,,,,,,Group/subject breakdown from source summary.
breakdown,vi-multimodel-v1,1,main_v1,main,mimo-v2-5,MiMo V2.5,vi-multimodel-v1-vmlu-valid,VMLU valid,main,subject,24 High School Civil Education,local,complete_local_score,14,14,14,14,0,0,100,12,85.71,,,,,,,,,,,,,0,,,,,,,,Group/subject breakdown from source summary.
breakdown,vi-multimodel-v1,1,main_v1,main,mimo-v2-5,MiMo V2.5,vi-multimodel-v1-vmlu-valid,VMLU valid,main,subject,25 High School Geography,local,complete_local_score,12,12,12,12,0,0,100,10,83.33,,,,,,,,,,,,,0,,,,,,,,Group/subject breakdown from source summary.
breakdown,vi-multimodel-v1,1,main_v1,main,mimo-v2-5,MiMo V2.5,vi-multimodel-v1-vmlu-valid,VMLU valid,main,subject,26 Business Administration,local,complete_local_score,13,13,13,13,0,0,100,10,76.92,,,,,,,,,,,,,0,,,,,,,,Group/subject breakdown from source summary.
breakdown,vi-multimodel-v1,1,main_v1,main,mimo-v2-5,MiMo V2.5,vi-multimodel-v1-vmlu-valid,VMLU valid,main,subject,27 Ho Chi Minh Ideology,local,complete_local_score,13,13,13,13,0,0,100,5,38.46,,,,,,,,,,,,,1,,,,,,,,Group/subject breakdown from source summary.
breakdown,vi-multimodel-v1,1,main_v1,main,mimo-v2-5,MiMo V2.5,vi-multimodel-v1-vmlu-valid,VMLU valid,main,subject,28 Macroeconomics,local,complete_local_score,14,14,14,14,0,0,100,10,71.43,,,,,,,,,,,,,1,,,,,,,,Group/subject breakdown from source summary.
breakdown,vi-multimodel-v1,1,main_v1,main,mimo-v2-5,MiMo V2.5,vi-multimodel-v1-vmlu-valid,VMLU valid,main,subject,29 Microeconomics,local,complete_local_score,14,14,14,14,0,0,100,13,92.86,,,,,,,,,,,,,0,,,,,,,,Group/subject breakdown from source summary.
breakdown,vi-multimodel-v1,1,main_v1,main,mimo-v2-5,MiMo V2.5,vi-multimodel-v1-vmlu-valid,VMLU valid,main,subject,30 Principles of Marxism and Leninism,local,complete_local_score,14,14,14,14,0,0,100,12,85.71,,,,,,,,,,,,,0,,,,,,,,Group/subject breakdown from source summary.
breakdown,vi-multimodel-v1,1,main_v1,main,mimo-v2-5,MiMo V2.5,vi-multimodel-v1-vmlu-valid,VMLU valid,main,subject,31 Sociology,local,complete_local_score,13,13,13,13,0,0,100,10,76.92,,,,,,,,,,,,,1,,,,,,,,Group/subject breakdown from source summary.
breakdown,vi-multimodel-v1,1,main_v1,main,mimo-v2-5,MiMo V2.5,vi-multimodel-v1-vmlu-valid,VMLU valid,main,subject,32 Elementary History,local,complete_local_score,13,13,13,13,0,0,100,13,100.0,,,,,,,,,,,,,0,,,,,,,,Group/subject breakdown from source summary.
breakdown,vi-multimodel-v1,1,main_v1,main,mimo-v2-5,MiMo V2.5,vi-multimodel-v1-vmlu-valid,VMLU valid,main,subject,33 Middle School History,local,complete_local_score,14,14,14,14,0,0,100,10,71.43,,,,,,,,,,,,,1,,,,,,,,Group/subject breakdown from source summary.
breakdown,vi-multimodel-v1,1,main_v1,main,mimo-v2-5,MiMo V2.5,vi-multimodel-v1-vmlu-valid,VMLU valid,main,subject,34 Middle School Literature,local,complete_local_score,13,13,13,13,0,0,100,7,53.85,,,,,,,,,,,,,1,,,,,,,,Group/subject breakdown from source summary.
breakdown,vi-multimodel-v1,1,main_v1,main,mimo-v2-5,MiMo V2.5,vi-multimodel-v1-vmlu-valid,VMLU valid,main,subject,35 High School History,local,complete_local_score,14,14,14,14,0,0,100,12,85.71,,,,,,,,,,,,,1,,,,,,,,Group/subject breakdown from source summary.
breakdown,vi-multimodel-v1,1,main_v1,main,mimo-v2-5,MiMo V2.5,vi-multimodel-v1-vmlu-valid,VMLU valid,main,subject,36 High School Literature,local,complete_local_score,14,14,14,14,0,0,100,12,85.71,,,,,,,,,,,,,2,,,,,,,,Group/subject breakdown from source summary.
breakdown,vi-multimodel-v1,1,main_v1,main,mimo-v2-5,MiMo V2.5,vi-multimodel-v1-vmlu-valid,VMLU valid,main,subject,37 Administrative Law,local,complete_local_score,7,7,7,7,0,0,100,3,42.86,,,,,,,,,,,,,1,,,,,,,,Group/subject breakdown from source summary.
breakdown,vi-multimodel-v1,1,main_v1,main,mimo-v2-5,MiMo V2.5,vi-multimodel-v1-vmlu-valid,VMLU valid,main,subject,38 Business Law,local,complete_local_score,13,13,13,13,0,0,100,12,92.31,,,,,,,,,,,,,0,,,,,,,,Group/subject breakdown from source summary.
breakdown,vi-multimodel-v1,1,main_v1,main,mimo-v2-5,MiMo V2.5,vi-multimodel-v1-vmlu-valid,VMLU valid,main,subject,39 Civil Law,local,complete_local_score,14,14,14,14,0,0,100,7,50.0,,,,,,,,,,,,,1,,,,,,,,Group/subject breakdown from source summary.
breakdown,vi-multimodel-v1,1,main_v1,main,mimo-v2-5,MiMo V2.5,vi-multimodel-v1-vmlu-valid,VMLU valid,main,subject,40 Criminal Law,local,complete_local_score,12,12,12,12,0,0,100,8,66.67,,,,,,,,,,,,,1,,,,,,,,Group/subject breakdown from source summary.
breakdown,vi-multimodel-v1,1,main_v1,main,mimo-v2-5,MiMo V2.5,vi-multimodel-v1-vmlu-valid,VMLU valid,main,subject,41 Economic Law,local,complete_local_score,12,12,12,12,0,0,100,9,75.0,,,,,,,,,,,,,0,,,,,,,,Group/subject breakdown from source summary.
breakdown,vi-multimodel-v1,1,main_v1,main,mimo-v2-5,MiMo V2.5,vi-multimodel-v1-vmlu-valid,VMLU valid,main,subject,42 Education Law,local,complete_local_score,12,12,12,12,0,0,100,8,66.67,,,,,,,,,,,,,0,,,,,,,,Group/subject breakdown from source summary.
breakdown,vi-multimodel-v1,1,main_v1,main,mimo-v2-5,MiMo V2.5,vi-multimodel-v1-vmlu-valid,VMLU valid,main,subject,43 History of World Civilization,local,complete_local_score,14,14,14,14,0,0,100,11,78.57,,,,,,,,,,,,,0,,,,,,,,Group/subject breakdown from source summary.
breakdown,vi-multimodel-v1,1,main_v1,main,mimo-v2-5,MiMo V2.5,vi-multimodel-v1-vmlu-valid,VMLU valid,main,subject,44 Idealogical and Moral Cultivation,local,complete_local_score,14,14,14,14,0,0,100,13,92.86,,,,,,,,,,,,,1,,,,,,,,Group/subject breakdown from source summary.
breakdown,vi-multimodel-v1,1,main_v1,main,mimo-v2-5,MiMo V2.5,vi-multimodel-v1-vmlu-valid,VMLU valid,main,subject,45 Introduction to Laws,local,complete_local_score,9,9,9,9,0,0,100,6,66.67,,,,,,,,,,,,,1,,,,,,,,Group/subject breakdown from source summary.
breakdown,vi-multimodel-v1,1,main_v1,main,mimo-v2-5,MiMo V2.5,vi-multimodel-v1-vmlu-valid,VMLU valid,main,subject,46 Introduction to Vietnam Culture,local,complete_local_score,14,14,14,14,0,0,100,8,57.14,,,,,,,,,,,,,0,,,,,,,,Group/subject breakdown from source summary.
breakdown,vi-multimodel-v1,1,main_v1,main,mimo-v2-5,MiMo V2.5,vi-multimodel-v1-vmlu-valid,VMLU valid,main,subject,47 Logic,local,complete_local_score,13,13,13,13,0,0,100,11,84.62,,,,,,,,,,,,,0,,,,,,,,Group/subject breakdown from source summary.
breakdown,vi-multimodel-v1,1,main_v1,main,mimo-v2-5,MiMo V2.5,vi-multimodel-v1-vmlu-valid,VMLU valid,main,subject,48 Revolutionary Policy of the Vietnamese Commununist Part,local,complete_local_score,14,14,14,14,0,0,100,7,50.0,,,,,,,,,,,,,1,,,,,,,,Group/subject breakdown from source summary.
breakdown,vi-multimodel-v1,1,main_v1,main,mimo-v2-5,MiMo V2.5,vi-multimodel-v1-vmlu-valid,VMLU valid,main,subject,49 Vietnamese Language and Literature,local,complete_local_score,13,13,13,13,0,0,100,6,46.15,,,,,,,,,,,,,2,,,,,,,,Group/subject breakdown from source summary.
breakdown,vi-multimodel-v1,1,main_v1,main,mimo-v2-5,MiMo V2.5,vi-multimodel-v1-vmlu-valid,VMLU valid,main,subject,50 Accountant,local,complete_local_score,13,13,13,13,0,0,100,7,53.85,,,,,,,,,,,,,1,,,,,,,,Group/subject breakdown from source summary.
breakdown,vi-multimodel-v1,1,main_v1,main,mimo-v2-5,MiMo V2.5,vi-multimodel-v1-vmlu-valid,VMLU valid,main,subject,51 Clinical Pharmacology,local,complete_local_score,14,14,14,14,0,0,100,13,92.86,,,,,,,,,,,,,0,,,,,,,,Group/subject breakdown from source summary.
breakdown,vi-multimodel-v1,1,main_v1,main,mimo-v2-5,MiMo V2.5,vi-multimodel-v1-vmlu-valid,VMLU valid,main,subject,52 Environmental Engineering,local,complete_local_score,13,13,13,13,0,0,100,9,69.23,,,,,,,,,,,,,0,,,,,,,,Group/subject breakdown from source summary.
breakdown,vi-multimodel-v1,1,main_v1,main,mimo-v2-5,MiMo V2.5,vi-multimodel-v1-vmlu-valid,VMLU valid,main,subject,53 Internal Basic Medicine,local,complete_local_score,13,13,13,13,0,0,100,8,61.54,,,,,,,,,,,,,0,,,,,,,,Group/subject breakdown from source summary.
breakdown,vi-multimodel-v1,1,main_v1,main,mimo-v2-5,MiMo V2.5,vi-multimodel-v1-vmlu-valid,VMLU valid,main,subject,54 Preschool Pedagogy,local,complete_local_score,7,7,7,7,0,0,100,1,14.29,,,,,,,,,,,,,1,,,,,,,,Group/subject breakdown from source summary.
breakdown,vi-multimodel-v1,1,main_v1,main,mimo-v2-5,MiMo V2.5,vi-multimodel-v1-vmlu-valid,VMLU valid,main,subject,55 Tax Accountant,local,complete_local_score,13,13,13,13,0,0,100,7,53.85,,,,,,,,,,,,,1,,,,,,,,Group/subject breakdown from source summary.
breakdown,vi-multimodel-v1,1,main_v1,main,mimo-v2-5,MiMo V2.5,vi-multimodel-v1-vmlu-valid,VMLU valid,main,subject,56 Tax Civil Servant,local,complete_local_score,13,13,13,13,0,0,100,4,30.77,,,,,,,,,,,,,2,,,,,,,,Group/subject breakdown from source summary.
breakdown,vi-multimodel-v1,1,main_v1,main,mimo-v2-5,MiMo V2.5,vi-multimodel-v1-vmlu-valid,VMLU valid,main,subject,57 Civil Servant,local,complete_local_score,13,13,13,13,0,0,100,7,53.85,,,,,,,,,,,,,1,,,,,,,,Group/subject breakdown from source summary.
breakdown,vi-multimodel-v1,1,main_v1,main,mimo-v2-5,MiMo V2.5,vi-multimodel-v1-vmlu-valid,VMLU valid,main,subject,58 Driving License Certificate,local,complete_local_score,13,13,13,13,0,0,100,13,100.0,,,,,,,,,,,,,0,,,,,,,,Group/subject breakdown from source summary.
dataset,vi-multimodel-v1,1,main_v1,main,qwen3-5-9b-65k,Qwen3.5-9B-65K,vi-multimodel-v1-vmlu-valid,VMLU valid,valid,,,local,complete,744,744,744,744,0,0,100.0,499,67.07,,63.6128227379383,70.35159538893906,,,,,,,744,,0,0,1.7124,8.784,0,0,0,,,
dataset,vi-multimodel-v1,1,main_v1,main,qwen3-5-9b-65k,Qwen3.5-9B-65K,vi-multimodel-v1-vi-squad-200,Vi-SQuAD,squad,,,local,complete,200,200,200,200,0,0,100.0,,,,,,80.0,74.60317460317461,85.5,91.85,88.88004923287309,94.8048397910582,,,0,,2.0407,2.3722,0,0,0,,,
dataset,vi-multimodel-v1,1,main_v1,main,qwen3-5-9b-65k,Qwen3.5-9B-65K,vi-multimodel-v1-vi-drop-200,Vi-DROP,drop,,,local,complete,200,200,200,200,0,0,100.0,,,,,,50.5,43.87755102040816,57.286432160804026,59.82,53.69916161144707,65.89728511454004,,,0,,2.1501,4.1134,0,0,0,,,
dataset,vi-multimodel-v1,1,main_v1,main,qwen3-5-9b-65k,Qwen3.5-9B-65K,vi-multimodel-v1-legal-mc-146,Legal MC,mc,,,local,complete,146,146,146,146,0,0,100.0,125,85.62,,79.01083366787385,90.39585845760142,,,,,,,146,,0,0,1.7316,3.5285,0,0,0,,,
dataset,vi-multimodel-v1,1,main_v1,main,qwen3-5-9b-65k,Qwen3.5-9B-65K,vi-multimodel-v1-legal-nli-150,Legal NLI,nli,,,local,complete,150,150,150,150,0,0,100.0,139,92.67,,87.34642066329596,95.8561184839615,,,,,,,150,,0,0,1.8972,3.113,0,0,0,,,
dataset,vi-multimodel-v1,1,main_v1,main,qwen3-5-9b-65k,Qwen3.5-9B-65K,vi-multimodel-v1-bidlqa-test,ViBidLQA test,test,,,local,complete,603,603,603,603,0,0,100.0,,,,,,25.21,21.73913043478261,28.96,63.8,61.013442897656404,66.72140256055526,,,0,,3.0855,5.2809,0,0,0,,,
phase_summary,vi-multimodel-v1,1,main_v1,main,qwen3-5-9b-65k,Qwen3.5-9B-65K,main_all,main phase total,,,,,complete,2043,2043,2043,2043,0,0,100.0,,,,,,,,,,,,,,0,,,,0,,,,,"2,043 unique items; 100% final coverage."
breakdown,vi-multimodel-v1,1,main_v1,main,qwen3-5-9b-65k,Qwen3.5-9B-65K,vi-multimodel-v1-vmlu-valid,VMLU valid,main,category,Humanity,local,complete_local_score,229,229,229,229,0,0,100,140,61.14,,,,,,,,,,,,,0,,,,,,,,Group/subject breakdown from source summary.
breakdown,vi-multimodel-v1,1,main_v1,main,qwen3-5-9b-65k,Qwen3.5-9B-65K,vi-multimodel-v1-vmlu-valid,VMLU valid,main,category,Other,local,complete_local_score,112,112,112,112,0,0,100,70,62.5,,,,,,,,,,,,,0,,,,,,,,Group/subject breakdown from source summary.
breakdown,vi-multimodel-v1,1,main_v1,main,qwen3-5-9b-65k,Qwen3.5-9B-65K,vi-multimodel-v1-vmlu-valid,VMLU valid,main,category,STEM,local,complete_local_score,272,272,272,272,0,0,100,198,72.79,,,,,,,,,,,,,0,,,,,,,,Group/subject breakdown from source summary.
breakdown,vi-multimodel-v1,1,main_v1,main,qwen3-5-9b-65k,Qwen3.5-9B-65K,vi-multimodel-v1-vmlu-valid,VMLU valid,main,category,Social Science,local,complete_local_score,131,131,131,131,0,0,100,91,69.47,,,,,,,,,,,,,0,,,,,,,,Group/subject breakdown from source summary.
breakdown,vi-multimodel-v1,1,main_v1,main,qwen3-5-9b-65k,Qwen3.5-9B-65K,vi-multimodel-v1-vmlu-valid,VMLU valid,main,subject,01 Elementary Mathematics,local,complete_local_score,14,14,14,14,0,0,100,6,42.86,,,,,,,,,,,,,0,,,,,,,,Group/subject breakdown from source summary.
breakdown,vi-multimodel-v1,1,main_v1,main,qwen3-5-9b-65k,Qwen3.5-9B-65K,vi-multimodel-v1-vmlu-valid,VMLU valid,main,subject,02 Elementary Science,local,complete_local_score,14,14,14,14,0,0,100,12,85.71,,,,,,,,,,,,,0,,,,,,,,Group/subject breakdown from source summary.
breakdown,vi-multimodel-v1,1,main_v1,main,qwen3-5-9b-65k,Qwen3.5-9B-65K,vi-multimodel-v1-vmlu-valid,VMLU valid,main,subject,03 Middle School Biology,local,complete_local_score,13,13,13,13,0,0,100,13,100.0,,,,,,,,,,,,,0,,,,,,,,Group/subject breakdown from source summary.
breakdown,vi-multimodel-v1,1,main_v1,main,qwen3-5-9b-65k,Qwen3.5-9B-65K,vi-multimodel-v1-vmlu-valid,VMLU valid,main,subject,04 Middle School Chemistry,local,complete_local_score,14,14,14,14,0,0,100,13,92.86,,,,,,,,,,,,,0,,,,,,,,Group/subject breakdown from source summary.
breakdown,vi-multimodel-v1,1,main_v1,main,qwen3-5-9b-65k,Qwen3.5-9B-65K,vi-multimodel-v1-vmlu-valid,VMLU valid,main,subject,05 Middle School Mathematics,local,complete_local_score,8,8,8,8,0,0,100,4,50.0,,,,,,,,,,,,,0,,,,,,,,Group/subject breakdown from source summary.
breakdown,vi-multimodel-v1,1,main_v1,main,qwen3-5-9b-65k,Qwen3.5-9B-65K,vi-multimodel-v1-vmlu-valid,VMLU valid,main,subject,06 Middle School Physics,local,complete_local_score,14,14,14,14,0,0,100,11,78.57,,,,,,,,,,,,,0,,,,,,,,Group/subject breakdown from source summary.
breakdown,vi-multimodel-v1,1,main_v1,main,qwen3-5-9b-65k,Qwen3.5-9B-65K,vi-multimodel-v1-vmlu-valid,VMLU valid,main,subject,07 High School Biology,local,complete_local_score,14,14,14,14,0,0,100,11,78.57,,,,,,,,,,,,,0,,,,,,,,Group/subject breakdown from source summary.
breakdown,vi-multimodel-v1,1,main_v1,main,qwen3-5-9b-65k,Qwen3.5-9B-65K,vi-multimodel-v1-vmlu-valid,VMLU valid,main,subject,08 High School Chemistry,local,complete_local_score,14,14,14,14,0,0,100,13,92.86,,,,,,,,,,,,,0,,,,,,,,Group/subject breakdown from source summary.
breakdown,vi-multimodel-v1,1,main_v1,main,qwen3-5-9b-65k,Qwen3.5-9B-65K,vi-multimodel-v1-vmlu-valid,VMLU valid,main,subject,09 High School Mathematics,local,complete_local_score,11,11,11,11,0,0,100,7,63.64,,,,,,,,,,,,,0,,,,,,,,Group/subject breakdown from source summary.
breakdown,vi-multimodel-v1,1,main_v1,main,qwen3-5-9b-65k,Qwen3.5-9B-65K,vi-multimodel-v1-vmlu-valid,VMLU valid,main,subject,10 High School Physics,local,complete_local_score,14,14,14,14,0,0,100,14,100.0,,,,,,,,,,,,,0,,,,,,,,Group/subject breakdown from source summary.
breakdown,vi-multimodel-v1,1,main_v1,main,qwen3-5-9b-65k,Qwen3.5-9B-65K,vi-multimodel-v1-vmlu-valid,VMLU valid,main,subject,11 Applied Informatics,local,complete_local_score,14,14,14,14,0,0,100,6,42.86,,,,,,,,,,,,,0,,,,,,,,Group/subject breakdown from source summary.
breakdown,vi-multimodel-v1,1,main_v1,main,qwen3-5-9b-65k,Qwen3.5-9B-65K,vi-multimodel-v1-vmlu-valid,VMLU valid,main,subject,12 Computer Architecture,local,complete_local_score,14,14,14,14,0,0,100,9,64.29,,,,,,,,,,,,,0,,,,,,,,Group/subject breakdown from source summary.
breakdown,vi-multimodel-v1,1,main_v1,main,qwen3-5-9b-65k,Qwen3.5-9B-65K,vi-multimodel-v1-vmlu-valid,VMLU valid,main,subject,13 Computer Network,local,complete_local_score,13,13,13,13,0,0,100,11,84.62,,,,,,,,,,,,,0,,,,,,,,Group/subject breakdown from source summary.
breakdown,vi-multimodel-v1,1,main_v1,main,qwen3-5-9b-65k,Qwen3.5-9B-65K,vi-multimodel-v1-vmlu-valid,VMLU valid,main,subject,14 Discrete Mathematics,local,complete_local_score,12,12,12,12,0,0,100,9,75.0,,,,,,,,,,,,,0,,,,,,,,Group/subject breakdown from source summary.
breakdown,vi-multimodel-v1,1,main_v1,main,qwen3-5-9b-65k,Qwen3.5-9B-65K,vi-multimodel-v1-vmlu-valid,VMLU valid,main,subject,15 Electrical Engineering,local,complete_local_score,13,13,13,13,0,0,100,12,92.31,,,,,,,,,,,,,0,,,,,,,,Group/subject breakdown from source summary.
breakdown,vi-multimodel-v1,1,main_v1,main,qwen3-5-9b-65k,Qwen3.5-9B-65K,vi-multimodel-v1-vmlu-valid,VMLU valid,main,subject,16 Introduction to Chemistry,local,complete_local_score,13,13,13,13,0,0,100,6,46.15,,,,,,,,,,,,,0,,,,,,,,Group/subject breakdown from source summary.
breakdown,vi-multimodel-v1,1,main_v1,main,qwen3-5-9b-65k,Qwen3.5-9B-65K,vi-multimodel-v1-vmlu-valid,VMLU valid,main,subject,17 Introduction to Physics,local,complete_local_score,13,13,13,13,0,0,100,8,61.54,,,,,,,,,,,,,0,,,,,,,,Group/subject breakdown from source summary.
breakdown,vi-multimodel-v1,1,main_v1,main,qwen3-5-9b-65k,Qwen3.5-9B-65K,vi-multimodel-v1-vmlu-valid,VMLU valid,main,subject,18 Introduction to Programming,local,complete_local_score,13,13,13,13,0,0,100,10,76.92,,,,,,,,,,,,,0,,,,,,,,Group/subject breakdown from source summary.
breakdown,vi-multimodel-v1,1,main_v1,main,qwen3-5-9b-65k,Qwen3.5-9B-65K,vi-multimodel-v1-vmlu-valid,VMLU valid,main,subject,19 Metrology Engineer,local,complete_local_score,10,10,10,10,0,0,100,5,50.0,,,,,,,,,,,,,0,,,,,,,,Group/subject breakdown from source summary.
breakdown,vi-multimodel-v1,1,main_v1,main,qwen3-5-9b-65k,Qwen3.5-9B-65K,vi-multimodel-v1-vmlu-valid,VMLU valid,main,subject,20 Operating System,local,complete_local_score,14,14,14,14,0,0,100,11,78.57,,,,,,,,,,,,,0,,,,,,,,Group/subject breakdown from source summary.
breakdown,vi-multimodel-v1,1,main_v1,main,qwen3-5-9b-65k,Qwen3.5-9B-65K,vi-multimodel-v1-vmlu-valid,VMLU valid,main,subject,21 Statistics and Probability,local,complete_local_score,13,13,13,13,0,0,100,7,53.85,,,,,,,,,,,,,0,,,,,,,,Group/subject breakdown from source summary.
breakdown,vi-multimodel-v1,1,main_v1,main,qwen3-5-9b-65k,Qwen3.5-9B-65K,vi-multimodel-v1-vmlu-valid,VMLU valid,main,subject,22 Middle School Civil Education,local,complete_local_score,13,13,13,13,0,0,100,11,84.62,,,,,,,,,,,,,0,,,,,,,,Group/subject breakdown from source summary.
breakdown,vi-multimodel-v1,1,main_v1,main,qwen3-5-9b-65k,Qwen3.5-9B-65K,vi-multimodel-v1-vmlu-valid,VMLU valid,main,subject,23 Middle School Geography,local,complete_local_score,11,11,11,11,0,0,100,8,72.73,,,,,,,,,,,,,0,,,,,,,,Group/subject breakdown from source summary.
breakdown,vi-multimodel-v1,1,main_v1,main,qwen3-5-9b-65k,Qwen3.5-9B-65K,vi-multimodel-v1-vmlu-valid,VMLU valid,main,subject,24 High School Civil Education,local,complete_local_score,14,14,14,14,0,0,100,13,92.86,,,,,,,,,,,,,0,,,,,,,,Group/subject breakdown from source summary.
breakdown,vi-multimodel-v1,1,main_v1,main,qwen3-5-9b-65k,Qwen3.5-9B-65K,vi-multimodel-v1-vmlu-valid,VMLU valid,main,subject,25 High School Geography,local,complete_local_score,12,12,12,12,0,0,100,9,75.0,,,,,,,,,,,,,0,,,,,,,,Group/subject breakdown from source summary.
breakdown,vi-multimodel-v1,1,main_v1,main,qwen3-5-9b-65k,Qwen3.5-9B-65K,vi-multimodel-v1-vmlu-valid,VMLU valid,main,subject,26 Business Administration,local,complete_local_score,13,13,13,13,0,0,100,9,69.23,,,,,,,,,,,,,0,,,,,,,,Group/subject breakdown from source summary.
breakdown,vi-multimodel-v1,1,main_v1,main,qwen3-5-9b-65k,Qwen3.5-9B-65K,vi-multimodel-v1-vmlu-valid,VMLU valid,main,subject,27 Ho Chi Minh Ideology,local,complete_local_score,13,13,13,13,0,0,100,7,53.85,,,,,,,,,,,,,0,,,,,,,,Group/subject breakdown from source summary.
breakdown,vi-multimodel-v1,1,main_v1,main,qwen3-5-9b-65k,Qwen3.5-9B-65K,vi-multimodel-v1-vmlu-valid,VMLU valid,main,subject,28 Macroeconomics,local,complete_local_score,14,14,14,14,0,0,100,8,57.14,,,,,,,,,,,,,0,,,,,,,,Group/subject breakdown from source summary.
breakdown,vi-multimodel-v1,1,main_v1,main,qwen3-5-9b-65k,Qwen3.5-9B-65K,vi-multimodel-v1-vmlu-valid,VMLU valid,main,subject,29 Microeconomics,local,complete_local_score,14,14,14,14,0,0,100,5,35.71,,,,,,,,,,,,,0,,,,,,,,Group/subject breakdown from source summary.
breakdown,vi-multimodel-v1,1,main_v1,main,qwen3-5-9b-65k,Qwen3.5-9B-65K,vi-multimodel-v1-vmlu-valid,VMLU valid,main,subject,30 Principles of Marxism and Leninism,local,complete_local_score,14,14,14,14,0,0,100,10,71.43,,,,,,,,,,,,,0,,,,,,,,Group/subject breakdown from source summary.
breakdown,vi-multimodel-v1,1,main_v1,main,qwen3-5-9b-65k,Qwen3.5-9B-65K,vi-multimodel-v1-vmlu-valid,VMLU valid,main,subject,31 Sociology,local,complete_local_score,13,13,13,13,0,0,100,11,84.62,,,,,,,,,,,,,0,,,,,,,,Group/subject breakdown from source summary.
breakdown,vi-multimodel-v1,1,main_v1,main,qwen3-5-9b-65k,Qwen3.5-9B-65K,vi-multimodel-v1-vmlu-valid,VMLU valid,main,subject,32 Elementary History,local,complete_local_score,13,13,13,13,0,0,100,9,69.23,,,,,,,,,,,,,0,,,,,,,,Group/subject breakdown from source summary.
breakdown,vi-multimodel-v1,1,main_v1,main,qwen3-5-9b-65k,Qwen3.5-9B-65K,vi-multimodel-v1-vmlu-valid,VMLU valid,main,subject,33 Middle School History,local,complete_local_score,14,14,14,14,0,0,100,12,85.71,,,,,,,,,,,,,0,,,,,,,,Group/subject breakdown from source summary.
breakdown,vi-multimodel-v1,1,main_v1,main,qwen3-5-9b-65k,Qwen3.5-9B-65K,vi-multimodel-v1-vmlu-valid,VMLU valid,main,subject,34 Middle School Literature,local,complete_local_score,13,13,13,13,0,0,100,7,53.85,,,,,,,,,,,,,0,,,,,,,,Group/subject breakdown from source summary.
breakdown,vi-multimodel-v1,1,main_v1,main,qwen3-5-9b-65k,Qwen3.5-9B-65K,vi-multimodel-v1-vmlu-valid,VMLU valid,main,subject,35 High School History,local,complete_local_score,14,14,14,14,0,0,100,12,85.71,,,,,,,,,,,,,0,,,,,,,,Group/subject breakdown from source summary.
breakdown,vi-multimodel-v1,1,main_v1,main,qwen3-5-9b-65k,Qwen3.5-9B-65K,vi-multimodel-v1-vmlu-valid,VMLU valid,main,subject,36 High School Literature,local,complete_local_score,14,14,14,14,0,0,100,7,50.0,,,,,,,,,,,,,0,,,,,,,,Group/subject breakdown from source summary.
breakdown,vi-multimodel-v1,1,main_v1,main,qwen3-5-9b-65k,Qwen3.5-9B-65K,vi-multimodel-v1-vmlu-valid,VMLU valid,main,subject,37 Administrative Law,local,complete_local_score,7,7,7,7,0,0,100,3,42.86,,,,,,,,,,,,,0,,,,,,,,Group/subject breakdown from source summary.
breakdown,vi-multimodel-v1,1,main_v1,main,qwen3-5-9b-65k,Qwen3.5-9B-65K,vi-multimodel-v1-vmlu-valid,VMLU valid,main,subject,38 Business Law,local,complete_local_score,13,13,13,13,0,0,100,9,69.23,,,,,,,,,,,,,0,,,,,,,,Group/subject breakdown from source summary.
breakdown,vi-multimodel-v1,1,main_v1,main,qwen3-5-9b-65k,Qwen3.5-9B-65K,vi-multimodel-v1-vmlu-valid,VMLU valid,main,subject,39 Civil Law,local,complete_local_score,14,14,14,14,0,0,100,4,28.57,,,,,,,,,,,,,0,,,,,,,,Group/subject breakdown from source summary.
breakdown,vi-multimodel-v1,1,main_v1,main,qwen3-5-9b-65k,Qwen3.5-9B-65K,vi-multimodel-v1-vmlu-valid,VMLU valid,main,subject,40 Criminal Law,local,complete_local_score,12,12,12,12,0,0,100,4,33.33,,,,,,,,,,,,,0,,,,,,,,Group/subject breakdown from source summary.
breakdown,vi-multimodel-v1,1,main_v1,main,qwen3-5-9b-65k,Qwen3.5-9B-65K,vi-multimodel-v1-vmlu-valid,VMLU valid,main,subject,41 Economic Law,local,complete_local_score,12,12,12,12,0,0,100,4,33.33,,,,,,,,,,,,,0,,,,,,,,Group/subject breakdown from source summary.
breakdown,vi-multimodel-v1,1,main_v1,main,qwen3-5-9b-65k,Qwen3.5-9B-65K,vi-multimodel-v1-vmlu-valid,VMLU valid,main,subject,42 Education Law,local,complete_local_score,12,12,12,12,0,0,100,7,58.33,,,,,,,,,,,,,0,,,,,,,,Group/subject breakdown from source summary.
breakdown,vi-multimodel-v1,1,main_v1,main,qwen3-5-9b-65k,Qwen3.5-9B-65K,vi-multimodel-v1-vmlu-valid,VMLU valid,main,subject,43 History of World Civilization,local,complete_local_score,14,14,14,14,0,0,100,10,71.43,,,,,,,,,,,,,0,,,,,,,,Group/subject breakdown from source summary.
breakdown,vi-multimodel-v1,1,main_v1,main,qwen3-5-9b-65k,Qwen3.5-9B-65K,vi-multimodel-v1-vmlu-valid,VMLU valid,main,subject,44 Idealogical and Moral Cultivation,local,complete_local_score,14,14,14,14,0,0,100,13,92.86,,,,,,,,,,,,,0,,,,,,,,Group/subject breakdown from source summary.
breakdown,vi-multimodel-v1,1,main_v1,main,qwen3-5-9b-65k,Qwen3.5-9B-65K,vi-multimodel-v1-vmlu-valid,VMLU valid,main,subject,45 Introduction to Laws,local,complete_local_score,9,9,9,9,0,0,100,6,66.67,,,,,,,,,,,,,0,,,,,,,,Group/subject breakdown from source summary.
breakdown,vi-multimodel-v1,1,main_v1,main,qwen3-5-9b-65k,Qwen3.5-9B-65K,vi-multimodel-v1-vmlu-valid,VMLU valid,main,subject,46 Introduction to Vietnam Culture,local,complete_local_score,14,14,14,14,0,0,100,9,64.29,,,,,,,,,,,,,0,,,,,,,,Group/subject breakdown from source summary.
breakdown,vi-multimodel-v1,1,main_v1,main,qwen3-5-9b-65k,Qwen3.5-9B-65K,vi-multimodel-v1-vmlu-valid,VMLU valid,main,subject,47 Logic,local,complete_local_score,13,13,13,13,0,0,100,5,38.46,,,,,,,,,,,,,0,,,,,,,,Group/subject breakdown from source summary.
breakdown,vi-multimodel-v1,1,main_v1,main,qwen3-5-9b-65k,Qwen3.5-9B-65K,vi-multimodel-v1-vmlu-valid,VMLU valid,main,subject,48 Revolutionary Policy of the Vietnamese Commununist Part,local,complete_local_score,14,14,14,14,0,0,100,10,71.43,,,,,,,,,,,,,0,,,,,,,,Group/subject breakdown from source summary.
breakdown,vi-multimodel-v1,1,main_v1,main,qwen3-5-9b-65k,Qwen3.5-9B-65K,vi-multimodel-v1-vmlu-valid,VMLU valid,main,subject,49 Vietnamese Language and Literature,local,complete_local_score,13,13,13,13,0,0,100,9,69.23,,,,,,,,,,,,,0,,,,,,,,Group/subject breakdown from source summary.
breakdown,vi-multimodel-v1,1,main_v1,main,qwen3-5-9b-65k,Qwen3.5-9B-65K,vi-multimodel-v1-vmlu-valid,VMLU valid,main,subject,50 Accountant,local,complete_local_score,13,13,13,13,0,0,100,7,53.85,,,,,,,,,,,,,0,,,,,,,,Group/subject breakdown from source summary.
breakdown,vi-multimodel-v1,1,main_v1,main,qwen3-5-9b-65k,Qwen3.5-9B-65K,vi-multimodel-v1-vmlu-valid,VMLU valid,main,subject,51 Clinical Pharmacology,local,complete_local_score,14,14,14,14,0,0,100,12,85.71,,,,,,,,,,,,,0,,,,,,,,Group/subject breakdown from source summary.
breakdown,vi-multimodel-v1,1,main_v1,main,qwen3-5-9b-65k,Qwen3.5-9B-65K,vi-multimodel-v1-vmlu-valid,VMLU valid,main,subject,52 Environmental Engineering,local,complete_local_score,13,13,13,13,0,0,100,8,61.54,,,,,,,,,,,,,0,,,,,,,,Group/subject breakdown from source summary.
breakdown,vi-multimodel-v1,1,main_v1,main,qwen3-5-9b-65k,Qwen3.5-9B-65K,vi-multimodel-v1-vmlu-valid,VMLU valid,main,subject,53 Internal Basic Medicine,local,complete_local_score,13,13,13,13,0,0,100,9,69.23,,,,,,,,,,,,,0,,,,,,,,Group/subject breakdown from source summary.
breakdown,vi-multimodel-v1,1,main_v1,main,qwen3-5-9b-65k,Qwen3.5-9B-65K,vi-multimodel-v1-vmlu-valid,VMLU valid,main,subject,54 Preschool Pedagogy,local,complete_local_score,7,7,7,7,0,0,100,2,28.57,,,,,,,,,,,,,0,,,,,,,,Group/subject breakdown from source summary.
breakdown,vi-multimodel-v1,1,main_v1,main,qwen3-5-9b-65k,Qwen3.5-9B-65K,vi-multimodel-v1-vmlu-valid,VMLU valid,main,subject,55 Tax Accountant,local,complete_local_score,13,13,13,13,0,0,100,8,61.54,,,,,,,,,,,,,0,,,,,,,,Group/subject breakdown from source summary.
breakdown,vi-multimodel-v1,1,main_v1,main,qwen3-5-9b-65k,Qwen3.5-9B-65K,vi-multimodel-v1-vmlu-valid,VMLU valid,main,subject,56 Tax Civil Servant,local,complete_local_score,13,13,13,13,0,0,100,4,30.77,,,,,,,,,,,,,0,,,,,,,,Group/subject breakdown from source summary.
breakdown,vi-multimodel-v1,1,main_v1,main,qwen3-5-9b-65k,Qwen3.5-9B-65K,vi-multimodel-v1-vmlu-valid,VMLU valid,main,subject,57 Civil Servant,local,complete_local_score,13,13,13,13,0,0,100,7,53.85,,,,,,,,,,,,,0,,,,,,,,Group/subject breakdown from source summary.
breakdown,vi-multimodel-v1,1,main_v1,main,qwen3-5-9b-65k,Qwen3.5-9B-65K,vi-multimodel-v1-vmlu-valid,VMLU valid,main,subject,58 Driving License Certificate,local,complete_local_score,13,13,13,13,0,0,100,13,100.0,,,,,,,,,,,,,0,,,,,,,,Group/subject breakdown from source summary.
dataset,vi-multimodel-v1,1,pilot,pilot,muse-spark-1-3-contributor,Muse Spark 1.3 Contributor,vmlu-mqa-dev,VMLU-dev pilot,dev,,,local,complete,100,100,110,110,0,0,100.0,90,90.0,,82.56343384950866,94.47708629393249,,,,,,,98,,2,2,6.8378,11.6858,10,10,9,90.0,,Pilot diagnostic; not part of main leaderboard.
dataset,vi-multimodel-v1,1,pilot,pilot,muse-spark-1-3-contributor,Muse Spark 1.3 Contributor,bidlqa-val,ViBidLQA-val pilot,val,,,local,complete,80,80,90,90,0,0,100.0,,,,,,45.0,33.76623376623377,56.25,77.43,70.76257694172511,83.58693829689146,,,0,,7.224,10.7402,10,10,8,80.0,,Pilot diagnostic; not part of main leaderboard.
phase_summary,vi-multimodel-v1,1,pilot,pilot,muse-spark-1-3-contributor,Muse Spark 1.3 Contributor,pilot_all,pilot phase total,,,,,complete,180,180,200,200,0,0,100.0,,,,,,,,,,,,,,2,,,,20,,,,,180 unique pilot items plus 20 repeat requests.
breakdown,vi-multimodel-v1,1,pilot,pilot,muse-spark-1-3-contributor,Muse Spark 1.3 Contributor,vmlu-mqa-dev,VMLU-dev pilot,pilot,category,Humanity,local,complete_local_score,31,31,31,31,0,0,100,26,83.87,,,,,,,,,,,,,0,,,,,,,,Group/subject breakdown from source summary.
breakdown,vi-multimodel-v1,1,pilot,pilot,muse-spark-1-3-contributor,Muse Spark 1.3 Contributor,vmlu-mqa-dev,VMLU-dev pilot,pilot,category,Other,local,complete_local_score,14,14,14,14,0,0,100,13,92.86,,,,,,,,,,,,,0,,,,,,,,Group/subject breakdown from source summary.
breakdown,vi-multimodel-v1,1,pilot,pilot,muse-spark-1-3-contributor,Muse Spark 1.3 Contributor,vmlu-mqa-dev,VMLU-dev pilot,pilot,category,STEM,local,complete_local_score,37,37,37,37,0,0,100,34,91.89,,,,,,,,,,,,,2,,,,,,,,Group/subject breakdown from source summary.
breakdown,vi-multimodel-v1,1,pilot,pilot,muse-spark-1-3-contributor,Muse Spark 1.3 Contributor,vmlu-mqa-dev,VMLU-dev pilot,pilot,category,Social Science,local,complete_local_score,18,18,18,18,0,0,100,17,94.44,,,,,,,,,,,,,0,,,,,,,,Group/subject breakdown from source summary.
breakdown,vi-multimodel-v1,1,pilot,pilot,muse-spark-1-3-contributor,Muse Spark 1.3 Contributor,vmlu-mqa-dev,VMLU-dev pilot,pilot,subject,01 Elementary Mathematics,local,complete_local_score,5,5,5,5,0,0,100,4,80.0,,,,,,,,,,,,,1,,,,,,,,Group/subject breakdown from source summary.
breakdown,vi-multimodel-v1,1,pilot,pilot,muse-spark-1-3-contributor,Muse Spark 1.3 Contributor,vmlu-mqa-dev,VMLU-dev pilot,pilot,subject,02 Elementary Science,local,complete_local_score,2,2,2,2,0,0,100,2,100.0,,,,,,,,,,,,,0,,,,,,,,Group/subject breakdown from source summary.
breakdown,vi-multimodel-v1,1,pilot,pilot,muse-spark-1-3-contributor,Muse Spark 1.3 Contributor,vmlu-mqa-dev,VMLU-dev pilot,pilot,subject,03 Middle School Biology,local,complete_local_score,2,2,2,2,0,0,100,2,100.0,,,,,,,,,,,,,0,,,,,,,,Group/subject breakdown from source summary.
breakdown,vi-multimodel-v1,1,pilot,pilot,muse-spark-1-3-contributor,Muse Spark 1.3 Contributor,vmlu-mqa-dev,VMLU-dev pilot,pilot,subject,04 Middle School Chemistry,local,complete_local_score,1,1,1,1,0,0,100,1,100.0,,,,,,,,,,,,,0,,,,,,,,Group/subject breakdown from source summary.
breakdown,vi-multimodel-v1,1,pilot,pilot,muse-spark-1-3-contributor,Muse Spark 1.3 Contributor,vmlu-mqa-dev,VMLU-dev pilot,pilot,subject,06 Middle School Physics,local,complete_local_score,3,3,3,3,0,0,100,3,100.0,,,,,,,,,,,,,0,,,,,,,,Group/subject breakdown from source summary.
breakdown,vi-multimodel-v1,1,pilot,pilot,muse-spark-1-3-contributor,Muse Spark 1.3 Contributor,vmlu-mqa-dev,VMLU-dev pilot,pilot,subject,07 High School Biology,local,complete_local_score,1,1,1,1,0,0,100,1,100.0,,,,,,,,,,,,,0,,,,,,,,Group/subject breakdown from source summary.
breakdown,vi-multimodel-v1,1,pilot,pilot,muse-spark-1-3-contributor,Muse Spark 1.3 Contributor,vmlu-mqa-dev,VMLU-dev pilot,pilot,subject,08 High School Chemistry,local,complete_local_score,2,2,2,2,0,0,100,2,100.0,,,,,,,,,,,,,0,,,,,,,,Group/subject breakdown from source summary.
breakdown,vi-multimodel-v1,1,pilot,pilot,muse-spark-1-3-contributor,Muse Spark 1.3 Contributor,vmlu-mqa-dev,VMLU-dev pilot,pilot,subject,09 High School Mathematics,local,complete_local_score,1,1,1,1,0,0,100,1,100.0,,,,,,,,,,,,,0,,,,,,,,Group/subject breakdown from source summary.
breakdown,vi-multimodel-v1,1,pilot,pilot,muse-spark-1-3-contributor,Muse Spark 1.3 Contributor,vmlu-mqa-dev,VMLU-dev pilot,pilot,subject,10 High School Physics,local,complete_local_score,3,3,3,3,0,0,100,3,100.0,,,,,,,,,,,,,0,,,,,,,,Group/subject breakdown from source summary.
breakdown,vi-multimodel-v1,1,pilot,pilot,muse-spark-1-3-contributor,Muse Spark 1.3 Contributor,vmlu-mqa-dev,VMLU-dev pilot,pilot,subject,11 Applied Informatics,local,complete_local_score,3,3,3,3,0,0,100,3,100.0,,,,,,,,,,,,,0,,,,,,,,Group/subject breakdown from source summary.
breakdown,vi-multimodel-v1,1,pilot,pilot,muse-spark-1-3-contributor,Muse Spark 1.3 Contributor,vmlu-mqa-dev,VMLU-dev pilot,pilot,subject,12 Computer Architecture,local,complete_local_score,2,2,2,2,0,0,100,2,100.0,,,,,,,,,,,,,0,,,,,,,,Group/subject breakdown from source summary.
breakdown,vi-multimodel-v1,1,pilot,pilot,muse-spark-1-3-contributor,Muse Spark 1.3 Contributor,vmlu-mqa-dev,VMLU-dev pilot,pilot,subject,13 Computer Network,local,complete_local_score,2,2,2,2,0,0,100,2,100.0,,,,,,,,,,,,,0,,,,,,,,Group/subject breakdown from source summary.
breakdown,vi-multimodel-v1,1,pilot,pilot,muse-spark-1-3-contributor,Muse Spark 1.3 Contributor,vmlu-mqa-dev,VMLU-dev pilot,pilot,subject,14 Discrete Mathematics,local,complete_local_score,1,1,1,1,0,0,100,1,100.0,,,,,,,,,,,,,0,,,,,,,,Group/subject breakdown from source summary.
breakdown,vi-multimodel-v1,1,pilot,pilot,muse-spark-1-3-contributor,Muse Spark 1.3 Contributor,vmlu-mqa-dev,VMLU-dev pilot,pilot,subject,15 Electrical Engineering,local,complete_local_score,2,2,2,2,0,0,100,2,100.0,,,,,,,,,,,,,0,,,,,,,,Group/subject breakdown from source summary.
breakdown,vi-multimodel-v1,1,pilot,pilot,muse-spark-1-3-contributor,Muse Spark 1.3 Contributor,vmlu-mqa-dev,VMLU-dev pilot,pilot,subject,16 Introduction to Chemistry,local,complete_local_score,1,1,1,1,0,0,100,1,100.0,,,,,,,,,,,,,0,,,,,,,,Group/subject breakdown from source summary.
breakdown,vi-multimodel-v1,1,pilot,pilot,muse-spark-1-3-contributor,Muse Spark 1.3 Contributor,vmlu-mqa-dev,VMLU-dev pilot,pilot,subject,17 Introduction to Physics,local,complete_local_score,3,3,3,3,0,0,100,2,66.67,,,,,,,,,,,,,1,,,,,,,,Group/subject breakdown from source summary.
breakdown,vi-multimodel-v1,1,pilot,pilot,muse-spark-1-3-contributor,Muse Spark 1.3 Contributor,vmlu-mqa-dev,VMLU-dev pilot,pilot,subject,18 Introduction to Programming,local,complete_local_score,1,1,1,1,0,0,100,1,100.0,,,,,,,,,,,,,0,,,,,,,,Group/subject breakdown from source summary.
breakdown,vi-multimodel-v1,1,pilot,pilot,muse-spark-1-3-contributor,Muse Spark 1.3 Contributor,vmlu-mqa-dev,VMLU-dev pilot,pilot,subject,19 Metrology Engineer,local,complete_local_score,1,1,1,1,0,0,100,1,100.0,,,,,,,,,,,,,0,,,,,,,,Group/subject breakdown from source summary.
breakdown,vi-multimodel-v1,1,pilot,pilot,muse-spark-1-3-contributor,Muse Spark 1.3 Contributor,vmlu-mqa-dev,VMLU-dev pilot,pilot,subject,20 Operating System,local,complete_local_score,1,1,1,1,0,0,100,0,0.0,,,,,,,,,,,,,0,,,,,,,,Group/subject breakdown from source summary.
breakdown,vi-multimodel-v1,1,pilot,pilot,muse-spark-1-3-contributor,Muse Spark 1.3 Contributor,vmlu-mqa-dev,VMLU-dev pilot,pilot,subject,22 Middle School Civil Education,local,complete_local_score,3,3,3,3,0,0,100,3,100.0,,,,,,,,,,,,,0,,,,,,,,Group/subject breakdown from source summary.
breakdown,vi-multimodel-v1,1,pilot,pilot,muse-spark-1-3-contributor,Muse Spark 1.3 Contributor,vmlu-mqa-dev,VMLU-dev pilot,pilot,subject,23 Middle School Geography,local,complete_local_score,1,1,1,1,0,0,100,1,100.0,,,,,,,,,,,,,0,,,,,,,,Group/subject breakdown from source summary.
breakdown,vi-multimodel-v1,1,pilot,pilot,muse-spark-1-3-contributor,Muse Spark 1.3 Contributor,vmlu-mqa-dev,VMLU-dev pilot,pilot,subject,24 High School Civil Education,local,complete_local_score,3,3,3,3,0,0,100,3,100.0,,,,,,,,,,,,,0,,,,,,,,Group/subject breakdown from source summary.
breakdown,vi-multimodel-v1,1,pilot,pilot,muse-spark-1-3-contributor,Muse Spark 1.3 Contributor,vmlu-mqa-dev,VMLU-dev pilot,pilot,subject,26 Business Administration,local,complete_local_score,1,1,1,1,0,0,100,1,100.0,,,,,,,,,,,,,0,,,,,,,,Group/subject breakdown from source summary.
breakdown,vi-multimodel-v1,1,pilot,pilot,muse-spark-1-3-contributor,Muse Spark 1.3 Contributor,vmlu-mqa-dev,VMLU-dev pilot,pilot,subject,27 Ho Chi Minh Ideology,local,complete_local_score,2,2,2,2,0,0,100,2,100.0,,,,,,,,,,,,,0,,,,,,,,Group/subject breakdown from source summary.
breakdown,vi-multimodel-v1,1,pilot,pilot,muse-spark-1-3-contributor,Muse Spark 1.3 Contributor,vmlu-mqa-dev,VMLU-dev pilot,pilot,subject,28 Macroeconomics,local,complete_local_score,3,3,3,3,0,0,100,3,100.0,,,,,,,,,,,,,0,,,,,,,,Group/subject breakdown from source summary.
breakdown,vi-multimodel-v1,1,pilot,pilot,muse-spark-1-3-contributor,Muse Spark 1.3 Contributor,vmlu-mqa-dev,VMLU-dev pilot,pilot,subject,29 Microeconomics,local,complete_local_score,3,3,3,3,0,0,100,2,66.67,,,,,,,,,,,,,0,,,,,,,,Group/subject breakdown from source summary.
breakdown,vi-multimodel-v1,1,pilot,pilot,muse-spark-1-3-contributor,Muse Spark 1.3 Contributor,vmlu-mqa-dev,VMLU-dev pilot,pilot,subject,30 Principles of Marxism and Leninism,local,complete_local_score,1,1,1,1,0,0,100,1,100.0,,,,,,,,,,,,,0,,,,,,,,Group/subject breakdown from source summary.
breakdown,vi-multimodel-v1,1,pilot,pilot,muse-spark-1-3-contributor,Muse Spark 1.3 Contributor,vmlu-mqa-dev,VMLU-dev pilot,pilot,subject,31 Sociology,local,complete_local_score,1,1,1,1,0,0,100,1,100.0,,,,,,,,,,,,,0,,,,,,,,Group/subject breakdown from source summary.
breakdown,vi-multimodel-v1,1,pilot,pilot,muse-spark-1-3-contributor,Muse Spark 1.3 Contributor,vmlu-mqa-dev,VMLU-dev pilot,pilot,subject,32 Elementary History,local,complete_local_score,3,3,3,3,0,0,100,3,100.0,,,,,,,,,,,,,0,,,,,,,,Group/subject breakdown from source summary.
breakdown,vi-multimodel-v1,1,pilot,pilot,muse-spark-1-3-contributor,Muse Spark 1.3 Contributor,vmlu-mqa-dev,VMLU-dev pilot,pilot,subject,33 Middle School History,local,complete_local_score,2,2,2,2,0,0,100,2,100.0,,,,,,,,,,,,,0,,,,,,,,Group/subject breakdown from source summary.
breakdown,vi-multimodel-v1,1,pilot,pilot,muse-spark-1-3-contributor,Muse Spark 1.3 Contributor,vmlu-mqa-dev,VMLU-dev pilot,pilot,subject,34 Middle School Literature,local,complete_local_score,2,2,2,2,0,0,100,2,100.0,,,,,,,,,,,,,0,,,,,,,,Group/subject breakdown from source summary.
breakdown,vi-multimodel-v1,1,pilot,pilot,muse-spark-1-3-contributor,Muse Spark 1.3 Contributor,vmlu-mqa-dev,VMLU-dev pilot,pilot,subject,35 High School History,local,complete_local_score,2,2,2,2,0,0,100,2,100.0,,,,,,,,,,,,,0,,,,,,,,Group/subject breakdown from source summary.
breakdown,vi-multimodel-v1,1,pilot,pilot,muse-spark-1-3-contributor,Muse Spark 1.3 Contributor,vmlu-mqa-dev,VMLU-dev pilot,pilot,subject,36 High School Literature,local,complete_local_score,2,2,2,2,0,0,100,1,50.0,,,,,,,,,,,,,0,,,,,,,,Group/subject breakdown from source summary.
breakdown,vi-multimodel-v1,1,pilot,pilot,muse-spark-1-3-contributor,Muse Spark 1.3 Contributor,vmlu-mqa-dev,VMLU-dev pilot,pilot,subject,37 Administrative Law,local,complete_local_score,2,2,2,2,0,0,100,2,100.0,,,,,,,,,,,,,0,,,,,,,,Group/subject breakdown from source summary.
breakdown,vi-multimodel-v1,1,pilot,pilot,muse-spark-1-3-contributor,Muse Spark 1.3 Contributor,vmlu-mqa-dev,VMLU-dev pilot,pilot,subject,38 Business Law,local,complete_local_score,3,3,3,3,0,0,100,2,66.67,,,,,,,,,,,,,0,,,,,,,,Group/subject breakdown from source summary.
breakdown,vi-multimodel-v1,1,pilot,pilot,muse-spark-1-3-contributor,Muse Spark 1.3 Contributor,vmlu-mqa-dev,VMLU-dev pilot,pilot,subject,39 Civil Law,local,complete_local_score,1,1,1,1,0,0,100,1,100.0,,,,,,,,,,,,,0,,,,,,,,Group/subject breakdown from source summary.
breakdown,vi-multimodel-v1,1,pilot,pilot,muse-spark-1-3-contributor,Muse Spark 1.3 Contributor,vmlu-mqa-dev,VMLU-dev pilot,pilot,subject,40 Criminal Law,local,complete_local_score,2,2,2,2,0,0,100,2,100.0,,,,,,,,,,,,,0,,,,,,,,Group/subject breakdown from source summary.
breakdown,vi-multimodel-v1,1,pilot,pilot,muse-spark-1-3-contributor,Muse Spark 1.3 Contributor,vmlu-mqa-dev,VMLU-dev pilot,pilot,subject,41 Economic Law,local,complete_local_score,2,2,2,2,0,0,100,0,0.0,,,,,,,,,,,,,0,,,,,,,,Group/subject breakdown from source summary.
breakdown,vi-multimodel-v1,1,pilot,pilot,muse-spark-1-3-contributor,Muse Spark 1.3 Contributor,vmlu-mqa-dev,VMLU-dev pilot,pilot,subject,42 Education Law,local,complete_local_score,1,1,1,1,0,0,100,1,100.0,,,,,,,,,,,,,0,,,,,,,,Group/subject breakdown from source summary.
breakdown,vi-multimodel-v1,1,pilot,pilot,muse-spark-1-3-contributor,Muse Spark 1.3 Contributor,vmlu-mqa-dev,VMLU-dev pilot,pilot,subject,43 History of World Civilization,local,complete_local_score,1,1,1,1,0,0,100,1,100.0,,,,,,,,,,,,,0,,,,,,,,Group/subject breakdown from source summary.
breakdown,vi-multimodel-v1,1,pilot,pilot,muse-spark-1-3-contributor,Muse Spark 1.3 Contributor,vmlu-mqa-dev,VMLU-dev pilot,pilot,subject,44 Idealogical and Moral Cultivation,local,complete_local_score,3,3,3,3,0,0,100,3,100.0,,,,,,,,,,,,,0,,,,,,,,Group/subject breakdown from source summary.
breakdown,vi-multimodel-v1,1,pilot,pilot,muse-spark-1-3-contributor,Muse Spark 1.3 Contributor,vmlu-mqa-dev,VMLU-dev pilot,pilot,subject,45 Introduction to Laws,local,complete_local_score,2,2,2,2,0,0,100,2,100.0,,,,,,,,,,,,,0,,,,,,,,Group/subject breakdown from source summary.
breakdown,vi-multimodel-v1,1,pilot,pilot,muse-spark-1-3-contributor,Muse Spark 1.3 Contributor,vmlu-mqa-dev,VMLU-dev pilot,pilot,subject,46 Introduction to Vietnam Culture,local,complete_local_score,2,2,2,2,0,0,100,1,50.0,,,,,,,,,,,,,0,,,,,,,,Group/subject breakdown from source summary.
breakdown,vi-multimodel-v1,1,pilot,pilot,muse-spark-1-3-contributor,Muse Spark 1.3 Contributor,vmlu-mqa-dev,VMLU-dev pilot,pilot,subject,48 Revolutionary Policy of the Vietnamese Commununist Part,local,complete_local_score,1,1,1,1,0,0,100,1,100.0,,,,,,,,,,,,,0,,,,,,,,Group/subject breakdown from source summary.
breakdown,vi-multimodel-v1,1,pilot,pilot,muse-spark-1-3-contributor,Muse Spark 1.3 Contributor,vmlu-mqa-dev,VMLU-dev pilot,pilot,subject,50 Accountant,local,complete_local_score,2,2,2,2,0,0,100,2,100.0,,,,,,,,,,,,,0,,,,,,,,Group/subject breakdown from source summary.
breakdown,vi-multimodel-v1,1,pilot,pilot,muse-spark-1-3-contributor,Muse Spark 1.3 Contributor,vmlu-mqa-dev,VMLU-dev pilot,pilot,subject,51 Clinical Pharmacology,local,complete_local_score,2,2,2,2,0,0,100,2,100.0,,,,,,,,,,,,,0,,,,,,,,Group/subject breakdown from source summary.
breakdown,vi-multimodel-v1,1,pilot,pilot,muse-spark-1-3-contributor,Muse Spark 1.3 Contributor,vmlu-mqa-dev,VMLU-dev pilot,pilot,subject,52 Environmental Engineering,local,complete_local_score,1,1,1,1,0,0,100,1,100.0,,,,,,,,,,,,,0,,,,,,,,Group/subject breakdown from source summary.
breakdown,vi-multimodel-v1,1,pilot,pilot,muse-spark-1-3-contributor,Muse Spark 1.3 Contributor,vmlu-mqa-dev,VMLU-dev pilot,pilot,subject,53 Internal Basic Medicine,local,complete_local_score,2,2,2,2,0,0,100,2,100.0,,,,,,,,,,,,,0,,,,,,,,Group/subject breakdown from source summary.
breakdown,vi-multimodel-v1,1,pilot,pilot,muse-spark-1-3-contributor,Muse Spark 1.3 Contributor,vmlu-mqa-dev,VMLU-dev pilot,pilot,subject,54 Preschool Pedagogy,local,complete_local_score,1,1,1,1,0,0,100,1,100.0,,,,,,,,,,,,,0,,,,,,,,Group/subject breakdown from source summary.
breakdown,vi-multimodel-v1,1,pilot,pilot,muse-spark-1-3-contributor,Muse Spark 1.3 Contributor,vmlu-mqa-dev,VMLU-dev pilot,pilot,subject,55 Tax Accountant,local,complete_local_score,2,2,2,2,0,0,100,1,50.0,,,,,,,,,,,,,0,,,,,,,,Group/subject breakdown from source summary.
breakdown,vi-multimodel-v1,1,pilot,pilot,muse-spark-1-3-contributor,Muse Spark 1.3 Contributor,vmlu-mqa-dev,VMLU-dev pilot,pilot,subject,57 Civil Servant,local,complete_local_score,1,1,1,1,0,0,100,1,100.0,,,,,,,,,,,,,0,,,,,,,,Group/subject breakdown from source summary.
breakdown,vi-multimodel-v1,1,pilot,pilot,muse-spark-1-3-contributor,Muse Spark 1.3 Contributor,vmlu-mqa-dev,VMLU-dev pilot,pilot,subject,58 Driving License Certificate,local,complete_local_score,3,3,3,3,0,0,100,3,100.0,,,,,,,,,,,,,0,,,,,,,,Group/subject breakdown from source summary.
dataset,vi-multimodel-v1,1,pilot,pilot,mimo-v2-6-flash,MiMo V2.6 Flash,vmlu-mqa-dev,VMLU-dev pilot,dev,,,local,complete,100,100,110,110,0,0,100.0,83,83.0,,74.45199523239887,89.10643388594006,,,,,,,89,,9,11,11.5292,81.2583,10,10,9,90.0,,Pilot diagnostic; not part of main leaderboard.
dataset,vi-multimodel-v1,1,pilot,pilot,mimo-v2-6-flash,MiMo V2.6 Flash,bidlqa-val,ViBidLQA-val pilot,val,,,local,complete,80,80,90,90,0,0,100.0,,,,,,42.5,31.16883116883117,53.57142857142857,75.33,68.32066784745726,81.85530759930035,,,0,,8.6635,19.4173,10,10,7,70.0,,Pilot diagnostic; not part of main leaderboard.
phase_summary,vi-multimodel-v1,1,pilot,pilot,mimo-v2-6-flash,MiMo V2.6 Flash,pilot_all,pilot phase total,,,,,complete,180,180,200,200,0,0,100.0,,,,,,,,,,,,,,9,,,,20,,,,,180 unique pilot items plus 20 repeat requests.
breakdown,vi-multimodel-v1,1,pilot,pilot,mimo-v2-6-flash,MiMo V2.6 Flash,vmlu-mqa-dev,VMLU-dev pilot,pilot,category,Humanity,local,complete_local_score,31,31,31,31,0,0,100,25,80.65,,,,,,,,,,,,,2,,,,,,,,Group/subject breakdown from source summary.
breakdown,vi-multimodel-v1,1,pilot,pilot,mimo-v2-6-flash,MiMo V2.6 Flash,vmlu-mqa-dev,VMLU-dev pilot,pilot,category,Other,local,complete_local_score,14,14,14,14,0,0,100,10,71.43,,,,,,,,,,,,,3,,,,,,,,Group/subject breakdown from source summary.
breakdown,vi-multimodel-v1,1,pilot,pilot,mimo-v2-6-flash,MiMo V2.6 Flash,vmlu-mqa-dev,VMLU-dev pilot,pilot,category,STEM,local,complete_local_score,37,37,37,37,0,0,100,32,86.49,,,,,,,,,,,,,5,,,,,,,,Group/subject breakdown from source summary.
breakdown,vi-multimodel-v1,1,pilot,pilot,mimo-v2-6-flash,MiMo V2.6 Flash,vmlu-mqa-dev,VMLU-dev pilot,pilot,category,Social Science,local,complete_local_score,18,18,18,18,0,0,100,16,88.89,,,,,,,,,,,,,1,,,,,,,,Group/subject breakdown from source summary.
breakdown,vi-multimodel-v1,1,pilot,pilot,mimo-v2-6-flash,MiMo V2.6 Flash,vmlu-mqa-dev,VMLU-dev pilot,pilot,subject,01 Elementary Mathematics,local,complete_local_score,5,5,5,5,0,0,100,3,60.0,,,,,,,,,,,,,2,,,,,,,,Group/subject breakdown from source summary.
breakdown,vi-multimodel-v1,1,pilot,pilot,mimo-v2-6-flash,MiMo V2.6 Flash,vmlu-mqa-dev,VMLU-dev pilot,pilot,subject,02 Elementary Science,local,complete_local_score,2,2,2,2,0,0,100,2,100.0,,,,,,,,,,,,,0,,,,,,,,Group/subject breakdown from source summary.
breakdown,vi-multimodel-v1,1,pilot,pilot,mimo-v2-6-flash,MiMo V2.6 Flash,vmlu-mqa-dev,VMLU-dev pilot,pilot,subject,03 Middle School Biology,local,complete_local_score,2,2,2,2,0,0,100,2,100.0,,,,,,,,,,,,,0,,,,,,,,Group/subject breakdown from source summary.
breakdown,vi-multimodel-v1,1,pilot,pilot,mimo-v2-6-flash,MiMo V2.6 Flash,vmlu-mqa-dev,VMLU-dev pilot,pilot,subject,04 Middle School Chemistry,local,complete_local_score,1,1,1,1,0,0,100,1,100.0,,,,,,,,,,,,,0,,,,,,,,Group/subject breakdown from source summary.
breakdown,vi-multimodel-v1,1,pilot,pilot,mimo-v2-6-flash,MiMo V2.6 Flash,vmlu-mqa-dev,VMLU-dev pilot,pilot,subject,06 Middle School Physics,local,complete_local_score,3,3,3,3,0,0,100,2,66.67,,,,,,,,,,,,,1,,,,,,,,Group/subject breakdown from source summary.
breakdown,vi-multimodel-v1,1,pilot,pilot,mimo-v2-6-flash,MiMo V2.6 Flash,vmlu-mqa-dev,VMLU-dev pilot,pilot,subject,07 High School Biology,local,complete_local_score,1,1,1,1,0,0,100,1,100.0,,,,,,,,,,,,,0,,,,,,,,Group/subject breakdown from source summary.
breakdown,vi-multimodel-v1,1,pilot,pilot,mimo-v2-6-flash,MiMo V2.6 Flash,vmlu-mqa-dev,VMLU-dev pilot,pilot,subject,08 High School Chemistry,local,complete_local_score,2,2,2,2,0,0,100,2,100.0,,,,,,,,,,,,,0,,,,,,,,Group/subject breakdown from source summary.
breakdown,vi-multimodel-v1,1,pilot,pilot,mimo-v2-6-flash,MiMo V2.6 Flash,vmlu-mqa-dev,VMLU-dev pilot,pilot,subject,09 High School Mathematics,local,complete_local_score,1,1,1,1,0,0,100,1,100.0,,,,,,,,,,,,,0,,,,,,,,Group/subject breakdown from source summary.
breakdown,vi-multimodel-v1,1,pilot,pilot,mimo-v2-6-flash,MiMo V2.6 Flash,vmlu-mqa-dev,VMLU-dev pilot,pilot,subject,10 High School Physics,local,complete_local_score,3,3,3,3,0,0,100,3,100.0,,,,,,,,,,,,,0,,,,,,,,Group/subject breakdown from source summary.
breakdown,vi-multimodel-v1,1,pilot,pilot,mimo-v2-6-flash,MiMo V2.6 Flash,vmlu-mqa-dev,VMLU-dev pilot,pilot,subject,11 Applied Informatics,local,complete_local_score,3,3,3,3,0,0,100,3,100.0,,,,,,,,,,,,,0,,,,,,,,Group/subject breakdown from source summary.
breakdown,vi-multimodel-v1,1,pilot,pilot,mimo-v2-6-flash,MiMo V2.6 Flash,vmlu-mqa-dev,VMLU-dev pilot,pilot,subject,12 Computer Architecture,local,complete_local_score,2,2,2,2,0,0,100,2,100.0,,,,,,,,,,,,,0,,,,,,,,Group/subject breakdown from source summary.
breakdown,vi-multimodel-v1,1,pilot,pilot,mimo-v2-6-flash,MiMo V2.6 Flash,vmlu-mqa-dev,VMLU-dev pilot,pilot,subject,13 Computer Network,local,complete_local_score,2,2,2,2,0,0,100,2,100.0,,,,,,,,,,,,,0,,,,,,,,Group/subject breakdown from source summary.
breakdown,vi-multimodel-v1,1,pilot,pilot,mimo-v2-6-flash,MiMo V2.6 Flash,vmlu-mqa-dev,VMLU-dev pilot,pilot,subject,14 Discrete Mathematics,local,complete_local_score,1,1,1,1,0,0,100,1,100.0,,,,,,,,,,,,,0,,,,,,,,Group/subject breakdown from source summary.
breakdown,vi-multimodel-v1,1,pilot,pilot,mimo-v2-6-flash,MiMo V2.6 Flash,vmlu-mqa-dev,VMLU-dev pilot,pilot,subject,15 Electrical Engineering,local,complete_local_score,2,2,2,2,0,0,100,2,100.0,,,,,,,,,,,,,0,,,,,,,,Group/subject breakdown from source summary.
breakdown,vi-multimodel-v1,1,pilot,pilot,mimo-v2-6-flash,MiMo V2.6 Flash,vmlu-mqa-dev,VMLU-dev pilot,pilot,subject,16 Introduction to Chemistry,local,complete_local_score,1,1,1,1,0,0,100,1,100.0,,,,,,,,,,,,,0,,,,,,,,Group/subject breakdown from source summary.
breakdown,vi-multimodel-v1,1,pilot,pilot,mimo-v2-6-flash,MiMo V2.6 Flash,vmlu-mqa-dev,VMLU-dev pilot,pilot,subject,17 Introduction to Physics,local,complete_local_score,3,3,3,3,0,0,100,2,66.67,,,,,,,,,,,,,1,,,,,,,,Group/subject breakdown from source summary.
breakdown,vi-multimodel-v1,1,pilot,pilot,mimo-v2-6-flash,MiMo V2.6 Flash,vmlu-mqa-dev,VMLU-dev pilot,pilot,subject,18 Introduction to Programming,local,complete_local_score,1,1,1,1,0,0,100,1,100.0,,,,,,,,,,,,,0,,,,,,,,Group/subject breakdown from source summary.
breakdown,vi-multimodel-v1,1,pilot,pilot,mimo-v2-6-flash,MiMo V2.6 Flash,vmlu-mqa-dev,VMLU-dev pilot,pilot,subject,19 Metrology Engineer,local,complete_local_score,1,1,1,1,0,0,100,1,100.0,,,,,,,,,,,,,0,,,,,,,,Group/subject breakdown from source summary.
breakdown,vi-multimodel-v1,1,pilot,pilot,mimo-v2-6-flash,MiMo V2.6 Flash,vmlu-mqa-dev,VMLU-dev pilot,pilot,subject,20 Operating System,local,complete_local_score,1,1,1,1,0,0,100,0,0.0,,,,,,,,,,,,,1,,,,,,,,Group/subject breakdown from source summary.
breakdown,vi-multimodel-v1,1,pilot,pilot,mimo-v2-6-flash,MiMo V2.6 Flash,vmlu-mqa-dev,VMLU-dev pilot,pilot,subject,22 Middle School Civil Education,local,complete_local_score,3,3,3,3,0,0,100,3,100.0,,,,,,,,,,,,,0,,,,,,,,Group/subject breakdown from source summary.
breakdown,vi-multimodel-v1,1,pilot,pilot,mimo-v2-6-flash,MiMo V2.6 Flash,vmlu-mqa-dev,VMLU-dev pilot,pilot,subject,23 Middle School Geography,local,complete_local_score,1,1,1,1,0,0,100,1,100.0,,,,,,,,,,,,,0,,,,,,,,Group/subject breakdown from source summary.
breakdown,vi-multimodel-v1,1,pilot,pilot,mimo-v2-6-flash,MiMo V2.6 Flash,vmlu-mqa-dev,VMLU-dev pilot,pilot,subject,24 High School Civil Education,local,complete_local_score,3,3,3,3,0,0,100,3,100.0,,,,,,,,,,,,,0,,,,,,,,Group/subject breakdown from source summary.
breakdown,vi-multimodel-v1,1,pilot,pilot,mimo-v2-6-flash,MiMo V2.6 Flash,vmlu-mqa-dev,VMLU-dev pilot,pilot,subject,26 Business Administration,local,complete_local_score,1,1,1,1,0,0,100,1,100.0,,,,,,,,,,,,,0,,,,,,,,Group/subject breakdown from source summary.
breakdown,vi-multimodel-v1,1,pilot,pilot,mimo-v2-6-flash,MiMo V2.6 Flash,vmlu-mqa-dev,VMLU-dev pilot,pilot,subject,27 Ho Chi Minh Ideology,local,complete_local_score,2,2,2,2,0,0,100,1,50.0,,,,,,,,,,,,,1,,,,,,,,Group/subject breakdown from source summary.
breakdown,vi-multimodel-v1,1,pilot,pilot,mimo-v2-6-flash,MiMo V2.6 Flash,vmlu-mqa-dev,VMLU-dev pilot,pilot,subject,28 Macroeconomics,local,complete_local_score,3,3,3,3,0,0,100,3,100.0,,,,,,,,,,,,,0,,,,,,,,Group/subject breakdown from source summary.
breakdown,vi-multimodel-v1,1,pilot,pilot,mimo-v2-6-flash,MiMo V2.6 Flash,vmlu-mqa-dev,VMLU-dev pilot,pilot,subject,29 Microeconomics,local,complete_local_score,3,3,3,3,0,0,100,2,66.67,,,,,,,,,,,,,0,,,,,,,,Group/subject breakdown from source summary.
breakdown,vi-multimodel-v1,1,pilot,pilot,mimo-v2-6-flash,MiMo V2.6 Flash,vmlu-mqa-dev,VMLU-dev pilot,pilot,subject,30 Principles of Marxism and Leninism,local,complete_local_score,1,1,1,1,0,0,100,1,100.0,,,,,,,,,,,,,0,,,,,,,,Group/subject breakdown from source summary.
breakdown,vi-multimodel-v1,1,pilot,pilot,mimo-v2-6-flash,MiMo V2.6 Flash,vmlu-mqa-dev,VMLU-dev pilot,pilot,subject,31 Sociology,local,complete_local_score,1,1,1,1,0,0,100,1,100.0,,,,,,,,,,,,,0,,,,,,,,Group/subject breakdown from source summary.
breakdown,vi-multimodel-v1,1,pilot,pilot,mimo-v2-6-flash,MiMo V2.6 Flash,vmlu-mqa-dev,VMLU-dev pilot,pilot,subject,32 Elementary History,local,complete_local_score,3,3,3,3,0,0,100,3,100.0,,,,,,,,,,,,,0,,,,,,,,Group/subject breakdown from source summary.
breakdown,vi-multimodel-v1,1,pilot,pilot,mimo-v2-6-flash,MiMo V2.6 Flash,vmlu-mqa-dev,VMLU-dev pilot,pilot,subject,33 Middle School History,local,complete_local_score,2,2,2,2,0,0,100,2,100.0,,,,,,,,,,,,,0,,,,,,,,Group/subject breakdown from source summary.
breakdown,vi-multimodel-v1,1,pilot,pilot,mimo-v2-6-flash,MiMo V2.6 Flash,vmlu-mqa-dev,VMLU-dev pilot,pilot,subject,34 Middle School Literature,local,complete_local_score,2,2,2,2,0,0,100,2,100.0,,,,,,,,,,,,,0,,,,,,,,Group/subject breakdown from source summary.
breakdown,vi-multimodel-v1,1,pilot,pilot,mimo-v2-6-flash,MiMo V2.6 Flash,vmlu-mqa-dev,VMLU-dev pilot,pilot,subject,35 High School History,local,complete_local_score,2,2,2,2,0,0,100,2,100.0,,,,,,,,,,,,,0,,,,,,,,Group/subject breakdown from source summary.
breakdown,vi-multimodel-v1,1,pilot,pilot,mimo-v2-6-flash,MiMo V2.6 Flash,vmlu-mqa-dev,VMLU-dev pilot,pilot,subject,36 High School Literature,local,complete_local_score,2,2,2,2,0,0,100,0,0.0,,,,,,,,,,,,,0,,,,,,,,Group/subject breakdown from source summary.
breakdown,vi-multimodel-v1,1,pilot,pilot,mimo-v2-6-flash,MiMo V2.6 Flash,vmlu-mqa-dev,VMLU-dev pilot,pilot,subject,37 Administrative Law,local,complete_local_score,2,2,2,2,0,0,100,2,100.0,,,,,,,,,,,,,0,,,,,,,,Group/subject breakdown from source summary.
breakdown,vi-multimodel-v1,1,pilot,pilot,mimo-v2-6-flash,MiMo V2.6 Flash,vmlu-mqa-dev,VMLU-dev pilot,pilot,subject,38 Business Law,local,complete_local_score,3,3,3,3,0,0,100,3,100.0,,,,,,,,,,,,,0,,,,,,,,Group/subject breakdown from source summary.
breakdown,vi-multimodel-v1,1,pilot,pilot,mimo-v2-6-flash,MiMo V2.6 Flash,vmlu-mqa-dev,VMLU-dev pilot,pilot,subject,39 Civil Law,local,complete_local_score,1,1,1,1,0,0,100,0,0.0,,,,,,,,,,,,,1,,,,,,,,Group/subject breakdown from source summary.
breakdown,vi-multimodel-v1,1,pilot,pilot,mimo-v2-6-flash,MiMo V2.6 Flash,vmlu-mqa-dev,VMLU-dev pilot,pilot,subject,40 Criminal Law,local,complete_local_score,2,2,2,2,0,0,100,2,100.0,,,,,,,,,,,,,0,,,,,,,,Group/subject breakdown from source summary.
breakdown,vi-multimodel-v1,1,pilot,pilot,mimo-v2-6-flash,MiMo V2.6 Flash,vmlu-mqa-dev,VMLU-dev pilot,pilot,subject,41 Economic Law,local,complete_local_score,2,2,2,2,0,0,100,0,0.0,,,,,,,,,,,,,1,,,,,,,,Group/subject breakdown from source summary.
breakdown,vi-multimodel-v1,1,pilot,pilot,mimo-v2-6-flash,MiMo V2.6 Flash,vmlu-mqa-dev,VMLU-dev pilot,pilot,subject,42 Education Law,local,complete_local_score,1,1,1,1,0,0,100,1,100.0,,,,,,,,,,,,,0,,,,,,,,Group/subject breakdown from source summary.
breakdown,vi-multimodel-v1,1,pilot,pilot,mimo-v2-6-flash,MiMo V2.6 Flash,vmlu-mqa-dev,VMLU-dev pilot,pilot,subject,43 History of World Civilization,local,complete_local_score,1,1,1,1,0,0,100,1,100.0,,,,,,,,,,,,,0,,,,,,,,Group/subject breakdown from source summary.
breakdown,vi-multimodel-v1,1,pilot,pilot,mimo-v2-6-flash,MiMo V2.6 Flash,vmlu-mqa-dev,VMLU-dev pilot,pilot,subject,44 Idealogical and Moral Cultivation,local,complete_local_score,3,3,3,3,0,0,100,3,100.0,,,,,,,,,,,,,0,,,,,,,,Group/subject breakdown from source summary.
breakdown,vi-multimodel-v1,1,pilot,pilot,mimo-v2-6-flash,MiMo V2.6 Flash,vmlu-mqa-dev,VMLU-dev pilot,pilot,subject,45 Introduction to Laws,local,complete_local_score,2,2,2,2,0,0,100,2,100.0,,,,,,,,,,,,,0,,,,,,,,Group/subject breakdown from source summary.
breakdown,vi-multimodel-v1,1,pilot,pilot,mimo-v2-6-flash,MiMo V2.6 Flash,vmlu-mqa-dev,VMLU-dev pilot,pilot,subject,46 Introduction to Vietnam Culture,local,complete_local_score,2,2,2,2,0,0,100,1,50.0,,,,,,,,,,,,,0,,,,,,,,Group/subject breakdown from source summary.
breakdown,vi-multimodel-v1,1,pilot,pilot,mimo-v2-6-flash,MiMo V2.6 Flash,vmlu-mqa-dev,VMLU-dev pilot,pilot,subject,48 Revolutionary Policy of the Vietnamese Commununist Part,local,complete_local_score,1,1,1,1,0,0,100,1,100.0,,,,,,,,,,,,,0,,,,,,,,Group/subject breakdown from source summary.
breakdown,vi-multimodel-v1,1,pilot,pilot,mimo-v2-6-flash,MiMo V2.6 Flash,vmlu-mqa-dev,VMLU-dev pilot,pilot,subject,50 Accountant,local,complete_local_score,2,2,2,2,0,0,100,0,0.0,,,,,,,,,,,,,2,,,,,,,,Group/subject breakdown from source summary.
breakdown,vi-multimodel-v1,1,pilot,pilot,mimo-v2-6-flash,MiMo V2.6 Flash,vmlu-mqa-dev,VMLU-dev pilot,pilot,subject,51 Clinical Pharmacology,local,complete_local_score,2,2,2,2,0,0,100,2,100.0,,,,,,,,,,,,,0,,,,,,,,Group/subject breakdown from source summary.
breakdown,vi-multimodel-v1,1,pilot,pilot,mimo-v2-6-flash,MiMo V2.6 Flash,vmlu-mqa-dev,VMLU-dev pilot,pilot,subject,52 Environmental Engineering,local,complete_local_score,1,1,1,1,0,0,100,1,100.0,,,,,,,,,,,,,0,,,,,,,,Group/subject breakdown from source summary.
breakdown,vi-multimodel-v1,1,pilot,pilot,mimo-v2-6-flash,MiMo V2.6 Flash,vmlu-mqa-dev,VMLU-dev pilot,pilot,subject,53 Internal Basic Medicine,local,complete_local_score,2,2,2,2,0,0,100,2,100.0,,,,,,,,,,,,,0,,,,,,,,Group/subject breakdown from source summary.
breakdown,vi-multimodel-v1,1,pilot,pilot,mimo-v2-6-flash,MiMo V2.6 Flash,vmlu-mqa-dev,VMLU-dev pilot,pilot,subject,54 Preschool Pedagogy,local,complete_local_score,1,1,1,1,0,0,100,1,100.0,,,,,,,,,,,,,0,,,,,,,,Group/subject breakdown from source summary.
breakdown,vi-multimodel-v1,1,pilot,pilot,mimo-v2-6-flash,MiMo V2.6 Flash,vmlu-mqa-dev,VMLU-dev pilot,pilot,subject,55 Tax Accountant,local,complete_local_score,2,2,2,2,0,0,100,1,50.0,,,,,,,,,,,,,0,,,,,,,,Group/subject breakdown from source summary.
breakdown,vi-multimodel-v1,1,pilot,pilot,mimo-v2-6-flash,MiMo V2.6 Flash,vmlu-mqa-dev,VMLU-dev pilot,pilot,subject,57 Civil Servant,local,complete_local_score,1,1,1,1,0,0,100,1,100.0,,,,,,,,,,,,,0,,,,,,,,Group/subject breakdown from source summary.
breakdown,vi-multimodel-v1,1,pilot,pilot,mimo-v2-6-flash,MiMo V2.6 Flash,vmlu-mqa-dev,VMLU-dev pilot,pilot,subject,58 Driving License Certificate,local,complete_local_score,3,3,3,3,0,0,100,2,66.67,,,,,,,,,,,,,1,,,,,,,,Group/subject breakdown from source summary.
dataset,vi-multimodel-v1,1,pilot,pilot,mimo-v2-5,MiMo V2.5,vmlu-mqa-dev,VMLU-dev pilot,dev,,,local,complete,100,100,110,110,0,0,100.0,79,79.0,,70.02003116591014,85.8343459380847,,,,,,,95,,4,5,11.7043,20.4298,10,10,9,90.0,,Pilot diagnostic; not part of main leaderboard.
dataset,vi-multimodel-v1,1,pilot,pilot,mimo-v2-5,MiMo V2.5,bidlqa-val,ViBidLQA-val pilot,val,,,local,complete,80,80,90,90,0,0,100.0,,,,,,32.5,22.22222222222222,43.037974683544306,64.91,57.18839703758866,72.1059245069695,,,0,,10.0286,17.654,10,10,3,30.0,,Pilot diagnostic; not part of main leaderboard.
phase_summary,vi-multimodel-v1,1,pilot,pilot,mimo-v2-5,MiMo V2.5,pilot_all,pilot phase total,,,,,complete,180,180,200,200,0,0,100.0,,,,,,,,,,,,,,4,,,,20,,,,,180 unique pilot items plus 20 repeat requests.
breakdown,vi-multimodel-v1,1,pilot,pilot,mimo-v2-5,MiMo V2.5,vmlu-mqa-dev,VMLU-dev pilot,pilot,category,Humanity,local,complete_local_score,31,31,31,31,0,0,100,21,67.74,,,,,,,,,,,,,2,,,,,,,,Group/subject breakdown from source summary.
breakdown,vi-multimodel-v1,1,pilot,pilot,mimo-v2-5,MiMo V2.5,vmlu-mqa-dev,VMLU-dev pilot,pilot,category,Other,local,complete_local_score,14,14,14,14,0,0,100,10,71.43,,,,,,,,,,,,,1,,,,,,,,Group/subject breakdown from source summary.
breakdown,vi-multimodel-v1,1,pilot,pilot,mimo-v2-5,MiMo V2.5,vmlu-mqa-dev,VMLU-dev pilot,pilot,category,STEM,local,complete_local_score,37,37,37,37,0,0,100,33,89.19,,,,,,,,,,,,,2,,,,,,,,Group/subject breakdown from source summary.
breakdown,vi-multimodel-v1,1,pilot,pilot,mimo-v2-5,MiMo V2.5,vmlu-mqa-dev,VMLU-dev pilot,pilot,category,Social Science,local,complete_local_score,18,18,18,18,0,0,100,15,83.33,,,,,,,,,,,,,0,,,,,,,,Group/subject breakdown from source summary.
breakdown,vi-multimodel-v1,1,pilot,pilot,mimo-v2-5,MiMo V2.5,vmlu-mqa-dev,VMLU-dev pilot,pilot,subject,01 Elementary Mathematics,local,complete_local_score,5,5,5,5,0,0,100,4,80.0,,,,,,,,,,,,,1,,,,,,,,Group/subject breakdown from source summary.
breakdown,vi-multimodel-v1,1,pilot,pilot,mimo-v2-5,MiMo V2.5,vmlu-mqa-dev,VMLU-dev pilot,pilot,subject,02 Elementary Science,local,complete_local_score,2,2,2,2,0,0,100,2,100.0,,,,,,,,,,,,,0,,,,,,,,Group/subject breakdown from source summary.
breakdown,vi-multimodel-v1,1,pilot,pilot,mimo-v2-5,MiMo V2.5,vmlu-mqa-dev,VMLU-dev pilot,pilot,subject,03 Middle School Biology,local,complete_local_score,2,2,2,2,0,0,100,2,100.0,,,,,,,,,,,,,0,,,,,,,,Group/subject breakdown from source summary.
breakdown,vi-multimodel-v1,1,pilot,pilot,mimo-v2-5,MiMo V2.5,vmlu-mqa-dev,VMLU-dev pilot,pilot,subject,04 Middle School Chemistry,local,complete_local_score,1,1,1,1,0,0,100,1,100.0,,,,,,,,,,,,,0,,,,,,,,Group/subject breakdown from source summary.
breakdown,vi-multimodel-v1,1,pilot,pilot,mimo-v2-5,MiMo V2.5,vmlu-mqa-dev,VMLU-dev pilot,pilot,subject,06 Middle School Physics,local,complete_local_score,3,3,3,3,0,0,100,3,100.0,,,,,,,,,,,,,0,,,,,,,,Group/subject breakdown from source summary.
breakdown,vi-multimodel-v1,1,pilot,pilot,mimo-v2-5,MiMo V2.5,vmlu-mqa-dev,VMLU-dev pilot,pilot,subject,07 High School Biology,local,complete_local_score,1,1,1,1,0,0,100,1,100.0,,,,,,,,,,,,,0,,,,,,,,Group/subject breakdown from source summary.
breakdown,vi-multimodel-v1,1,pilot,pilot,mimo-v2-5,MiMo V2.5,vmlu-mqa-dev,VMLU-dev pilot,pilot,subject,08 High School Chemistry,local,complete_local_score,2,2,2,2,0,0,100,2,100.0,,,,,,,,,,,,,0,,,,,,,,Group/subject breakdown from source summary.
breakdown,vi-multimodel-v1,1,pilot,pilot,mimo-v2-5,MiMo V2.5,vmlu-mqa-dev,VMLU-dev pilot,pilot,subject,09 High School Mathematics,local,complete_local_score,1,1,1,1,0,0,100,1,100.0,,,,,,,,,,,,,0,,,,,,,,Group/subject breakdown from source summary.
breakdown,vi-multimodel-v1,1,pilot,pilot,mimo-v2-5,MiMo V2.5,vmlu-mqa-dev,VMLU-dev pilot,pilot,subject,10 High School Physics,local,complete_local_score,3,3,3,3,0,0,100,3,100.0,,,,,,,,,,,,,0,,,,,,,,Group/subject breakdown from source summary.
breakdown,vi-multimodel-v1,1,pilot,pilot,mimo-v2-5,MiMo V2.5,vmlu-mqa-dev,VMLU-dev pilot,pilot,subject,11 Applied Informatics,local,complete_local_score,3,3,3,3,0,0,100,3,100.0,,,,,,,,,,,,,0,,,,,,,,Group/subject breakdown from source summary.
breakdown,vi-multimodel-v1,1,pilot,pilot,mimo-v2-5,MiMo V2.5,vmlu-mqa-dev,VMLU-dev pilot,pilot,subject,12 Computer Architecture,local,complete_local_score,2,2,2,2,0,0,100,2,100.0,,,,,,,,,,,,,0,,,,,,,,Group/subject breakdown from source summary.
breakdown,vi-multimodel-v1,1,pilot,pilot,mimo-v2-5,MiMo V2.5,vmlu-mqa-dev,VMLU-dev pilot,pilot,subject,13 Computer Network,local,complete_local_score,2,2,2,2,0,0,100,1,50.0,,,,,,,,,,,,,0,,,,,,,,Group/subject breakdown from source summary.
breakdown,vi-multimodel-v1,1,pilot,pilot,mimo-v2-5,MiMo V2.5,vmlu-mqa-dev,VMLU-dev pilot,pilot,subject,14 Discrete Mathematics,local,complete_local_score,1,1,1,1,0,0,100,1,100.0,,,,,,,,,,,,,0,,,,,,,,Group/subject breakdown from source summary.
breakdown,vi-multimodel-v1,1,pilot,pilot,mimo-v2-5,MiMo V2.5,vmlu-mqa-dev,VMLU-dev pilot,pilot,subject,15 Electrical Engineering,local,complete_local_score,2,2,2,2,0,0,100,2,100.0,,,,,,,,,,,,,0,,,,,,,,Group/subject breakdown from source summary.
breakdown,vi-multimodel-v1,1,pilot,pilot,mimo-v2-5,MiMo V2.5,vmlu-mqa-dev,VMLU-dev pilot,pilot,subject,16 Introduction to Chemistry,local,complete_local_score,1,1,1,1,0,0,100,1,100.0,,,,,,,,,,,,,0,,,,,,,,Group/subject breakdown from source summary.
breakdown,vi-multimodel-v1,1,pilot,pilot,mimo-v2-5,MiMo V2.5,vmlu-mqa-dev,VMLU-dev pilot,pilot,subject,17 Introduction to Physics,local,complete_local_score,3,3,3,3,0,0,100,2,66.67,,,,,,,,,,,,,0,,,,,,,,Group/subject breakdown from source summary.
breakdown,vi-multimodel-v1,1,pilot,pilot,mimo-v2-5,MiMo V2.5,vmlu-mqa-dev,VMLU-dev pilot,pilot,subject,18 Introduction to Programming,local,complete_local_score,1,1,1,1,0,0,100,1,100.0,,,,,,,,,,,,,0,,,,,,,,Group/subject breakdown from source summary.
breakdown,vi-multimodel-v1,1,pilot,pilot,mimo-v2-5,MiMo V2.5,vmlu-mqa-dev,VMLU-dev pilot,pilot,subject,19 Metrology Engineer,local,complete_local_score,1,1,1,1,0,0,100,1,100.0,,,,,,,,,,,,,0,,,,,,,,Group/subject breakdown from source summary.
breakdown,vi-multimodel-v1,1,pilot,pilot,mimo-v2-5,MiMo V2.5,vmlu-mqa-dev,VMLU-dev pilot,pilot,subject,20 Operating System,local,complete_local_score,1,1,1,1,0,0,100,0,0.0,,,,,,,,,,,,,1,,,,,,,,Group/subject breakdown from source summary.
breakdown,vi-multimodel-v1,1,pilot,pilot,mimo-v2-5,MiMo V2.5,vmlu-mqa-dev,VMLU-dev pilot,pilot,subject,22 Middle School Civil Education,local,complete_local_score,3,3,3,3,0,0,100,2,66.67,,,,,,,,,,,,,0,,,,,,,,Group/subject breakdown from source summary.
breakdown,vi-multimodel-v1,1,pilot,pilot,mimo-v2-5,MiMo V2.5,vmlu-mqa-dev,VMLU-dev pilot,pilot,subject,23 Middle School Geography,local,complete_local_score,1,1,1,1,0,0,100,1,100.0,,,,,,,,,,,,,0,,,,,,,,Group/subject breakdown from source summary.
breakdown,vi-multimodel-v1,1,pilot,pilot,mimo-v2-5,MiMo V2.5,vmlu-mqa-dev,VMLU-dev pilot,pilot,subject,24 High School Civil Education,local,complete_local_score,3,3,3,3,0,0,100,3,100.0,,,,,,,,,,,,,0,,,,,,,,Group/subject breakdown from source summary.
breakdown,vi-multimodel-v1,1,pilot,pilot,mimo-v2-5,MiMo V2.5,vmlu-mqa-dev,VMLU-dev pilot,pilot,subject,26 Business Administration,local,complete_local_score,1,1,1,1,0,0,100,1,100.0,,,,,,,,,,,,,0,,,,,,,,Group/subject breakdown from source summary.
breakdown,vi-multimodel-v1,1,pilot,pilot,mimo-v2-5,MiMo V2.5,vmlu-mqa-dev,VMLU-dev pilot,pilot,subject,27 Ho Chi Minh Ideology,local,complete_local_score,2,2,2,2,0,0,100,1,50.0,,,,,,,,,,,,,0,,,,,,,,Group/subject breakdown from source summary.
breakdown,vi-multimodel-v1,1,pilot,pilot,mimo-v2-5,MiMo V2.5,vmlu-mqa-dev,VMLU-dev pilot,pilot,subject,28 Macroeconomics,local,complete_local_score,3,3,3,3,0,0,100,3,100.0,,,,,,,,,,,,,0,,,,,,,,Group/subject breakdown from source summary.
breakdown,vi-multimodel-v1,1,pilot,pilot,mimo-v2-5,MiMo V2.5,vmlu-mqa-dev,VMLU-dev pilot,pilot,subject,29 Microeconomics,local,complete_local_score,3,3,3,3,0,0,100,2,66.67,,,,,,,,,,,,,0,,,,,,,,Group/subject breakdown from source summary.
breakdown,vi-multimodel-v1,1,pilot,pilot,mimo-v2-5,MiMo V2.5,vmlu-mqa-dev,VMLU-dev pilot,pilot,subject,30 Principles of Marxism and Leninism,local,complete_local_score,1,1,1,1,0,0,100,1,100.0,,,,,,,,,,,,,0,,,,,,,,Group/subject breakdown from source summary.
breakdown,vi-multimodel-v1,1,pilot,pilot,mimo-v2-5,MiMo V2.5,vmlu-mqa-dev,VMLU-dev pilot,pilot,subject,31 Sociology,local,complete_local_score,1,1,1,1,0,0,100,1,100.0,,,,,,,,,,,,,0,,,,,,,,Group/subject breakdown from source summary.
breakdown,vi-multimodel-v1,1,pilot,pilot,mimo-v2-5,MiMo V2.5,vmlu-mqa-dev,VMLU-dev pilot,pilot,subject,32 Elementary History,local,complete_local_score,3,3,3,3,0,0,100,3,100.0,,,,,,,,,,,,,0,,,,,,,,Group/subject breakdown from source summary.
breakdown,vi-multimodel-v1,1,pilot,pilot,mimo-v2-5,MiMo V2.5,vmlu-mqa-dev,VMLU-dev pilot,pilot,subject,33 Middle School History,local,complete_local_score,2,2,2,2,0,0,100,2,100.0,,,,,,,,,,,,,0,,,,,,,,Group/subject breakdown from source summary.
breakdown,vi-multimodel-v1,1,pilot,pilot,mimo-v2-5,MiMo V2.5,vmlu-mqa-dev,VMLU-dev pilot,pilot,subject,34 Middle School Literature,local,complete_local_score,2,2,2,2,0,0,100,1,50.0,,,,,,,,,,,,,0,,,,,,,,Group/subject breakdown from source summary.
breakdown,vi-multimodel-v1,1,pilot,pilot,mimo-v2-5,MiMo V2.5,vmlu-mqa-dev,VMLU-dev pilot,pilot,subject,35 High School History,local,complete_local_score,2,2,2,2,0,0,100,2,100.0,,,,,,,,,,,,,0,,,,,,,,Group/subject breakdown from source summary.
breakdown,vi-multimodel-v1,1,pilot,pilot,mimo-v2-5,MiMo V2.5,vmlu-mqa-dev,VMLU-dev pilot,pilot,subject,36 High School Literature,local,complete_local_score,2,2,2,2,0,0,100,0,0.0,,,,,,,,,,,,,0,,,,,,,,Group/subject breakdown from source summary.
breakdown,vi-multimodel-v1,1,pilot,pilot,mimo-v2-5,MiMo V2.5,vmlu-mqa-dev,VMLU-dev pilot,pilot,subject,37 Administrative Law,local,complete_local_score,2,2,2,2,0,0,100,0,0.0,,,,,,,,,,,,,1,,,,,,,,Group/subject breakdown from source summary.
breakdown,vi-multimodel-v1,1,pilot,pilot,mimo-v2-5,MiMo V2.5,vmlu-mqa-dev,VMLU-dev pilot,pilot,subject,38 Business Law,local,complete_local_score,3,3,3,3,0,0,100,3,100.0,,,,,,,,,,,,,0,,,,,,,,Group/subject breakdown from source summary.
breakdown,vi-multimodel-v1,1,pilot,pilot,mimo-v2-5,MiMo V2.5,vmlu-mqa-dev,VMLU-dev pilot,pilot,subject,39 Civil Law,local,complete_local_score,1,1,1,1,0,0,100,0,0.0,,,,,,,,,,,,,1,,,,,,,,Group/subject breakdown from source summary.
breakdown,vi-multimodel-v1,1,pilot,pilot,mimo-v2-5,MiMo V2.5,vmlu-mqa-dev,VMLU-dev pilot,pilot,subject,40 Criminal Law,local,complete_local_score,2,2,2,2,0,0,100,1,50.0,,,,,,,,,,,,,0,,,,,,,,Group/subject breakdown from source summary.
breakdown,vi-multimodel-v1,1,pilot,pilot,mimo-v2-5,MiMo V2.5,vmlu-mqa-dev,VMLU-dev pilot,pilot,subject,41 Economic Law,local,complete_local_score,2,2,2,2,0,0,100,0,0.0,,,,,,,,,,,,,0,,,,,,,,Group/subject breakdown from source summary.
breakdown,vi-multimodel-v1,1,pilot,pilot,mimo-v2-5,MiMo V2.5,vmlu-mqa-dev,VMLU-dev pilot,pilot,subject,42 Education Law,local,complete_local_score,1,1,1,1,0,0,100,1,100.0,,,,,,,,,,,,,0,,,,,,,,Group/subject breakdown from source summary.
breakdown,vi-multimodel-v1,1,pilot,pilot,mimo-v2-5,MiMo V2.5,vmlu-mqa-dev,VMLU-dev pilot,pilot,subject,43 History of World Civilization,local,complete_local_score,1,1,1,1,0,0,100,1,100.0,,,,,,,,,,,,,0,,,,,,,,Group/subject breakdown from source summary.
breakdown,vi-multimodel-v1,1,pilot,pilot,mimo-v2-5,MiMo V2.5,vmlu-mqa-dev,VMLU-dev pilot,pilot,subject,44 Idealogical and Moral Cultivation,local,complete_local_score,3,3,3,3,0,0,100,3,100.0,,,,,,,,,,,,,0,,,,,,,,Group/subject breakdown from source summary.
breakdown,vi-multimodel-v1,1,pilot,pilot,mimo-v2-5,MiMo V2.5,vmlu-mqa-dev,VMLU-dev pilot,pilot,subject,45 Introduction to Laws,local,complete_local_score,2,2,2,2,0,0,100,2,100.0,,,,,,,,,,,,,0,,,,,,,,Group/subject breakdown from source summary.
breakdown,vi-multimodel-v1,1,pilot,pilot,mimo-v2-5,MiMo V2.5,vmlu-mqa-dev,VMLU-dev pilot,pilot,subject,46 Introduction to Vietnam Culture,local,complete_local_score,2,2,2,2,0,0,100,1,50.0,,,,,,,,,,,,,0,,,,,,,,Group/subject breakdown from source summary.
breakdown,vi-multimodel-v1,1,pilot,pilot,mimo-v2-5,MiMo V2.5,vmlu-mqa-dev,VMLU-dev pilot,pilot,subject,48 Revolutionary Policy of the Vietnamese Commununist Part,local,complete_local_score,1,1,1,1,0,0,100,1,100.0,,,,,,,,,,,,,0,,,,,,,,Group/subject breakdown from source summary.
breakdown,vi-multimodel-v1,1,pilot,pilot,mimo-v2-5,MiMo V2.5,vmlu-mqa-dev,VMLU-dev pilot,pilot,subject,50 Accountant,local,complete_local_score,2,2,2,2,0,0,100,1,50.0,,,,,,,,,,,,,0,,,,,,,,Group/subject breakdown from source summary.
breakdown,vi-multimodel-v1,1,pilot,pilot,mimo-v2-5,MiMo V2.5,vmlu-mqa-dev,VMLU-dev pilot,pilot,subject,51 Clinical Pharmacology,local,complete_local_score,2,2,2,2,0,0,100,2,100.0,,,,,,,,,,,,,0,,,,,,,,Group/subject breakdown from source summary.
breakdown,vi-multimodel-v1,1,pilot,pilot,mimo-v2-5,MiMo V2.5,vmlu-mqa-dev,VMLU-dev pilot,pilot,subject,52 Environmental Engineering,local,complete_local_score,1,1,1,1,0,0,100,1,100.0,,,,,,,,,,,,,0,,,,,,,,Group/subject breakdown from source summary.
breakdown,vi-multimodel-v1,1,pilot,pilot,mimo-v2-5,MiMo V2.5,vmlu-mqa-dev,VMLU-dev pilot,pilot,subject,53 Internal Basic Medicine,local,complete_local_score,2,2,2,2,0,0,100,2,100.0,,,,,,,,,,,,,0,,,,,,,,Group/subject breakdown from source summary.
breakdown,vi-multimodel-v1,1,pilot,pilot,mimo-v2-5,MiMo V2.5,vmlu-mqa-dev,VMLU-dev pilot,pilot,subject,54 Preschool Pedagogy,local,complete_local_score,1,1,1,1,0,0,100,1,100.0,,,,,,,,,,,,,0,,,,,,,,Group/subject breakdown from source summary.
breakdown,vi-multimodel-v1,1,pilot,pilot,mimo-v2-5,MiMo V2.5,vmlu-mqa-dev,VMLU-dev pilot,pilot,subject,55 Tax Accountant,local,complete_local_score,2,2,2,2,0,0,100,2,100.0,,,,,,,,,,,,,0,,,,,,,,Group/subject breakdown from source summary.
breakdown,vi-multimodel-v1,1,pilot,pilot,mimo-v2-5,MiMo V2.5,vmlu-mqa-dev,VMLU-dev pilot,pilot,subject,57 Civil Servant,local,complete_local_score,1,1,1,1,0,0,100,0,0.0,,,,,,,,,,,,,0,,,,,,,,Group/subject breakdown from source summary.
breakdown,vi-multimodel-v1,1,pilot,pilot,mimo-v2-5,MiMo V2.5,vmlu-mqa-dev,VMLU-dev pilot,pilot,subject,58 Driving License Certificate,local,complete_local_score,3,3,3,3,0,0,100,1,33.33,,,,,,,,,,,,,1,,,,,,,,Group/subject breakdown from source summary.
dataset,vi-multimodel-v1,1,pilot_omp,pilot_omp,qwen3-5-9b-65k,Qwen3.5-9B-65K,vmlu-mqa-dev,VMLU-dev pilot,dev,,,local,complete,100,100,110,110,0,0,100.0,76,76.0,,66.76766365018553,83.30867444305122,,,,,,,100,,0,0,7.9384,11.4783,10,10,9,90.0,,Pilot diagnostic; not part of main leaderboard.
dataset,vi-multimodel-v1,1,pilot_omp,pilot_omp,qwen3-5-9b-65k,Qwen3.5-9B-65K,bidlqa-val,ViBidLQA-val pilot,val,,,local,complete,80,80,90,90,0,0,100.0,,,,,,25.0,15.384615384615385,35.36585365853659,66.97,59.76438926582569,73.96465344448309,,,0,,10.2239,15.8583,10,10,5,50.0,,Pilot diagnostic; not part of main leaderboard.
phase_summary,vi-multimodel-v1,1,pilot_omp,pilot_omp,qwen3-5-9b-65k,Qwen3.5-9B-65K,pilot_omp_all,pilot_omp phase total,,,,,complete,180,180,200,200,0,0,100.0,,,,,,,,,,,,,,0,,,,20,,,,,180 unique pilot items plus 20 repeat requests.
breakdown,vi-multimodel-v1,1,pilot_omp,pilot_omp,qwen3-5-9b-65k,Qwen3.5-9B-65K,vmlu-mqa-dev,VMLU-dev pilot,pilot_omp,category,Humanity,local,complete_local_score,31,31,31,31,0,0,100,20,64.52,,,,,,,,,,,,,0,,,,,,,,Group/subject breakdown from source summary.
breakdown,vi-multimodel-v1,1,pilot_omp,pilot_omp,qwen3-5-9b-65k,Qwen3.5-9B-65K,vmlu-mqa-dev,VMLU-dev pilot,pilot_omp,category,Other,local,complete_local_score,14,14,14,14,0,0,100,9,64.29,,,,,,,,,,,,,0,,,,,,,,Group/subject breakdown from source summary.
breakdown,vi-multimodel-v1,1,pilot_omp,pilot_omp,qwen3-5-9b-65k,Qwen3.5-9B-65K,vmlu-mqa-dev,VMLU-dev pilot,pilot_omp,category,STEM,local,complete_local_score,37,37,37,37,0,0,100,33,89.19,,,,,,,,,,,,,0,,,,,,,,Group/subject breakdown from source summary.
breakdown,vi-multimodel-v1,1,pilot_omp,pilot_omp,qwen3-5-9b-65k,Qwen3.5-9B-65K,vmlu-mqa-dev,VMLU-dev pilot,pilot_omp,category,Social Science,local,complete_local_score,18,18,18,18,0,0,100,14,77.78,,,,,,,,,,,,,0,,,,,,,,Group/subject breakdown from source summary.
breakdown,vi-multimodel-v1,1,pilot_omp,pilot_omp,qwen3-5-9b-65k,Qwen3.5-9B-65K,vmlu-mqa-dev,VMLU-dev pilot,pilot_omp,subject,01 Elementary Mathematics,local,complete_local_score,5,5,5,5,0,0,100,2,40.0,,,,,,,,,,,,,0,,,,,,,,Group/subject breakdown from source summary.
breakdown,vi-multimodel-v1,1,pilot_omp,pilot_omp,qwen3-5-9b-65k,Qwen3.5-9B-65K,vmlu-mqa-dev,VMLU-dev pilot,pilot_omp,subject,02 Elementary Science,local,complete_local_score,2,2,2,2,0,0,100,2,100.0,,,,,,,,,,,,,0,,,,,,,,Group/subject breakdown from source summary.
breakdown,vi-multimodel-v1,1,pilot_omp,pilot_omp,qwen3-5-9b-65k,Qwen3.5-9B-65K,vmlu-mqa-dev,VMLU-dev pilot,pilot_omp,subject,03 Middle School Biology,local,complete_local_score,2,2,2,2,0,0,100,2,100.0,,,,,,,,,,,,,0,,,,,,,,Group/subject breakdown from source summary.
breakdown,vi-multimodel-v1,1,pilot_omp,pilot_omp,qwen3-5-9b-65k,Qwen3.5-9B-65K,vmlu-mqa-dev,VMLU-dev pilot,pilot_omp,subject,04 Middle School Chemistry,local,complete_local_score,1,1,1,1,0,0,100,1,100.0,,,,,,,,,,,,,0,,,,,,,,Group/subject breakdown from source summary.
breakdown,vi-multimodel-v1,1,pilot_omp,pilot_omp,qwen3-5-9b-65k,Qwen3.5-9B-65K,vmlu-mqa-dev,VMLU-dev pilot,pilot_omp,subject,06 Middle School Physics,local,complete_local_score,3,3,3,3,0,0,100,3,100.0,,,,,,,,,,,,,0,,,,,,,,Group/subject breakdown from source summary.
breakdown,vi-multimodel-v1,1,pilot_omp,pilot_omp,qwen3-5-9b-65k,Qwen3.5-9B-65K,vmlu-mqa-dev,VMLU-dev pilot,pilot_omp,subject,07 High School Biology,local,complete_local_score,1,1,1,1,0,0,100,1,100.0,,,,,,,,,,,,,0,,,,,,,,Group/subject breakdown from source summary.
breakdown,vi-multimodel-v1,1,pilot_omp,pilot_omp,qwen3-5-9b-65k,Qwen3.5-9B-65K,vmlu-mqa-dev,VMLU-dev pilot,pilot_omp,subject,08 High School Chemistry,local,complete_local_score,2,2,2,2,0,0,100,2,100.0,,,,,,,,,,,,,0,,,,,,,,Group/subject breakdown from source summary.
breakdown,vi-multimodel-v1,1,pilot_omp,pilot_omp,qwen3-5-9b-65k,Qwen3.5-9B-65K,vmlu-mqa-dev,VMLU-dev pilot,pilot_omp,subject,09 High School Mathematics,local,complete_local_score,1,1,1,1,0,0,100,1,100.0,,,,,,,,,,,,,0,,,,,,,,Group/subject breakdown from source summary.
breakdown,vi-multimodel-v1,1,pilot_omp,pilot_omp,qwen3-5-9b-65k,Qwen3.5-9B-65K,vmlu-mqa-dev,VMLU-dev pilot,pilot_omp,subject,10 High School Physics,local,complete_local_score,3,3,3,3,0,0,100,3,100.0,,,,,,,,,,,,,0,,,,,,,,Group/subject breakdown from source summary.
breakdown,vi-multimodel-v1,1,pilot_omp,pilot_omp,qwen3-5-9b-65k,Qwen3.5-9B-65K,vmlu-mqa-dev,VMLU-dev pilot,pilot_omp,subject,11 Applied Informatics,local,complete_local_score,3,3,3,3,0,0,100,3,100.0,,,,,,,,,,,,,0,,,,,,,,Group/subject breakdown from source summary.
breakdown,vi-multimodel-v1,1,pilot_omp,pilot_omp,qwen3-5-9b-65k,Qwen3.5-9B-65K,vmlu-mqa-dev,VMLU-dev pilot,pilot_omp,subject,12 Computer Architecture,local,complete_local_score,2,2,2,2,0,0,100,2,100.0,,,,,,,,,,,,,0,,,,,,,,Group/subject breakdown from source summary.
breakdown,vi-multimodel-v1,1,pilot_omp,pilot_omp,qwen3-5-9b-65k,Qwen3.5-9B-65K,vmlu-mqa-dev,VMLU-dev pilot,pilot_omp,subject,13 Computer Network,local,complete_local_score,2,2,2,2,0,0,100,1,50.0,,,,,,,,,,,,,0,,,,,,,,Group/subject breakdown from source summary.
breakdown,vi-multimodel-v1,1,pilot_omp,pilot_omp,qwen3-5-9b-65k,Qwen3.5-9B-65K,vmlu-mqa-dev,VMLU-dev pilot,pilot_omp,subject,14 Discrete Mathematics,local,complete_local_score,1,1,1,1,0,0,100,1,100.0,,,,,,,,,,,,,0,,,,,,,,Group/subject breakdown from source summary.
breakdown,vi-multimodel-v1,1,pilot_omp,pilot_omp,qwen3-5-9b-65k,Qwen3.5-9B-65K,vmlu-mqa-dev,VMLU-dev pilot,pilot_omp,subject,15 Electrical Engineering,local,complete_local_score,2,2,2,2,0,0,100,2,100.0,,,,,,,,,,,,,0,,,,,,,,Group/subject breakdown from source summary.
breakdown,vi-multimodel-v1,1,pilot_omp,pilot_omp,qwen3-5-9b-65k,Qwen3.5-9B-65K,vmlu-mqa-dev,VMLU-dev pilot,pilot_omp,subject,16 Introduction to Chemistry,local,complete_local_score,1,1,1,1,0,0,100,1,100.0,,,,,,,,,,,,,0,,,,,,,,Group/subject breakdown from source summary.
breakdown,vi-multimodel-v1,1,pilot_omp,pilot_omp,qwen3-5-9b-65k,Qwen3.5-9B-65K,vmlu-mqa-dev,VMLU-dev pilot,pilot_omp,subject,17 Introduction to Physics,local,complete_local_score,3,3,3,3,0,0,100,3,100.0,,,,,,,,,,,,,0,,,,,,,,Group/subject breakdown from source summary.
breakdown,vi-multimodel-v1,1,pilot_omp,pilot_omp,qwen3-5-9b-65k,Qwen3.5-9B-65K,vmlu-mqa-dev,VMLU-dev pilot,pilot_omp,subject,18 Introduction to Programming,local,complete_local_score,1,1,1,1,0,0,100,1,100.0,,,,,,,,,,,,,0,,,,,,,,Group/subject breakdown from source summary.
breakdown,vi-multimodel-v1,1,pilot_omp,pilot_omp,qwen3-5-9b-65k,Qwen3.5-9B-65K,vmlu-mqa-dev,VMLU-dev pilot,pilot_omp,subject,19 Metrology Engineer,local,complete_local_score,1,1,1,1,0,0,100,1,100.0,,,,,,,,,,,,,0,,,,,,,,Group/subject breakdown from source summary.
breakdown,vi-multimodel-v1,1,pilot_omp,pilot_omp,qwen3-5-9b-65k,Qwen3.5-9B-65K,vmlu-mqa-dev,VMLU-dev pilot,pilot_omp,subject,20 Operating System,local,complete_local_score,1,1,1,1,0,0,100,1,100.0,,,,,,,,,,,,,0,,,,,,,,Group/subject breakdown from source summary.
breakdown,vi-multimodel-v1,1,pilot_omp,pilot_omp,qwen3-5-9b-65k,Qwen3.5-9B-65K,vmlu-mqa-dev,VMLU-dev pilot,pilot_omp,subject,22 Middle School Civil Education,local,complete_local_score,3,3,3,3,0,0,100,2,66.67,,,,,,,,,,,,,0,,,,,,,,Group/subject breakdown from source summary.
breakdown,vi-multimodel-v1,1,pilot_omp,pilot_omp,qwen3-5-9b-65k,Qwen3.5-9B-65K,vmlu-mqa-dev,VMLU-dev pilot,pilot_omp,subject,23 Middle School Geography,local,complete_local_score,1,1,1,1,0,0,100,1,100.0,,,,,,,,,,,,,0,,,,,,,,Group/subject breakdown from source summary.
breakdown,vi-multimodel-v1,1,pilot_omp,pilot_omp,qwen3-5-9b-65k,Qwen3.5-9B-65K,vmlu-mqa-dev,VMLU-dev pilot,pilot_omp,subject,24 High School Civil Education,local,complete_local_score,3,3,3,3,0,0,100,3,100.0,,,,,,,,,,,,,0,,,,,,,,Group/subject breakdown from source summary.
breakdown,vi-multimodel-v1,1,pilot_omp,pilot_omp,qwen3-5-9b-65k,Qwen3.5-9B-65K,vmlu-mqa-dev,VMLU-dev pilot,pilot_omp,subject,26 Business Administration,local,complete_local_score,1,1,1,1,0,0,100,1,100.0,,,,,,,,,,,,,0,,,,,,,,Group/subject breakdown from source summary.
breakdown,vi-multimodel-v1,1,pilot_omp,pilot_omp,qwen3-5-9b-65k,Qwen3.5-9B-65K,vmlu-mqa-dev,VMLU-dev pilot,pilot_omp,subject,27 Ho Chi Minh Ideology,local,complete_local_score,2,2,2,2,0,0,100,1,50.0,,,,,,,,,,,,,0,,,,,,,,Group/subject breakdown from source summary.
breakdown,vi-multimodel-v1,1,pilot_omp,pilot_omp,qwen3-5-9b-65k,Qwen3.5-9B-65K,vmlu-mqa-dev,VMLU-dev pilot,pilot_omp,subject,28 Macroeconomics,local,complete_local_score,3,3,3,3,0,0,100,3,100.0,,,,,,,,,,,,,0,,,,,,,,Group/subject breakdown from source summary.
breakdown,vi-multimodel-v1,1,pilot_omp,pilot_omp,qwen3-5-9b-65k,Qwen3.5-9B-65K,vmlu-mqa-dev,VMLU-dev pilot,pilot_omp,subject,29 Microeconomics,local,complete_local_score,3,3,3,3,0,0,100,1,33.33,,,,,,,,,,,,,0,,,,,,,,Group/subject breakdown from source summary.
breakdown,vi-multimodel-v1,1,pilot_omp,pilot_omp,qwen3-5-9b-65k,Qwen3.5-9B-65K,vmlu-mqa-dev,VMLU-dev pilot,pilot_omp,subject,30 Principles of Marxism and Leninism,local,complete_local_score,1,1,1,1,0,0,100,1,100.0,,,,,,,,,,,,,0,,,,,,,,Group/subject breakdown from source summary.
breakdown,vi-multimodel-v1,1,pilot_omp,pilot_omp,qwen3-5-9b-65k,Qwen3.5-9B-65K,vmlu-mqa-dev,VMLU-dev pilot,pilot_omp,subject,31 Sociology,local,complete_local_score,1,1,1,1,0,0,100,1,100.0,,,,,,,,,,,,,0,,,,,,,,Group/subject breakdown from source summary.
breakdown,vi-multimodel-v1,1,pilot_omp,pilot_omp,qwen3-5-9b-65k,Qwen3.5-9B-65K,vmlu-mqa-dev,VMLU-dev pilot,pilot_omp,subject,32 Elementary History,local,complete_local_score,3,3,3,3,0,0,100,1,33.33,,,,,,,,,,,,,0,,,,,,,,Group/subject breakdown from source summary.
breakdown,vi-multimodel-v1,1,pilot_omp,pilot_omp,qwen3-5-9b-65k,Qwen3.5-9B-65K,vmlu-mqa-dev,VMLU-dev pilot,pilot_omp,subject,33 Middle School History,local,complete_local_score,2,2,2,2,0,0,100,1,50.0,,,,,,,,,,,,,0,,,,,,,,Group/subject breakdown from source summary.
breakdown,vi-multimodel-v1,1,pilot_omp,pilot_omp,qwen3-5-9b-65k,Qwen3.5-9B-65K,vmlu-mqa-dev,VMLU-dev pilot,pilot_omp,subject,34 Middle School Literature,local,complete_local_score,2,2,2,2,0,0,100,1,50.0,,,,,,,,,,,,,0,,,,,,,,Group/subject breakdown from source summary.
breakdown,vi-multimodel-v1,1,pilot_omp,pilot_omp,qwen3-5-9b-65k,Qwen3.5-9B-65K,vmlu-mqa-dev,VMLU-dev pilot,pilot_omp,subject,35 High School History,local,complete_local_score,2,2,2,2,0,0,100,2,100.0,,,,,,,,,,,,,0,,,,,,,,Group/subject breakdown from source summary.
breakdown,vi-multimodel-v1,1,pilot_omp,pilot_omp,qwen3-5-9b-65k,Qwen3.5-9B-65K,vmlu-mqa-dev,VMLU-dev pilot,pilot_omp,subject,36 High School Literature,local,complete_local_score,2,2,2,2,0,0,100,0,0.0,,,,,,,,,,,,,0,,,,,,,,Group/subject breakdown from source summary.
breakdown,vi-multimodel-v1,1,pilot_omp,pilot_omp,qwen3-5-9b-65k,Qwen3.5-9B-65K,vmlu-mqa-dev,VMLU-dev pilot,pilot_omp,subject,37 Administrative Law,local,complete_local_score,2,2,2,2,0,0,100,1,50.0,,,,,,,,,,,,,0,,,,,,,,Group/subject breakdown from source summary.
breakdown,vi-multimodel-v1,1,pilot_omp,pilot_omp,qwen3-5-9b-65k,Qwen3.5-9B-65K,vmlu-mqa-dev,VMLU-dev pilot,pilot_omp,subject,38 Business Law,local,complete_local_score,3,3,3,3,0,0,100,2,66.67,,,,,,,,,,,,,0,,,,,,,,Group/subject breakdown from source summary.
breakdown,vi-multimodel-v1,1,pilot_omp,pilot_omp,qwen3-5-9b-65k,Qwen3.5-9B-65K,vmlu-mqa-dev,VMLU-dev pilot,pilot_omp,subject,39 Civil Law,local,complete_local_score,1,1,1,1,0,0,100,1,100.0,,,,,,,,,,,,,0,,,,,,,,Group/subject breakdown from source summary.
breakdown,vi-multimodel-v1,1,pilot_omp,pilot_omp,qwen3-5-9b-65k,Qwen3.5-9B-65K,vmlu-mqa-dev,VMLU-dev pilot,pilot_omp,subject,40 Criminal Law,local,complete_local_score,2,2,2,2,0,0,100,2,100.0,,,,,,,,,,,,,0,,,,,,,,Group/subject breakdown from source summary.
breakdown,vi-multimodel-v1,1,pilot_omp,pilot_omp,qwen3-5-9b-65k,Qwen3.5-9B-65K,vmlu-mqa-dev,VMLU-dev pilot,pilot_omp,subject,41 Economic Law,local,complete_local_score,2,2,2,2,0,0,100,1,50.0,,,,,,,,,,,,,0,,,,,,,,Group/subject breakdown from source summary.
breakdown,vi-multimodel-v1,1,pilot_omp,pilot_omp,qwen3-5-9b-65k,Qwen3.5-9B-65K,vmlu-mqa-dev,VMLU-dev pilot,pilot_omp,subject,42 Education Law,local,complete_local_score,1,1,1,1,0,0,100,0,0.0,,,,,,,,,,,,,0,,,,,,,,Group/subject breakdown from source summary.
breakdown,vi-multimodel-v1,1,pilot_omp,pilot_omp,qwen3-5-9b-65k,Qwen3.5-9B-65K,vmlu-mqa-dev,VMLU-dev pilot,pilot_omp,subject,43 History of World Civilization,local,complete_local_score,1,1,1,1,0,0,100,1,100.0,,,,,,,,,,,,,0,,,,,,,,Group/subject breakdown from source summary.
breakdown,vi-multimodel-v1,1,pilot_omp,pilot_omp,qwen3-5-9b-65k,Qwen3.5-9B-65K,vmlu-mqa-dev,VMLU-dev pilot,pilot_omp,subject,44 Idealogical and Moral Cultivation,local,complete_local_score,3,3,3,3,0,0,100,3,100.0,,,,,,,,,,,,,0,,,,,,,,Group/subject breakdown from source summary.
breakdown,vi-multimodel-v1,1,pilot_omp,pilot_omp,qwen3-5-9b-65k,Qwen3.5-9B-65K,vmlu-mqa-dev,VMLU-dev pilot,pilot_omp,subject,45 Introduction to Laws,local,complete_local_score,2,2,2,2,0,0,100,2,100.0,,,,,,,,,,,,,0,,,,,,,,Group/subject breakdown from source summary.
breakdown,vi-multimodel-v1,1,pilot_omp,pilot_omp,qwen3-5-9b-65k,Qwen3.5-9B-65K,vmlu-mqa-dev,VMLU-dev pilot,pilot_omp,subject,46 Introduction to Vietnam Culture,local,complete_local_score,2,2,2,2,0,0,100,1,50.0,,,,,,,,,,,,,0,,,,,,,,Group/subject breakdown from source summary.
breakdown,vi-multimodel-v1,1,pilot_omp,pilot_omp,qwen3-5-9b-65k,Qwen3.5-9B-65K,vmlu-mqa-dev,VMLU-dev pilot,pilot_omp,subject,48 Revolutionary Policy of the Vietnamese Commununist Part,local,complete_local_score,1,1,1,1,0,0,100,1,100.0,,,,,,,,,,,,,0,,,,,,,,Group/subject breakdown from source summary.
breakdown,vi-multimodel-v1,1,pilot_omp,pilot_omp,qwen3-5-9b-65k,Qwen3.5-9B-65K,vmlu-mqa-dev,VMLU-dev pilot,pilot_omp,subject,50 Accountant,local,complete_local_score,2,2,2,2,0,0,100,1,50.0,,,,,,,,,,,,,0,,,,,,,,Group/subject breakdown from source summary.
breakdown,vi-multimodel-v1,1,pilot_omp,pilot_omp,qwen3-5-9b-65k,Qwen3.5-9B-65K,vmlu-mqa-dev,VMLU-dev pilot,pilot_omp,subject,51 Clinical Pharmacology,local,complete_local_score,2,2,2,2,0,0,100,2,100.0,,,,,,,,,,,,,0,,,,,,,,Group/subject breakdown from source summary.
breakdown,vi-multimodel-v1,1,pilot_omp,pilot_omp,qwen3-5-9b-65k,Qwen3.5-9B-65K,vmlu-mqa-dev,VMLU-dev pilot,pilot_omp,subject,52 Environmental Engineering,local,complete_local_score,1,1,1,1,0,0,100,1,100.0,,,,,,,,,,,,,0,,,,,,,,Group/subject breakdown from source summary.
breakdown,vi-multimodel-v1,1,pilot_omp,pilot_omp,qwen3-5-9b-65k,Qwen3.5-9B-65K,vmlu-mqa-dev,VMLU-dev pilot,pilot_omp,subject,53 Internal Basic Medicine,local,complete_local_score,2,2,2,2,0,0,100,1,50.0,,,,,,,,,,,,,0,,,,,,,,Group/subject breakdown from source summary.
breakdown,vi-multimodel-v1,1,pilot_omp,pilot_omp,qwen3-5-9b-65k,Qwen3.5-9B-65K,vmlu-mqa-dev,VMLU-dev pilot,pilot_omp,subject,54 Preschool Pedagogy,local,complete_local_score,1,1,1,1,0,0,100,1,100.0,,,,,,,,,,,,,0,,,,,,,,Group/subject breakdown from source summary.
breakdown,vi-multimodel-v1,1,pilot_omp,pilot_omp,qwen3-5-9b-65k,Qwen3.5-9B-65K,vmlu-mqa-dev,VMLU-dev pilot,pilot_omp,subject,55 Tax Accountant,local,complete_local_score,2,2,2,2,0,0,100,0,0.0,,,,,,,,,,,,,0,,,,,,,,Group/subject breakdown from source summary.
breakdown,vi-multimodel-v1,1,pilot_omp,pilot_omp,qwen3-5-9b-65k,Qwen3.5-9B-65K,vmlu-mqa-dev,VMLU-dev pilot,pilot_omp,subject,57 Civil Servant,local,complete_local_score,1,1,1,1,0,0,100,0,0.0,,,,,,,,,,,,,0,,,,,,,,Group/subject breakdown from source summary.
breakdown,vi-multimodel-v1,1,pilot_omp,pilot_omp,qwen3-5-9b-65k,Qwen3.5-9B-65K,vmlu-mqa-dev,VMLU-dev pilot,pilot_omp,subject,58 Driving License Certificate,local,complete_local_score,3,3,3,3,0,0,100,3,100.0,,,,,,,,,,,,,0,,,,,,,,Group/subject breakdown from source summary.
dataset,vi-multimodel-expansion-v2,2,pilot_v2,pilot,muse-spark-1-3-contributor,Muse Spark 1.3 Contributor,vi-multimodel-v2-pilot-agentic-synthetic,Synthetic agentic pilot,synthetic_agentic,,,local,complete_local_score,80,80,80,80,0,0,100.0,70,87.5,,78.49719790084033,93.06644238399512,,,,,,,80,100.0,0,0,8.3013,18.5648,0,10,,100.0,,Pilot diagnostic; synthetic agentic is not official V-Bench.
dataset,vi-multimodel-expansion-v2,2,pilot_v2,pilot,muse-spark-1-3-contributor,Muse Spark 1.3 Contributor,vi-multimodel-v2-vmlu-dev,VMLU-dev v2 pilot,dev,,,local,complete_local_score,100,100,100,100,0,0,100.0,93,93.0,,86.25048526092651,96.56807389327273,,,,,,,100,100.0,0,0,8.9374,17.203,0,10,,100.0,,Pilot diagnostic; synthetic agentic is not official V-Bench.
phase_summary,vi-multimodel-expansion-v2,2,pilot_v2,pilot,muse-spark-1-3-contributor,Muse Spark 1.3 Contributor,pilot_all,pilot phase total,,,,,complete,180,180,200,200,0,0,100.0,,,,,,,,,,,,,,0,,,,20,,,,,180 unique items plus 20 repeat requests; pilot only.
breakdown,vi-multimodel-expansion-v2,2,pilot_v2,pilot,muse-spark-1-3-contributor,Muse Spark 1.3 Contributor,vi-multimodel-v2-vmlu-dev,VMLU-dev v2 pilot,pilot,subject,"(1, 'Elementary Mathematics', 'STEM')",local,complete_local_score,2,2,2,2,0,0,100,2,100.0,,,,,,,,,,,,,,,,,,,,,Group/subject breakdown from source summary.
breakdown,vi-multimodel-expansion-v2,2,pilot_v2,pilot,muse-spark-1-3-contributor,Muse Spark 1.3 Contributor,vi-multimodel-v2-vmlu-dev,VMLU-dev v2 pilot,pilot,subject,"(10, 'High School Physics', 'STEM')",local,complete_local_score,2,2,2,2,0,0,100,2,100.0,,,,,,,,,,,,,,,,,,,,,Group/subject breakdown from source summary.
breakdown,vi-multimodel-expansion-v2,2,pilot_v2,pilot,muse-spark-1-3-contributor,Muse Spark 1.3 Contributor,vi-multimodel-v2-vmlu-dev,VMLU-dev v2 pilot,pilot,subject,"(11, 'Applied Informatics', 'STEM')",local,complete_local_score,2,2,2,2,0,0,100,2,100.0,,,,,,,,,,,,,,,,,,,,,Group/subject breakdown from source summary.
breakdown,vi-multimodel-expansion-v2,2,pilot_v2,pilot,muse-spark-1-3-contributor,Muse Spark 1.3 Contributor,vi-multimodel-v2-vmlu-dev,VMLU-dev v2 pilot,pilot,subject,"(12, 'Computer Architecture', 'STEM')",local,complete_local_score,2,2,2,2,0,0,100,2,100.0,,,,,,,,,,,,,,,,,,,,,Group/subject breakdown from source summary.
breakdown,vi-multimodel-expansion-v2,2,pilot_v2,pilot,muse-spark-1-3-contributor,Muse Spark 1.3 Contributor,vi-multimodel-v2-vmlu-dev,VMLU-dev v2 pilot,pilot,subject,"(13, 'Computer Network', 'STEM')",local,complete_local_score,2,2,2,2,0,0,100,2,100.0,,,,,,,,,,,,,,,,,,,,,Group/subject breakdown from source summary.
breakdown,vi-multimodel-expansion-v2,2,pilot_v2,pilot,muse-spark-1-3-contributor,Muse Spark 1.3 Contributor,vi-multimodel-v2-vmlu-dev,VMLU-dev v2 pilot,pilot,subject,"(14, 'Discrete Mathematics', 'STEM')",local,complete_local_score,2,2,2,2,0,0,100,2,100.0,,,,,,,,,,,,,,,,,,,,,Group/subject breakdown from source summary.
breakdown,vi-multimodel-expansion-v2,2,pilot_v2,pilot,muse-spark-1-3-contributor,Muse Spark 1.3 Contributor,vi-multimodel-v2-vmlu-dev,VMLU-dev v2 pilot,pilot,subject,"(15, 'Electrical Engineering', 'STEM')",local,complete_local_score,2,2,2,2,0,0,100,2,100.0,,,,,,,,,,,,,,,,,,,,,Group/subject breakdown from source summary.
breakdown,vi-multimodel-expansion-v2,2,pilot_v2,pilot,muse-spark-1-3-contributor,Muse Spark 1.3 Contributor,vi-multimodel-v2-vmlu-dev,VMLU-dev v2 pilot,pilot,subject,"(16, 'Introduction to Chemistry', 'STEM')",local,complete_local_score,2,2,2,2,0,0,100,2,100.0,,,,,,,,,,,,,,,,,,,,,Group/subject breakdown from source summary.
breakdown,vi-multimodel-expansion-v2,2,pilot_v2,pilot,muse-spark-1-3-contributor,Muse Spark 1.3 Contributor,vi-multimodel-v2-vmlu-dev,VMLU-dev v2 pilot,pilot,subject,"(17, 'Introduction to Physics', 'STEM')",local,complete_local_score,2,2,2,2,0,0,100,2,100.0,,,,,,,,,,,,,,,,,,,,,Group/subject breakdown from source summary.
breakdown,vi-multimodel-expansion-v2,2,pilot_v2,pilot,muse-spark-1-3-contributor,Muse Spark 1.3 Contributor,vi-multimodel-v2-vmlu-dev,VMLU-dev v2 pilot,pilot,subject,"(18, 'Introduction to Programming', 'STEM')",local,complete_local_score,2,2,2,2,0,0,100,2,100.0,,,,,,,,,,,,,,,,,,,,,Group/subject breakdown from source summary.
breakdown,vi-multimodel-expansion-v2,2,pilot_v2,pilot,muse-spark-1-3-contributor,Muse Spark 1.3 Contributor,vi-multimodel-v2-vmlu-dev,VMLU-dev v2 pilot,pilot,subject,"(19, 'Metrology Engineer', 'STEM')",local,complete_local_score,2,2,2,2,0,0,100,2,100.0,,,,,,,,,,,,,,,,,,,,,Group/subject breakdown from source summary.
breakdown,vi-multimodel-expansion-v2,2,pilot_v2,pilot,muse-spark-1-3-contributor,Muse Spark 1.3 Contributor,vi-multimodel-v2-vmlu-dev,VMLU-dev v2 pilot,pilot,subject,"(2, 'Elementary Science', 'STEM')",local,complete_local_score,2,2,2,2,0,0,100,2,100.0,,,,,,,,,,,,,,,,,,,,,Group/subject breakdown from source summary.
breakdown,vi-multimodel-expansion-v2,2,pilot_v2,pilot,muse-spark-1-3-contributor,Muse Spark 1.3 Contributor,vi-multimodel-v2-vmlu-dev,VMLU-dev v2 pilot,pilot,subject,"(20, 'Operating System', 'STEM')",local,complete_local_score,2,2,2,2,0,0,100,1,50.0,,,,,,,,,,,,,,,,,,,,,Group/subject breakdown from source summary.
breakdown,vi-multimodel-expansion-v2,2,pilot_v2,pilot,muse-spark-1-3-contributor,Muse Spark 1.3 Contributor,vi-multimodel-v2-vmlu-dev,VMLU-dev v2 pilot,pilot,subject,"(21, 'Statistics and Probability', 'STEM')",local,complete_local_score,2,2,2,2,0,0,100,2,100.0,,,,,,,,,,,,,,,,,,,,,Group/subject breakdown from source summary.
breakdown,vi-multimodel-expansion-v2,2,pilot_v2,pilot,muse-spark-1-3-contributor,Muse Spark 1.3 Contributor,vi-multimodel-v2-vmlu-dev,VMLU-dev v2 pilot,pilot,subject,"(22, 'Middle School Civil Education', 'Social Science')",local,complete_local_score,2,2,2,2,0,0,100,2,100.0,,,,,,,,,,,,,,,,,,,,,Group/subject breakdown from source summary.
breakdown,vi-multimodel-expansion-v2,2,pilot_v2,pilot,muse-spark-1-3-contributor,Muse Spark 1.3 Contributor,vi-multimodel-v2-vmlu-dev,VMLU-dev v2 pilot,pilot,subject,"(23, 'Middle School Geography', 'Social Science')",local,complete_local_score,2,2,2,2,0,0,100,2,100.0,,,,,,,,,,,,,,,,,,,,,Group/subject breakdown from source summary.
breakdown,vi-multimodel-expansion-v2,2,pilot_v2,pilot,muse-spark-1-3-contributor,Muse Spark 1.3 Contributor,vi-multimodel-v2-vmlu-dev,VMLU-dev v2 pilot,pilot,subject,"(24, 'High School Civil Education', 'Social Science')",local,complete_local_score,2,2,2,2,0,0,100,2,100.0,,,,,,,,,,,,,,,,,,,,,Group/subject breakdown from source summary.
breakdown,vi-multimodel-expansion-v2,2,pilot_v2,pilot,muse-spark-1-3-contributor,Muse Spark 1.3 Contributor,vi-multimodel-v2-vmlu-dev,VMLU-dev v2 pilot,pilot,subject,"(25, 'High School Geography', 'Social Science')",local,complete_local_score,2,2,2,2,0,0,100,2,100.0,,,,,,,,,,,,,,,,,,,,,Group/subject breakdown from source summary.
breakdown,vi-multimodel-expansion-v2,2,pilot_v2,pilot,muse-spark-1-3-contributor,Muse Spark 1.3 Contributor,vi-multimodel-v2-vmlu-dev,VMLU-dev v2 pilot,pilot,subject,"(26, 'Business Administration', 'Social Science')",local,complete_local_score,2,2,2,2,0,0,100,2,100.0,,,,,,,,,,,,,,,,,,,,,Group/subject breakdown from source summary.
breakdown,vi-multimodel-expansion-v2,2,pilot_v2,pilot,muse-spark-1-3-contributor,Muse Spark 1.3 Contributor,vi-multimodel-v2-vmlu-dev,VMLU-dev v2 pilot,pilot,subject,"(27, 'Ho Chi Minh Ideology', 'Social Science')",local,complete_local_score,2,2,2,2,0,0,100,2,100.0,,,,,,,,,,,,,,,,,,,,,Group/subject breakdown from source summary.
breakdown,vi-multimodel-expansion-v2,2,pilot_v2,pilot,muse-spark-1-3-contributor,Muse Spark 1.3 Contributor,vi-multimodel-v2-vmlu-dev,VMLU-dev v2 pilot,pilot,subject,"(28, 'Macroeconomics', 'Social Science')",local,complete_local_score,2,2,2,2,0,0,100,2,100.0,,,,,,,,,,,,,,,,,,,,,Group/subject breakdown from source summary.
breakdown,vi-multimodel-expansion-v2,2,pilot_v2,pilot,muse-spark-1-3-contributor,Muse Spark 1.3 Contributor,vi-multimodel-v2-vmlu-dev,VMLU-dev v2 pilot,pilot,subject,"(29, 'Microeconomics', 'Social Science')",local,complete_local_score,2,2,2,2,0,0,100,2,100.0,,,,,,,,,,,,,,,,,,,,,Group/subject breakdown from source summary.
breakdown,vi-multimodel-expansion-v2,2,pilot_v2,pilot,muse-spark-1-3-contributor,Muse Spark 1.3 Contributor,vi-multimodel-v2-vmlu-dev,VMLU-dev v2 pilot,pilot,subject,"(3, 'Middle School Biology', 'STEM')",local,complete_local_score,2,2,2,2,0,0,100,2,100.0,,,,,,,,,,,,,,,,,,,,,Group/subject breakdown from source summary.
breakdown,vi-multimodel-expansion-v2,2,pilot_v2,pilot,muse-spark-1-3-contributor,Muse Spark 1.3 Contributor,vi-multimodel-v2-vmlu-dev,VMLU-dev v2 pilot,pilot,subject,"(30, 'Principles of Marxism and Leninism', 'Social Science')",local,complete_local_score,2,2,2,2,0,0,100,1,50.0,,,,,,,,,,,,,,,,,,,,,Group/subject breakdown from source summary.
breakdown,vi-multimodel-expansion-v2,2,pilot_v2,pilot,muse-spark-1-3-contributor,Muse Spark 1.3 Contributor,vi-multimodel-v2-vmlu-dev,VMLU-dev v2 pilot,pilot,subject,"(31, 'Sociology', 'Social Science')",local,complete_local_score,2,2,2,2,0,0,100,2,100.0,,,,,,,,,,,,,,,,,,,,,Group/subject breakdown from source summary.
breakdown,vi-multimodel-expansion-v2,2,pilot_v2,pilot,muse-spark-1-3-contributor,Muse Spark 1.3 Contributor,vi-multimodel-v2-vmlu-dev,VMLU-dev v2 pilot,pilot,subject,"(32, 'Elementary History', 'Humanity')",local,complete_local_score,2,2,2,2,0,0,100,2,100.0,,,,,,,,,,,,,,,,,,,,,Group/subject breakdown from source summary.
breakdown,vi-multimodel-expansion-v2,2,pilot_v2,pilot,muse-spark-1-3-contributor,Muse Spark 1.3 Contributor,vi-multimodel-v2-vmlu-dev,VMLU-dev v2 pilot,pilot,subject,"(33, 'Middle School History', 'Humanity')",local,complete_local_score,2,2,2,2,0,0,100,2,100.0,,,,,,,,,,,,,,,,,,,,,Group/subject breakdown from source summary.
breakdown,vi-multimodel-expansion-v2,2,pilot_v2,pilot,muse-spark-1-3-contributor,Muse Spark 1.3 Contributor,vi-multimodel-v2-vmlu-dev,VMLU-dev v2 pilot,pilot,subject,"(34, 'Middle School Literature', 'Humanity')",local,complete_local_score,2,2,2,2,0,0,100,2,100.0,,,,,,,,,,,,,,,,,,,,,Group/subject breakdown from source summary.
breakdown,vi-multimodel-expansion-v2,2,pilot_v2,pilot,muse-spark-1-3-contributor,Muse Spark 1.3 Contributor,vi-multimodel-v2-vmlu-dev,VMLU-dev v2 pilot,pilot,subject,"(35, 'High School History', 'Humanity')",local,complete_local_score,2,2,2,2,0,0,100,2,100.0,,,,,,,,,,,,,,,,,,,,,Group/subject breakdown from source summary.
breakdown,vi-multimodel-expansion-v2,2,pilot_v2,pilot,muse-spark-1-3-contributor,Muse Spark 1.3 Contributor,vi-multimodel-v2-vmlu-dev,VMLU-dev v2 pilot,pilot,subject,"(36, 'High School Literature', 'Humanity')",local,complete_local_score,2,2,2,2,0,0,100,1,50.0,,,,,,,,,,,,,,,,,,,,,Group/subject breakdown from source summary.
breakdown,vi-multimodel-expansion-v2,2,pilot_v2,pilot,muse-spark-1-3-contributor,Muse Spark 1.3 Contributor,vi-multimodel-v2-vmlu-dev,VMLU-dev v2 pilot,pilot,subject,"(37, 'Administrative Law', 'Humanity')",local,complete_local_score,2,2,2,2,0,0,100,2,100.0,,,,,,,,,,,,,,,,,,,,,Group/subject breakdown from source summary.
breakdown,vi-multimodel-expansion-v2,2,pilot_v2,pilot,muse-spark-1-3-contributor,Muse Spark 1.3 Contributor,vi-multimodel-v2-vmlu-dev,VMLU-dev v2 pilot,pilot,subject,"(38, 'Business Law', 'Humanity')",local,complete_local_score,2,2,2,2,0,0,100,1,50.0,,,,,,,,,,,,,,,,,,,,,Group/subject breakdown from source summary.
breakdown,vi-multimodel-expansion-v2,2,pilot_v2,pilot,muse-spark-1-3-contributor,Muse Spark 1.3 Contributor,vi-multimodel-v2-vmlu-dev,VMLU-dev v2 pilot,pilot,subject,"(39, 'Civil Law', 'Humanity')",local,complete_local_score,2,2,2,2,0,0,100,2,100.0,,,,,,,,,,,,,,,,,,,,,Group/subject breakdown from source summary.
breakdown,vi-multimodel-expansion-v2,2,pilot_v2,pilot,muse-spark-1-3-contributor,Muse Spark 1.3 Contributor,vi-multimodel-v2-vmlu-dev,VMLU-dev v2 pilot,pilot,subject,"(4, 'Middle School Chemistry', 'STEM')",local,complete_local_score,2,2,2,2,0,0,100,2,100.0,,,,,,,,,,,,,,,,,,,,,Group/subject breakdown from source summary.
breakdown,vi-multimodel-expansion-v2,2,pilot_v2,pilot,muse-spark-1-3-contributor,Muse Spark 1.3 Contributor,vi-multimodel-v2-vmlu-dev,VMLU-dev v2 pilot,pilot,subject,"(40, 'Criminal Law', 'Humanity')",local,complete_local_score,2,2,2,2,0,0,100,2,100.0,,,,,,,,,,,,,,,,,,,,,Group/subject breakdown from source summary.
breakdown,vi-multimodel-expansion-v2,2,pilot_v2,pilot,muse-spark-1-3-contributor,Muse Spark 1.3 Contributor,vi-multimodel-v2-vmlu-dev,VMLU-dev v2 pilot,pilot,subject,"(41, 'Economic Law', 'Humanity')",local,complete_local_score,2,2,2,2,0,0,100,1,50.0,,,,,,,,,,,,,,,,,,,,,Group/subject breakdown from source summary.
breakdown,vi-multimodel-expansion-v2,2,pilot_v2,pilot,muse-spark-1-3-contributor,Muse Spark 1.3 Contributor,vi-multimodel-v2-vmlu-dev,VMLU-dev v2 pilot,pilot,subject,"(42, 'Education Law', 'Humanity')",local,complete_local_score,2,2,2,2,0,0,100,2,100.0,,,,,,,,,,,,,,,,,,,,,Group/subject breakdown from source summary.
breakdown,vi-multimodel-expansion-v2,2,pilot_v2,pilot,muse-spark-1-3-contributor,Muse Spark 1.3 Contributor,vi-multimodel-v2-vmlu-dev,VMLU-dev v2 pilot,pilot,subject,"(43, 'History of World Civilization', 'Humanity')",local,complete_local_score,1,1,1,1,0,0,100,1,100.0,,,,,,,,,,,,,,,,,,,,,Group/subject breakdown from source summary.
breakdown,vi-multimodel-expansion-v2,2,pilot_v2,pilot,muse-spark-1-3-contributor,Muse Spark 1.3 Contributor,vi-multimodel-v2-vmlu-dev,VMLU-dev v2 pilot,pilot,subject,"(44, 'Idealogical and Moral Cultivation', 'Humanity')",local,complete_local_score,1,1,1,1,0,0,100,1,100.0,,,,,,,,,,,,,,,,,,,,,Group/subject breakdown from source summary.
breakdown,vi-multimodel-expansion-v2,2,pilot_v2,pilot,muse-spark-1-3-contributor,Muse Spark 1.3 Contributor,vi-multimodel-v2-vmlu-dev,VMLU-dev v2 pilot,pilot,subject,"(45, 'Introduction to Laws', 'Humanity')",local,complete_local_score,1,1,1,1,0,0,100,1,100.0,,,,,,,,,,,,,,,,,,,,,Group/subject breakdown from source summary.
breakdown,vi-multimodel-expansion-v2,2,pilot_v2,pilot,muse-spark-1-3-contributor,Muse Spark 1.3 Contributor,vi-multimodel-v2-vmlu-dev,VMLU-dev v2 pilot,pilot,subject,"(46, 'Introduction to Vietnam Culture', 'Humanity')",local,complete_local_score,1,1,1,1,0,0,100,1,100.0,,,,,,,,,,,,,,,,,,,,,Group/subject breakdown from source summary.
breakdown,vi-multimodel-expansion-v2,2,pilot_v2,pilot,muse-spark-1-3-contributor,Muse Spark 1.3 Contributor,vi-multimodel-v2-vmlu-dev,VMLU-dev v2 pilot,pilot,subject,"(47, 'Logic', 'Humanity')",local,complete_local_score,1,1,1,1,0,0,100,0,0.0,,,,,,,,,,,,,,,,,,,,,Group/subject breakdown from source summary.
breakdown,vi-multimodel-expansion-v2,2,pilot_v2,pilot,muse-spark-1-3-contributor,Muse Spark 1.3 Contributor,vi-multimodel-v2-vmlu-dev,VMLU-dev v2 pilot,pilot,subject,"(48, 'Revolutionary Policy of the Vietnamese Commununist Part', 'Humanity')",local,complete_local_score,1,1,1,1,0,0,100,1,100.0,,,,,,,,,,,,,,,,,,,,,Group/subject breakdown from source summary.
breakdown,vi-multimodel-expansion-v2,2,pilot_v2,pilot,muse-spark-1-3-contributor,Muse Spark 1.3 Contributor,vi-multimodel-v2-vmlu-dev,VMLU-dev v2 pilot,pilot,subject,"(49, 'Vietnamese Language and Literature', 'Humanity')",local,complete_local_score,1,1,1,1,0,0,100,1,100.0,,,,,,,,,,,,,,,,,,,,,Group/subject breakdown from source summary.
breakdown,vi-multimodel-expansion-v2,2,pilot_v2,pilot,muse-spark-1-3-contributor,Muse Spark 1.3 Contributor,vi-multimodel-v2-vmlu-dev,VMLU-dev v2 pilot,pilot,subject,"(5, 'Middle School Mathematics', 'STEM')",local,complete_local_score,2,2,2,2,0,0,100,1,50.0,,,,,,,,,,,,,,,,,,,,,Group/subject breakdown from source summary.
breakdown,vi-multimodel-expansion-v2,2,pilot_v2,pilot,muse-spark-1-3-contributor,Muse Spark 1.3 Contributor,vi-multimodel-v2-vmlu-dev,VMLU-dev v2 pilot,pilot,subject,"(50, 'Accountant', 'Other')",local,complete_local_score,1,1,1,1,0,0,100,1,100.0,,,,,,,,,,,,,,,,,,,,,Group/subject breakdown from source summary.
breakdown,vi-multimodel-expansion-v2,2,pilot_v2,pilot,muse-spark-1-3-contributor,Muse Spark 1.3 Contributor,vi-multimodel-v2-vmlu-dev,VMLU-dev v2 pilot,pilot,subject,"(51, 'Clinical Pharmacology', 'Other')",local,complete_local_score,1,1,1,1,0,0,100,1,100.0,,,,,,,,,,,,,,,,,,,,,Group/subject breakdown from source summary.
breakdown,vi-multimodel-expansion-v2,2,pilot_v2,pilot,muse-spark-1-3-contributor,Muse Spark 1.3 Contributor,vi-multimodel-v2-vmlu-dev,VMLU-dev v2 pilot,pilot,subject,"(52, 'Environmental Engineering', 'Other')",local,complete_local_score,1,1,1,1,0,0,100,1,100.0,,,,,,,,,,,,,,,,,,,,,Group/subject breakdown from source summary.
breakdown,vi-multimodel-expansion-v2,2,pilot_v2,pilot,muse-spark-1-3-contributor,Muse Spark 1.3 Contributor,vi-multimodel-v2-vmlu-dev,VMLU-dev v2 pilot,pilot,subject,"(53, 'Internal Basic Medicine', 'Other')",local,complete_local_score,1,1,1,1,0,0,100,1,100.0,,,,,,,,,,,,,,,,,,,,,Group/subject breakdown from source summary.
breakdown,vi-multimodel-expansion-v2,2,pilot_v2,pilot,muse-spark-1-3-contributor,Muse Spark 1.3 Contributor,vi-multimodel-v2-vmlu-dev,VMLU-dev v2 pilot,pilot,subject,"(54, 'Preschool Pedagogy', 'Other')",local,complete_local_score,1,1,1,1,0,0,100,1,100.0,,,,,,,,,,,,,,,,,,,,,Group/subject breakdown from source summary.
breakdown,vi-multimodel-expansion-v2,2,pilot_v2,pilot,muse-spark-1-3-contributor,Muse Spark 1.3 Contributor,vi-multimodel-v2-vmlu-dev,VMLU-dev v2 pilot,pilot,subject,"(55, 'Tax Accountant', 'Other')",local,complete_local_score,1,1,1,1,0,0,100,1,100.0,,,,,,,,,,,,,,,,,,,,,Group/subject breakdown from source summary.
breakdown,vi-multimodel-expansion-v2,2,pilot_v2,pilot,muse-spark-1-3-contributor,Muse Spark 1.3 Contributor,vi-multimodel-v2-vmlu-dev,VMLU-dev v2 pilot,pilot,subject,"(56, 'Tax Civil Servant', 'Other')",local,complete_local_score,1,1,1,1,0,0,100,1,100.0,,,,,,,,,,,,,,,,,,,,,Group/subject breakdown from source summary.
breakdown,vi-multimodel-expansion-v2,2,pilot_v2,pilot,muse-spark-1-3-contributor,Muse Spark 1.3 Contributor,vi-multimodel-v2-vmlu-dev,VMLU-dev v2 pilot,pilot,subject,"(57, 'Civil Servant', 'Other')",local,complete_local_score,1,1,1,1,0,0,100,1,100.0,,,,,,,,,,,,,,,,,,,,,Group/subject breakdown from source summary.
breakdown,vi-multimodel-expansion-v2,2,pilot_v2,pilot,muse-spark-1-3-contributor,Muse Spark 1.3 Contributor,vi-multimodel-v2-vmlu-dev,VMLU-dev v2 pilot,pilot,subject,"(58, 'Driving License Certificate', 'Other')",local,complete_local_score,1,1,1,1,0,0,100,1,100.0,,,,,,,,,,,,,,,,,,,,,Group/subject breakdown from source summary.
breakdown,vi-multimodel-expansion-v2,2,pilot_v2,pilot,muse-spark-1-3-contributor,Muse Spark 1.3 Contributor,vi-multimodel-v2-vmlu-dev,VMLU-dev v2 pilot,pilot,subject,"(6, 'Middle School Physics', 'STEM')",local,complete_local_score,2,2,2,2,0,0,100,2,100.0,,,,,,,,,,,,,,,,,,,,,Group/subject breakdown from source summary.
breakdown,vi-multimodel-expansion-v2,2,pilot_v2,pilot,muse-spark-1-3-contributor,Muse Spark 1.3 Contributor,vi-multimodel-v2-vmlu-dev,VMLU-dev v2 pilot,pilot,subject,"(7, 'High School Biology', 'STEM')",local,complete_local_score,2,2,2,2,0,0,100,2,100.0,,,,,,,,,,,,,,,,,,,,,Group/subject breakdown from source summary.
breakdown,vi-multimodel-expansion-v2,2,pilot_v2,pilot,muse-spark-1-3-contributor,Muse Spark 1.3 Contributor,vi-multimodel-v2-vmlu-dev,VMLU-dev v2 pilot,pilot,subject,"(8, 'High School Chemistry', 'STEM')",local,complete_local_score,2,2,2,2,0,0,100,2,100.0,,,,,,,,,,,,,,,,,,,,,Group/subject breakdown from source summary.
breakdown,vi-multimodel-expansion-v2,2,pilot_v2,pilot,muse-spark-1-3-contributor,Muse Spark 1.3 Contributor,vi-multimodel-v2-vmlu-dev,VMLU-dev v2 pilot,pilot,subject,"(9, 'High School Mathematics', 'STEM')",local,complete_local_score,2,2,2,2,0,0,100,2,100.0,,,,,,,,,,,,,,,,,,,,,Group/subject breakdown from source summary.
dataset,vi-multimodel-expansion-v2,2,pilot_v2,pilot,mimo-v2-6-flash,MiMo V2.6 Flash,vi-multimodel-v2-pilot-agentic-synthetic,Synthetic agentic pilot,synthetic_agentic,,,local,complete_local_score,80,80,80,80,0,0,100.0,62,77.5,,67.21321021639265,85.26679265915337,,,,,,,80,100.0,0,0,9.6128,20.4324,0,10,,90.0,,Pilot diagnostic; synthetic agentic is not official V-Bench.
dataset,vi-multimodel-expansion-v2,2,pilot_v2,pilot,mimo-v2-6-flash,MiMo V2.6 Flash,vi-multimodel-v2-vmlu-dev,VMLU-dev v2 pilot,dev,,,local,complete_local_score,100,100,100,100,0,0,100.0,90,90.0,,82.56343384950866,94.47708629393249,,,,,,,98,98.0,1,2,12.5439,25.1497,0,10,,80.0,,Pilot diagnostic; synthetic agentic is not official V-Bench.
phase_summary,vi-multimodel-expansion-v2,2,pilot_v2,pilot,mimo-v2-6-flash,MiMo V2.6 Flash,pilot_all,pilot phase total,,,,,complete,180,180,200,200,0,0,100.0,,,,,,,,,,,,,,1,,,,20,,,,,180 unique items plus 20 repeat requests; pilot only.
breakdown,vi-multimodel-expansion-v2,2,pilot_v2,pilot,mimo-v2-6-flash,MiMo V2.6 Flash,vi-multimodel-v2-vmlu-dev,VMLU-dev v2 pilot,pilot,subject,"(1, 'Elementary Mathematics', 'STEM')",local,complete_local_score,2,2,2,2,0,0,100,2,100.0,,,,,,,,,,,,,,,,,,,,,Group/subject breakdown from source summary.
breakdown,vi-multimodel-expansion-v2,2,pilot_v2,pilot,mimo-v2-6-flash,MiMo V2.6 Flash,vi-multimodel-v2-vmlu-dev,VMLU-dev v2 pilot,pilot,subject,"(10, 'High School Physics', 'STEM')",local,complete_local_score,2,2,2,2,0,0,100,2,100.0,,,,,,,,,,,,,,,,,,,,,Group/subject breakdown from source summary.
breakdown,vi-multimodel-expansion-v2,2,pilot_v2,pilot,mimo-v2-6-flash,MiMo V2.6 Flash,vi-multimodel-v2-vmlu-dev,VMLU-dev v2 pilot,pilot,subject,"(11, 'Applied Informatics', 'STEM')",local,complete_local_score,2,2,2,2,0,0,100,2,100.0,,,,,,,,,,,,,,,,,,,,,Group/subject breakdown from source summary.
breakdown,vi-multimodel-expansion-v2,2,pilot_v2,pilot,mimo-v2-6-flash,MiMo V2.6 Flash,vi-multimodel-v2-vmlu-dev,VMLU-dev v2 pilot,pilot,subject,"(12, 'Computer Architecture', 'STEM')",local,complete_local_score,2,2,2,2,0,0,100,2,100.0,,,,,,,,,,,,,,,,,,,,,Group/subject breakdown from source summary.
breakdown,vi-multimodel-expansion-v2,2,pilot_v2,pilot,mimo-v2-6-flash,MiMo V2.6 Flash,vi-multimodel-v2-vmlu-dev,VMLU-dev v2 pilot,pilot,subject,"(13, 'Computer Network', 'STEM')",local,complete_local_score,2,2,2,2,0,0,100,2,100.0,,,,,,,,,,,,,,,,,,,,,Group/subject breakdown from source summary.
breakdown,vi-multimodel-expansion-v2,2,pilot_v2,pilot,mimo-v2-6-flash,MiMo V2.6 Flash,vi-multimodel-v2-vmlu-dev,VMLU-dev v2 pilot,pilot,subject,"(14, 'Discrete Mathematics', 'STEM')",local,complete_local_score,2,2,2,2,0,0,100,2,100.0,,,,,,,,,,,,,,,,,,,,,Group/subject breakdown from source summary.
breakdown,vi-multimodel-expansion-v2,2,pilot_v2,pilot,mimo-v2-6-flash,MiMo V2.6 Flash,vi-multimodel-v2-vmlu-dev,VMLU-dev v2 pilot,pilot,subject,"(15, 'Electrical Engineering', 'STEM')",local,complete_local_score,2,2,2,2,0,0,100,2,100.0,,,,,,,,,,,,,,,,,,,,,Group/subject breakdown from source summary.
breakdown,vi-multimodel-expansion-v2,2,pilot_v2,pilot,mimo-v2-6-flash,MiMo V2.6 Flash,vi-multimodel-v2-vmlu-dev,VMLU-dev v2 pilot,pilot,subject,"(16, 'Introduction to Chemistry', 'STEM')",local,complete_local_score,2,2,2,2,0,0,100,2,100.0,,,,,,,,,,,,,,,,,,,,,Group/subject breakdown from source summary.
breakdown,vi-multimodel-expansion-v2,2,pilot_v2,pilot,mimo-v2-6-flash,MiMo V2.6 Flash,vi-multimodel-v2-vmlu-dev,VMLU-dev v2 pilot,pilot,subject,"(17, 'Introduction to Physics', 'STEM')",local,complete_local_score,2,2,2,2,0,0,100,2,100.0,,,,,,,,,,,,,,,,,,,,,Group/subject breakdown from source summary.
breakdown,vi-multimodel-expansion-v2,2,pilot_v2,pilot,mimo-v2-6-flash,MiMo V2.6 Flash,vi-multimodel-v2-vmlu-dev,VMLU-dev v2 pilot,pilot,subject,"(18, 'Introduction to Programming', 'STEM')",local,complete_local_score,2,2,2,2,0,0,100,2,100.0,,,,,,,,,,,,,,,,,,,,,Group/subject breakdown from source summary.
breakdown,vi-multimodel-expansion-v2,2,pilot_v2,pilot,mimo-v2-6-flash,MiMo V2.6 Flash,vi-multimodel-v2-vmlu-dev,VMLU-dev v2 pilot,pilot,subject,"(19, 'Metrology Engineer', 'STEM')",local,complete_local_score,2,2,2,2,0,0,100,2,100.0,,,,,,,,,,,,,,,,,,,,,Group/subject breakdown from source summary.
breakdown,vi-multimodel-expansion-v2,2,pilot_v2,pilot,mimo-v2-6-flash,MiMo V2.6 Flash,vi-multimodel-v2-vmlu-dev,VMLU-dev v2 pilot,pilot,subject,"(2, 'Elementary Science', 'STEM')",local,complete_local_score,2,2,2,2,0,0,100,1,50.0,,,,,,,,,,,,,,,,,,,,,Group/subject breakdown from source summary.
breakdown,vi-multimodel-expansion-v2,2,pilot_v2,pilot,mimo-v2-6-flash,MiMo V2.6 Flash,vi-multimodel-v2-vmlu-dev,VMLU-dev v2 pilot,pilot,subject,"(20, 'Operating System', 'STEM')",local,complete_local_score,2,2,2,2,0,0,100,2,100.0,,,,,,,,,,,,,,,,,,,,,Group/subject breakdown from source summary.
breakdown,vi-multimodel-expansion-v2,2,pilot_v2,pilot,mimo-v2-6-flash,MiMo V2.6 Flash,vi-multimodel-v2-vmlu-dev,VMLU-dev v2 pilot,pilot,subject,"(21, 'Statistics and Probability', 'STEM')",local,complete_local_score,2,2,2,2,0,0,100,2,100.0,,,,,,,,,,,,,,,,,,,,,Group/subject breakdown from source summary.
breakdown,vi-multimodel-expansion-v2,2,pilot_v2,pilot,mimo-v2-6-flash,MiMo V2.6 Flash,vi-multimodel-v2-vmlu-dev,VMLU-dev v2 pilot,pilot,subject,"(22, 'Middle School Civil Education', 'Social Science')",local,complete_local_score,2,2,2,2,0,0,100,2,100.0,,,,,,,,,,,,,,,,,,,,,Group/subject breakdown from source summary.
breakdown,vi-multimodel-expansion-v2,2,pilot_v2,pilot,mimo-v2-6-flash,MiMo V2.6 Flash,vi-multimodel-v2-vmlu-dev,VMLU-dev v2 pilot,pilot,subject,"(23, 'Middle School Geography', 'Social Science')",local,complete_local_score,2,2,2,2,0,0,100,2,100.0,,,,,,,,,,,,,,,,,,,,,Group/subject breakdown from source summary.
breakdown,vi-multimodel-expansion-v2,2,pilot_v2,pilot,mimo-v2-6-flash,MiMo V2.6 Flash,vi-multimodel-v2-vmlu-dev,VMLU-dev v2 pilot,pilot,subject,"(24, 'High School Civil Education', 'Social Science')",local,complete_local_score,2,2,2,2,0,0,100,2,100.0,,,,,,,,,,,,,,,,,,,,,Group/subject breakdown from source summary.
breakdown,vi-multimodel-expansion-v2,2,pilot_v2,pilot,mimo-v2-6-flash,MiMo V2.6 Flash,vi-multimodel-v2-vmlu-dev,VMLU-dev v2 pilot,pilot,subject,"(25, 'High School Geography', 'Social Science')",local,complete_local_score,2,2,2,2,0,0,100,2,100.0,,,,,,,,,,,,,,,,,,,,,Group/subject breakdown from source summary.
breakdown,vi-multimodel-expansion-v2,2,pilot_v2,pilot,mimo-v2-6-flash,MiMo V2.6 Flash,vi-multimodel-v2-vmlu-dev,VMLU-dev v2 pilot,pilot,subject,"(26, 'Business Administration', 'Social Science')",local,complete_local_score,2,2,2,2,0,0,100,2,100.0,,,,,,,,,,,,,,,,,,,,,Group/subject breakdown from source summary.
breakdown,vi-multimodel-expansion-v2,2,pilot_v2,pilot,mimo-v2-6-flash,MiMo V2.6 Flash,vi-multimodel-v2-vmlu-dev,VMLU-dev v2 pilot,pilot,subject,"(27, 'Ho Chi Minh Ideology', 'Social Science')",local,complete_local_score,2,2,2,2,0,0,100,1,50.0,,,,,,,,,,,,,,,,,,,,,Group/subject breakdown from source summary.
breakdown,vi-multimodel-expansion-v2,2,pilot_v2,pilot,mimo-v2-6-flash,MiMo V2.6 Flash,vi-multimodel-v2-vmlu-dev,VMLU-dev v2 pilot,pilot,subject,"(28, 'Macroeconomics', 'Social Science')",local,complete_local_score,2,2,2,2,0,0,100,2,100.0,,,,,,,,,,,,,,,,,,,,,Group/subject breakdown from source summary.
breakdown,vi-multimodel-expansion-v2,2,pilot_v2,pilot,mimo-v2-6-flash,MiMo V2.6 Flash,vi-multimodel-v2-vmlu-dev,VMLU-dev v2 pilot,pilot,subject,"(29, 'Microeconomics', 'Social Science')",local,complete_local_score,2,2,2,2,0,0,100,2,100.0,,,,,,,,,,,,,,,,,,,,,Group/subject breakdown from source summary.
breakdown,vi-multimodel-expansion-v2,2,pilot_v2,pilot,mimo-v2-6-flash,MiMo V2.6 Flash,vi-multimodel-v2-vmlu-dev,VMLU-dev v2 pilot,pilot,subject,"(3, 'Middle School Biology', 'STEM')",local,complete_local_score,2,2,2,2,0,0,100,2,100.0,,,,,,,,,,,,,,,,,,,,,Group/subject breakdown from source summary.
breakdown,vi-multimodel-expansion-v2,2,pilot_v2,pilot,mimo-v2-6-flash,MiMo V2.6 Flash,vi-multimodel-v2-vmlu-dev,VMLU-dev v2 pilot,pilot,subject,"(30, 'Principles of Marxism and Leninism', 'Social Science')",local,complete_local_score,2,2,2,2,0,0,100,1,50.0,,,,,,,,,,,,,,,,,,,,,Group/subject breakdown from source summary.
breakdown,vi-multimodel-expansion-v2,2,pilot_v2,pilot,mimo-v2-6-flash,MiMo V2.6 Flash,vi-multimodel-v2-vmlu-dev,VMLU-dev v2 pilot,pilot,subject,"(31, 'Sociology', 'Social Science')",local,complete_local_score,2,2,2,2,0,0,100,2,100.0,,,,,,,,,,,,,,,,,,,,,Group/subject breakdown from source summary.
breakdown,vi-multimodel-expansion-v2,2,pilot_v2,pilot,mimo-v2-6-flash,MiMo V2.6 Flash,vi-multimodel-v2-vmlu-dev,VMLU-dev v2 pilot,pilot,subject,"(32, 'Elementary History', 'Humanity')",local,complete_local_score,2,2,2,2,0,0,100,2,100.0,,,,,,,,,,,,,,,,,,,,,Group/subject breakdown from source summary.
breakdown,vi-multimodel-expansion-v2,2,pilot_v2,pilot,mimo-v2-6-flash,MiMo V2.6 Flash,vi-multimodel-v2-vmlu-dev,VMLU-dev v2 pilot,pilot,subject,"(33, 'Middle School History', 'Humanity')",local,complete_local_score,2,2,2,2,0,0,100,2,100.0,,,,,,,,,,,,,,,,,,,,,Group/subject breakdown from source summary.
breakdown,vi-multimodel-expansion-v2,2,pilot_v2,pilot,mimo-v2-6-flash,MiMo V2.6 Flash,vi-multimodel-v2-vmlu-dev,VMLU-dev v2 pilot,pilot,subject,"(34, 'Middle School Literature', 'Humanity')",local,complete_local_score,2,2,2,2,0,0,100,1,50.0,,,,,,,,,,,,,,,,,,,,,Group/subject breakdown from source summary.
breakdown,vi-multimodel-expansion-v2,2,pilot_v2,pilot,mimo-v2-6-flash,MiMo V2.6 Flash,vi-multimodel-v2-vmlu-dev,VMLU-dev v2 pilot,pilot,subject,"(35, 'High School History', 'Humanity')",local,complete_local_score,2,2,2,2,0,0,100,2,100.0,,,,,,,,,,,,,,,,,,,,,Group/subject breakdown from source summary.
breakdown,vi-multimodel-expansion-v2,2,pilot_v2,pilot,mimo-v2-6-flash,MiMo V2.6 Flash,vi-multimodel-v2-vmlu-dev,VMLU-dev v2 pilot,pilot,subject,"(36, 'High School Literature', 'Humanity')",local,complete_local_score,2,2,2,2,0,0,100,1,50.0,,,,,,,,,,,,,,,,,,,,,Group/subject breakdown from source summary.
breakdown,vi-multimodel-expansion-v2,2,pilot_v2,pilot,mimo-v2-6-flash,MiMo V2.6 Flash,vi-multimodel-v2-vmlu-dev,VMLU-dev v2 pilot,pilot,subject,"(37, 'Administrative Law', 'Humanity')",local,complete_local_score,2,2,2,2,0,0,100,2,100.0,,,,,,,,,,,,,,,,,,,,,Group/subject breakdown from source summary.
breakdown,vi-multimodel-expansion-v2,2,pilot_v2,pilot,mimo-v2-6-flash,MiMo V2.6 Flash,vi-multimodel-v2-vmlu-dev,VMLU-dev v2 pilot,pilot,subject,"(38, 'Business Law', 'Humanity')",local,complete_local_score,2,2,2,2,0,0,100,2,100.0,,,,,,,,,,,,,,,,,,,,,Group/subject breakdown from source summary.
breakdown,vi-multimodel-expansion-v2,2,pilot_v2,pilot,mimo-v2-6-flash,MiMo V2.6 Flash,vi-multimodel-v2-vmlu-dev,VMLU-dev v2 pilot,pilot,subject,"(39, 'Civil Law', 'Humanity')",local,complete_local_score,2,2,2,2,0,0,100,2,100.0,,,,,,,,,,,,,,,,,,,,,Group/subject breakdown from source summary.
breakdown,vi-multimodel-expansion-v2,2,pilot_v2,pilot,mimo-v2-6-flash,MiMo V2.6 Flash,vi-multimodel-v2-vmlu-dev,VMLU-dev v2 pilot,pilot,subject,"(4, 'Middle School Chemistry', 'STEM')",local,complete_local_score,2,2,2,2,0,0,100,2,100.0,,,,,,,,,,,,,,,,,,,,,Group/subject breakdown from source summary.
breakdown,vi-multimodel-expansion-v2,2,pilot_v2,pilot,mimo-v2-6-flash,MiMo V2.6 Flash,vi-multimodel-v2-vmlu-dev,VMLU-dev v2 pilot,pilot,subject,"(40, 'Criminal Law', 'Humanity')",local,complete_local_score,2,2,2,2,0,0,100,1,50.0,,,,,,,,,,,,,,,,,,,,,Group/subject breakdown from source summary.
breakdown,vi-multimodel-expansion-v2,2,pilot_v2,pilot,mimo-v2-6-flash,MiMo V2.6 Flash,vi-multimodel-v2-vmlu-dev,VMLU-dev v2 pilot,pilot,subject,"(41, 'Economic Law', 'Humanity')",local,complete_local_score,2,2,2,2,0,0,100,2,100.0,,,,,,,,,,,,,,,,,,,,,Group/subject breakdown from source summary.
breakdown,vi-multimodel-expansion-v2,2,pilot_v2,pilot,mimo-v2-6-flash,MiMo V2.6 Flash,vi-multimodel-v2-vmlu-dev,VMLU-dev v2 pilot,pilot,subject,"(42, 'Education Law', 'Humanity')",local,complete_local_score,2,2,2,2,0,0,100,2,100.0,,,,,,,,,,,,,,,,,,,,,Group/subject breakdown from source summary.
breakdown,vi-multimodel-expansion-v2,2,pilot_v2,pilot,mimo-v2-6-flash,MiMo V2.6 Flash,vi-multimodel-v2-vmlu-dev,VMLU-dev v2 pilot,pilot,subject,"(43, 'History of World Civilization', 'Humanity')",local,complete_local_score,1,1,1,1,0,0,100,1,100.0,,,,,,,,,,,,,,,,,,,,,Group/subject breakdown from source summary.
breakdown,vi-multimodel-expansion-v2,2,pilot_v2,pilot,mimo-v2-6-flash,MiMo V2.6 Flash,vi-multimodel-v2-vmlu-dev,VMLU-dev v2 pilot,pilot,subject,"(44, 'Idealogical and Moral Cultivation', 'Humanity')",local,complete_local_score,1,1,1,1,0,0,100,1,100.0,,,,,,,,,,,,,,,,,,,,,Group/subject breakdown from source summary.
breakdown,vi-multimodel-expansion-v2,2,pilot_v2,pilot,mimo-v2-6-flash,MiMo V2.6 Flash,vi-multimodel-v2-vmlu-dev,VMLU-dev v2 pilot,pilot,subject,"(45, 'Introduction to Laws', 'Humanity')",local,complete_local_score,1,1,1,1,0,0,100,0,0.0,,,,,,,,,,,,,,,,,,,,,Group/subject breakdown from source summary.
breakdown,vi-multimodel-expansion-v2,2,pilot_v2,pilot,mimo-v2-6-flash,MiMo V2.6 Flash,vi-multimodel-v2-vmlu-dev,VMLU-dev v2 pilot,pilot,subject,"(46, 'Introduction to Vietnam Culture', 'Humanity')",local,complete_local_score,1,1,1,1,0,0,100,1,100.0,,,,,,,,,,,,,,,,,,,,,Group/subject breakdown from source summary.
breakdown,vi-multimodel-expansion-v2,2,pilot_v2,pilot,mimo-v2-6-flash,MiMo V2.6 Flash,vi-multimodel-v2-vmlu-dev,VMLU-dev v2 pilot,pilot,subject,"(47, 'Logic', 'Humanity')",local,complete_local_score,1,1,1,1,0,0,100,0,0.0,,,,,,,,,,,,,,,,,,,,,Group/subject breakdown from source summary.
breakdown,vi-multimodel-expansion-v2,2,pilot_v2,pilot,mimo-v2-6-flash,MiMo V2.6 Flash,vi-multimodel-v2-vmlu-dev,VMLU-dev v2 pilot,pilot,subject,"(48, 'Revolutionary Policy of the Vietnamese Commununist Part', 'Humanity')",local,complete_local_score,1,1,1,1,0,0,100,1,100.0,,,,,,,,,,,,,,,,,,,,,Group/subject breakdown from source summary.
breakdown,vi-multimodel-expansion-v2,2,pilot_v2,pilot,mimo-v2-6-flash,MiMo V2.6 Flash,vi-multimodel-v2-vmlu-dev,VMLU-dev v2 pilot,pilot,subject,"(49, 'Vietnamese Language and Literature', 'Humanity')",local,complete_local_score,1,1,1,1,0,0,100,1,100.0,,,,,,,,,,,,,,,,,,,,,Group/subject breakdown from source summary.
breakdown,vi-multimodel-expansion-v2,2,pilot_v2,pilot,mimo-v2-6-flash,MiMo V2.6 Flash,vi-multimodel-v2-vmlu-dev,VMLU-dev v2 pilot,pilot,subject,"(5, 'Middle School Mathematics', 'STEM')",local,complete_local_score,2,2,2,2,0,0,100,1,50.0,,,,,,,,,,,,,,,,,,,,,Group/subject breakdown from source summary.
breakdown,vi-multimodel-expansion-v2,2,pilot_v2,pilot,mimo-v2-6-flash,MiMo V2.6 Flash,vi-multimodel-v2-vmlu-dev,VMLU-dev v2 pilot,pilot,subject,"(50, 'Accountant', 'Other')",local,complete_local_score,1,1,1,1,0,0,100,1,100.0,,,,,,,,,,,,,,,,,,,,,Group/subject breakdown from source summary.
breakdown,vi-multimodel-expansion-v2,2,pilot_v2,pilot,mimo-v2-6-flash,MiMo V2.6 Flash,vi-multimodel-v2-vmlu-dev,VMLU-dev v2 pilot,pilot,subject,"(51, 'Clinical Pharmacology', 'Other')",local,complete_local_score,1,1,1,1,0,0,100,1,100.0,,,,,,,,,,,,,,,,,,,,,Group/subject breakdown from source summary.
breakdown,vi-multimodel-expansion-v2,2,pilot_v2,pilot,mimo-v2-6-flash,MiMo V2.6 Flash,vi-multimodel-v2-vmlu-dev,VMLU-dev v2 pilot,pilot,subject,"(52, 'Environmental Engineering', 'Other')",local,complete_local_score,1,1,1,1,0,0,100,1,100.0,,,,,,,,,,,,,,,,,,,,,Group/subject breakdown from source summary.
breakdown,vi-multimodel-expansion-v2,2,pilot_v2,pilot,mimo-v2-6-flash,MiMo V2.6 Flash,vi-multimodel-v2-vmlu-dev,VMLU-dev v2 pilot,pilot,subject,"(53, 'Internal Basic Medicine', 'Other')",local,complete_local_score,1,1,1,1,0,0,100,1,100.0,,,,,,,,,,,,,,,,,,,,,Group/subject breakdown from source summary.
breakdown,vi-multimodel-expansion-v2,2,pilot_v2,pilot,mimo-v2-6-flash,MiMo V2.6 Flash,vi-multimodel-v2-vmlu-dev,VMLU-dev v2 pilot,pilot,subject,"(54, 'Preschool Pedagogy', 'Other')",local,complete_local_score,1,1,1,1,0,0,100,1,100.0,,,,,,,,,,,,,,,,,,,,,Group/subject breakdown from source summary.
breakdown,vi-multimodel-expansion-v2,2,pilot_v2,pilot,mimo-v2-6-flash,MiMo V2.6 Flash,vi-multimodel-v2-vmlu-dev,VMLU-dev v2 pilot,pilot,subject,"(55, 'Tax Accountant', 'Other')",local,complete_local_score,1,1,1,1,0,0,100,1,100.0,,,,,,,,,,,,,,,,,,,,,Group/subject breakdown from source summary.
breakdown,vi-multimodel-expansion-v2,2,pilot_v2,pilot,mimo-v2-6-flash,MiMo V2.6 Flash,vi-multimodel-v2-vmlu-dev,VMLU-dev v2 pilot,pilot,subject,"(56, 'Tax Civil Servant', 'Other')",local,complete_local_score,1,1,1,1,0,0,100,1,100.0,,,,,,,,,,,,,,,,,,,,,Group/subject breakdown from source summary.
breakdown,vi-multimodel-expansion-v2,2,pilot_v2,pilot,mimo-v2-6-flash,MiMo V2.6 Flash,vi-multimodel-v2-vmlu-dev,VMLU-dev v2 pilot,pilot,subject,"(57, 'Civil Servant', 'Other')",local,complete_local_score,1,1,1,1,0,0,100,1,100.0,,,,,,,,,,,,,,,,,,,,,Group/subject breakdown from source summary.
breakdown,vi-multimodel-expansion-v2,2,pilot_v2,pilot,mimo-v2-6-flash,MiMo V2.6 Flash,vi-multimodel-v2-vmlu-dev,VMLU-dev v2 pilot,pilot,subject,"(58, 'Driving License Certificate', 'Other')",local,complete_local_score,1,1,1,1,0,0,100,1,100.0,,,,,,,,,,,,,,,,,,,,,Group/subject breakdown from source summary.
breakdown,vi-multimodel-expansion-v2,2,pilot_v2,pilot,mimo-v2-6-flash,MiMo V2.6 Flash,vi-multimodel-v2-vmlu-dev,VMLU-dev v2 pilot,pilot,subject,"(6, 'Middle School Physics', 'STEM')",local,complete_local_score,2,2,2,2,0,0,100,2,100.0,,,,,,,,,,,,,,,,,,,,,Group/subject breakdown from source summary.
breakdown,vi-multimodel-expansion-v2,2,pilot_v2,pilot,mimo-v2-6-flash,MiMo V2.6 Flash,vi-multimodel-v2-vmlu-dev,VMLU-dev v2 pilot,pilot,subject,"(7, 'High School Biology', 'STEM')",local,complete_local_score,2,2,2,2,0,0,100,1,50.0,,,,,,,,,,,,,,,,,,,,,Group/subject breakdown from source summary.
breakdown,vi-multimodel-expansion-v2,2,pilot_v2,pilot,mimo-v2-6-flash,MiMo V2.6 Flash,vi-multimodel-v2-vmlu-dev,VMLU-dev v2 pilot,pilot,subject,"(8, 'High School Chemistry', 'STEM')",local,complete_local_score,2,2,2,2,0,0,100,2,100.0,,,,,,,,,,,,,,,,,,,,,Group/subject breakdown from source summary.
breakdown,vi-multimodel-expansion-v2,2,pilot_v2,pilot,mimo-v2-6-flash,MiMo V2.6 Flash,vi-multimodel-v2-vmlu-dev,VMLU-dev v2 pilot,pilot,subject,"(9, 'High School Mathematics', 'STEM')",local,complete_local_score,2,2,2,2,0,0,100,2,100.0,,,,,,,,,,,,,,,,,,,,,Group/subject breakdown from source summary.
dataset,vi-multimodel-expansion-v2,2,pilot_v2,pilot,mimo-v2-5,MiMo V2.5,vi-multimodel-v2-pilot-agentic-synthetic,Synthetic agentic pilot,synthetic_agentic,,,local,complete_local_score,80,80,80,80,0,0,100.0,60,75.0,,64.51532538076601,83.19376814245761,,,,,,,73,91.25,0,7,7.329,10.1947,0,10,,100.0,,Pilot diagnostic; synthetic agentic is not official V-Bench.
dataset,vi-multimodel-expansion-v2,2,pilot_v2,pilot,mimo-v2-5,MiMo V2.5,vi-multimodel-v2-vmlu-dev,VMLU-dev v2 pilot,dev,,,local,complete_local_score,100,100,100,100,0,0,100.0,87,87.0,,79.01964855992357,92.24283257275948,,,,,,,99,99.0,1,1,8.0747,17.12,0,10,,80.0,,Pilot diagnostic; synthetic agentic is not official V-Bench.
phase_summary,vi-multimodel-expansion-v2,2,pilot_v2,pilot,mimo-v2-5,MiMo V2.5,pilot_all,pilot phase total,,,,,complete,180,180,200,200,0,0,100.0,,,,,,,,,,,,,,1,,,,20,,,,,180 unique items plus 20 repeat requests; pilot only.
breakdown,vi-multimodel-expansion-v2,2,pilot_v2,pilot,mimo-v2-5,MiMo V2.5,vi-multimodel-v2-vmlu-dev,VMLU-dev v2 pilot,pilot,subject,"(1, 'Elementary Mathematics', 'STEM')",local,complete_local_score,2,2,2,2,0,0,100,2,100.0,,,,,,,,,,,,,,,,,,,,,Group/subject breakdown from source summary.
breakdown,vi-multimodel-expansion-v2,2,pilot_v2,pilot,mimo-v2-5,MiMo V2.5,vi-multimodel-v2-vmlu-dev,VMLU-dev v2 pilot,pilot,subject,"(10, 'High School Physics', 'STEM')",local,complete_local_score,2,2,2,2,0,0,100,2,100.0,,,,,,,,,,,,,,,,,,,,,Group/subject breakdown from source summary.
breakdown,vi-multimodel-expansion-v2,2,pilot_v2,pilot,mimo-v2-5,MiMo V2.5,vi-multimodel-v2-vmlu-dev,VMLU-dev v2 pilot,pilot,subject,"(11, 'Applied Informatics', 'STEM')",local,complete_local_score,2,2,2,2,0,0,100,2,100.0,,,,,,,,,,,,,,,,,,,,,Group/subject breakdown from source summary.
breakdown,vi-multimodel-expansion-v2,2,pilot_v2,pilot,mimo-v2-5,MiMo V2.5,vi-multimodel-v2-vmlu-dev,VMLU-dev v2 pilot,pilot,subject,"(12, 'Computer Architecture', 'STEM')",local,complete_local_score,2,2,2,2,0,0,100,2,100.0,,,,,,,,,,,,,,,,,,,,,Group/subject breakdown from source summary.
breakdown,vi-multimodel-expansion-v2,2,pilot_v2,pilot,mimo-v2-5,MiMo V2.5,vi-multimodel-v2-vmlu-dev,VMLU-dev v2 pilot,pilot,subject,"(13, 'Computer Network', 'STEM')",local,complete_local_score,2,2,2,2,0,0,100,2,100.0,,,,,,,,,,,,,,,,,,,,,Group/subject breakdown from source summary.
breakdown,vi-multimodel-expansion-v2,2,pilot_v2,pilot,mimo-v2-5,MiMo V2.5,vi-multimodel-v2-vmlu-dev,VMLU-dev v2 pilot,pilot,subject,"(14, 'Discrete Mathematics', 'STEM')",local,complete_local_score,2,2,2,2,0,0,100,2,100.0,,,,,,,,,,,,,,,,,,,,,Group/subject breakdown from source summary.
breakdown,vi-multimodel-expansion-v2,2,pilot_v2,pilot,mimo-v2-5,MiMo V2.5,vi-multimodel-v2-vmlu-dev,VMLU-dev v2 pilot,pilot,subject,"(15, 'Electrical Engineering', 'STEM')",local,complete_local_score,2,2,2,2,0,0,100,2,100.0,,,,,,,,,,,,,,,,,,,,,Group/subject breakdown from source summary.
breakdown,vi-multimodel-expansion-v2,2,pilot_v2,pilot,mimo-v2-5,MiMo V2.5,vi-multimodel-v2-vmlu-dev,VMLU-dev v2 pilot,pilot,subject,"(16, 'Introduction to Chemistry', 'STEM')",local,complete_local_score,2,2,2,2,0,0,100,2,100.0,,,,,,,,,,,,,,,,,,,,,Group/subject breakdown from source summary.
breakdown,vi-multimodel-expansion-v2,2,pilot_v2,pilot,mimo-v2-5,MiMo V2.5,vi-multimodel-v2-vmlu-dev,VMLU-dev v2 pilot,pilot,subject,"(17, 'Introduction to Physics', 'STEM')",local,complete_local_score,2,2,2,2,0,0,100,2,100.0,,,,,,,,,,,,,,,,,,,,,Group/subject breakdown from source summary.
breakdown,vi-multimodel-expansion-v2,2,pilot_v2,pilot,mimo-v2-5,MiMo V2.5,vi-multimodel-v2-vmlu-dev,VMLU-dev v2 pilot,pilot,subject,"(18, 'Introduction to Programming', 'STEM')",local,complete_local_score,2,2,2,2,0,0,100,2,100.0,,,,,,,,,,,,,,,,,,,,,Group/subject breakdown from source summary.
breakdown,vi-multimodel-expansion-v2,2,pilot_v2,pilot,mimo-v2-5,MiMo V2.5,vi-multimodel-v2-vmlu-dev,VMLU-dev v2 pilot,pilot,subject,"(19, 'Metrology Engineer', 'STEM')",local,complete_local_score,2,2,2,2,0,0,100,2,100.0,,,,,,,,,,,,,,,,,,,,,Group/subject breakdown from source summary.
breakdown,vi-multimodel-expansion-v2,2,pilot_v2,pilot,mimo-v2-5,MiMo V2.5,vi-multimodel-v2-vmlu-dev,VMLU-dev v2 pilot,pilot,subject,"(2, 'Elementary Science', 'STEM')",local,complete_local_score,2,2,2,2,0,0,100,2,100.0,,,,,,,,,,,,,,,,,,,,,Group/subject breakdown from source summary.
breakdown,vi-multimodel-expansion-v2,2,pilot_v2,pilot,mimo-v2-5,MiMo V2.5,vi-multimodel-v2-vmlu-dev,VMLU-dev v2 pilot,pilot,subject,"(20, 'Operating System', 'STEM')",local,complete_local_score,2,2,2,2,0,0,100,2,100.0,,,,,,,,,,,,,,,,,,,,,Group/subject breakdown from source summary.
breakdown,vi-multimodel-expansion-v2,2,pilot_v2,pilot,mimo-v2-5,MiMo V2.5,vi-multimodel-v2-vmlu-dev,VMLU-dev v2 pilot,pilot,subject,"(21, 'Statistics and Probability', 'STEM')",local,complete_local_score,2,2,2,2,0,0,100,2,100.0,,,,,,,,,,,,,,,,,,,,,Group/subject breakdown from source summary.
breakdown,vi-multimodel-expansion-v2,2,pilot_v2,pilot,mimo-v2-5,MiMo V2.5,vi-multimodel-v2-vmlu-dev,VMLU-dev v2 pilot,pilot,subject,"(22, 'Middle School Civil Education', 'Social Science')",local,complete_local_score,2,2,2,2,0,0,100,2,100.0,,,,,,,,,,,,,,,,,,,,,Group/subject breakdown from source summary.
breakdown,vi-multimodel-expansion-v2,2,pilot_v2,pilot,mimo-v2-5,MiMo V2.5,vi-multimodel-v2-vmlu-dev,VMLU-dev v2 pilot,pilot,subject,"(23, 'Middle School Geography', 'Social Science')",local,complete_local_score,2,2,2,2,0,0,100,1,50.0,,,,,,,,,,,,,,,,,,,,,Group/subject breakdown from source summary.
breakdown,vi-multimodel-expansion-v2,2,pilot_v2,pilot,mimo-v2-5,MiMo V2.5,vi-multimodel-v2-vmlu-dev,VMLU-dev v2 pilot,pilot,subject,"(24, 'High School Civil Education', 'Social Science')",local,complete_local_score,2,2,2,2,0,0,100,2,100.0,,,,,,,,,,,,,,,,,,,,,Group/subject breakdown from source summary.
breakdown,vi-multimodel-expansion-v2,2,pilot_v2,pilot,mimo-v2-5,MiMo V2.5,vi-multimodel-v2-vmlu-dev,VMLU-dev v2 pilot,pilot,subject,"(25, 'High School Geography', 'Social Science')",local,complete_local_score,2,2,2,2,0,0,100,2,100.0,,,,,,,,,,,,,,,,,,,,,Group/subject breakdown from source summary.
breakdown,vi-multimodel-expansion-v2,2,pilot_v2,pilot,mimo-v2-5,MiMo V2.5,vi-multimodel-v2-vmlu-dev,VMLU-dev v2 pilot,pilot,subject,"(26, 'Business Administration', 'Social Science')",local,complete_local_score,2,2,2,2,0,0,100,2,100.0,,,,,,,,,,,,,,,,,,,,,Group/subject breakdown from source summary.
breakdown,vi-multimodel-expansion-v2,2,pilot_v2,pilot,mimo-v2-5,MiMo V2.5,vi-multimodel-v2-vmlu-dev,VMLU-dev v2 pilot,pilot,subject,"(27, 'Ho Chi Minh Ideology', 'Social Science')",local,complete_local_score,2,2,2,2,0,0,100,2,100.0,,,,,,,,,,,,,,,,,,,,,Group/subject breakdown from source summary.
breakdown,vi-multimodel-expansion-v2,2,pilot_v2,pilot,mimo-v2-5,MiMo V2.5,vi-multimodel-v2-vmlu-dev,VMLU-dev v2 pilot,pilot,subject,"(28, 'Macroeconomics', 'Social Science')",local,complete_local_score,2,2,2,2,0,0,100,2,100.0,,,,,,,,,,,,,,,,,,,,,Group/subject breakdown from source summary.
breakdown,vi-multimodel-expansion-v2,2,pilot_v2,pilot,mimo-v2-5,MiMo V2.5,vi-multimodel-v2-vmlu-dev,VMLU-dev v2 pilot,pilot,subject,"(29, 'Microeconomics', 'Social Science')",local,complete_local_score,2,2,2,2,0,0,100,2,100.0,,,,,,,,,,,,,,,,,,,,,Group/subject breakdown from source summary.
breakdown,vi-multimodel-expansion-v2,2,pilot_v2,pilot,mimo-v2-5,MiMo V2.5,vi-multimodel-v2-vmlu-dev,VMLU-dev v2 pilot,pilot,subject,"(3, 'Middle School Biology', 'STEM')",local,complete_local_score,2,2,2,2,0,0,100,2,100.0,,,,,,,,,,,,,,,,,,,,,Group/subject breakdown from source summary.
breakdown,vi-multimodel-expansion-v2,2,pilot_v2,pilot,mimo-v2-5,MiMo V2.5,vi-multimodel-v2-vmlu-dev,VMLU-dev v2 pilot,pilot,subject,"(30, 'Principles of Marxism and Leninism', 'Social Science')",local,complete_local_score,2,2,2,2,0,0,100,1,50.0,,,,,,,,,,,,,,,,,,,,,Group/subject breakdown from source summary.
breakdown,vi-multimodel-expansion-v2,2,pilot_v2,pilot,mimo-v2-5,MiMo V2.5,vi-multimodel-v2-vmlu-dev,VMLU-dev v2 pilot,pilot,subject,"(31, 'Sociology', 'Social Science')",local,complete_local_score,2,2,2,2,0,0,100,2,100.0,,,,,,,,,,,,,,,,,,,,,Group/subject breakdown from source summary.
breakdown,vi-multimodel-expansion-v2,2,pilot_v2,pilot,mimo-v2-5,MiMo V2.5,vi-multimodel-v2-vmlu-dev,VMLU-dev v2 pilot,pilot,subject,"(32, 'Elementary History', 'Humanity')",local,complete_local_score,2,2,2,2,0,0,100,2,100.0,,,,,,,,,,,,,,,,,,,,,Group/subject breakdown from source summary.
breakdown,vi-multimodel-expansion-v2,2,pilot_v2,pilot,mimo-v2-5,MiMo V2.5,vi-multimodel-v2-vmlu-dev,VMLU-dev v2 pilot,pilot,subject,"(33, 'Middle School History', 'Humanity')",local,complete_local_score,2,2,2,2,0,0,100,2,100.0,,,,,,,,,,,,,,,,,,,,,Group/subject breakdown from source summary.
breakdown,vi-multimodel-expansion-v2,2,pilot_v2,pilot,mimo-v2-5,MiMo V2.5,vi-multimodel-v2-vmlu-dev,VMLU-dev v2 pilot,pilot,subject,"(34, 'Middle School Literature', 'Humanity')",local,complete_local_score,2,2,2,2,0,0,100,2,100.0,,,,,,,,,,,,,,,,,,,,,Group/subject breakdown from source summary.
breakdown,vi-multimodel-expansion-v2,2,pilot_v2,pilot,mimo-v2-5,MiMo V2.5,vi-multimodel-v2-vmlu-dev,VMLU-dev v2 pilot,pilot,subject,"(35, 'High School History', 'Humanity')",local,complete_local_score,2,2,2,2,0,0,100,2,100.0,,,,,,,,,,,,,,,,,,,,,Group/subject breakdown from source summary.
breakdown,vi-multimodel-expansion-v2,2,pilot_v2,pilot,mimo-v2-5,MiMo V2.5,vi-multimodel-v2-vmlu-dev,VMLU-dev v2 pilot,pilot,subject,"(36, 'High School Literature', 'Humanity')",local,complete_local_score,2,2,2,2,0,0,100,0,0.0,,,,,,,,,,,,,,,,,,,,,Group/subject breakdown from source summary.
breakdown,vi-multimodel-expansion-v2,2,pilot_v2,pilot,mimo-v2-5,MiMo V2.5,vi-multimodel-v2-vmlu-dev,VMLU-dev v2 pilot,pilot,subject,"(37, 'Administrative Law', 'Humanity')",local,complete_local_score,2,2,2,2,0,0,100,2,100.0,,,,,,,,,,,,,,,,,,,,,Group/subject breakdown from source summary.
breakdown,vi-multimodel-expansion-v2,2,pilot_v2,pilot,mimo-v2-5,MiMo V2.5,vi-multimodel-v2-vmlu-dev,VMLU-dev v2 pilot,pilot,subject,"(38, 'Business Law', 'Humanity')",local,complete_local_score,2,2,2,2,0,0,100,0,0.0,,,,,,,,,,,,,,,,,,,,,Group/subject breakdown from source summary.
breakdown,vi-multimodel-expansion-v2,2,pilot_v2,pilot,mimo-v2-5,MiMo V2.5,vi-multimodel-v2-vmlu-dev,VMLU-dev v2 pilot,pilot,subject,"(39, 'Civil Law', 'Humanity')",local,complete_local_score,2,2,2,2,0,0,100,2,100.0,,,,,,,,,,,,,,,,,,,,,Group/subject breakdown from source summary.
breakdown,vi-multimodel-expansion-v2,2,pilot_v2,pilot,mimo-v2-5,MiMo V2.5,vi-multimodel-v2-vmlu-dev,VMLU-dev v2 pilot,pilot,subject,"(4, 'Middle School Chemistry', 'STEM')",local,complete_local_score,2,2,2,2,0,0,100,2,100.0,,,,,,,,,,,,,,,,,,,,,Group/subject breakdown from source summary.
breakdown,vi-multimodel-expansion-v2,2,pilot_v2,pilot,mimo-v2-5,MiMo V2.5,vi-multimodel-v2-vmlu-dev,VMLU-dev v2 pilot,pilot,subject,"(40, 'Criminal Law', 'Humanity')",local,complete_local_score,2,2,2,2,0,0,100,1,50.0,,,,,,,,,,,,,,,,,,,,,Group/subject breakdown from source summary.
breakdown,vi-multimodel-expansion-v2,2,pilot_v2,pilot,mimo-v2-5,MiMo V2.5,vi-multimodel-v2-vmlu-dev,VMLU-dev v2 pilot,pilot,subject,"(41, 'Economic Law', 'Humanity')",local,complete_local_score,2,2,2,2,0,0,100,2,100.0,,,,,,,,,,,,,,,,,,,,,Group/subject breakdown from source summary.
breakdown,vi-multimodel-expansion-v2,2,pilot_v2,pilot,mimo-v2-5,MiMo V2.5,vi-multimodel-v2-vmlu-dev,VMLU-dev v2 pilot,pilot,subject,"(42, 'Education Law', 'Humanity')",local,complete_local_score,2,2,2,2,0,0,100,1,50.0,,,,,,,,,,,,,,,,,,,,,Group/subject breakdown from source summary.
breakdown,vi-multimodel-expansion-v2,2,pilot_v2,pilot,mimo-v2-5,MiMo V2.5,vi-multimodel-v2-vmlu-dev,VMLU-dev v2 pilot,pilot,subject,"(43, 'History of World Civilization', 'Humanity')",local,complete_local_score,1,1,1,1,0,0,100,1,100.0,,,,,,,,,,,,,,,,,,,,,Group/subject breakdown from source summary.
breakdown,vi-multimodel-expansion-v2,2,pilot_v2,pilot,mimo-v2-5,MiMo V2.5,vi-multimodel-v2-vmlu-dev,VMLU-dev v2 pilot,pilot,subject,"(44, 'Idealogical and Moral Cultivation', 'Humanity')",local,complete_local_score,1,1,1,1,0,0,100,1,100.0,,,,,,,,,,,,,,,,,,,,,Group/subject breakdown from source summary.
breakdown,vi-multimodel-expansion-v2,2,pilot_v2,pilot,mimo-v2-5,MiMo V2.5,vi-multimodel-v2-vmlu-dev,VMLU-dev v2 pilot,pilot,subject,"(45, 'Introduction to Laws', 'Humanity')",local,complete_local_score,1,1,1,1,0,0,100,1,100.0,,,,,,,,,,,,,,,,,,,,,Group/subject breakdown from source summary.
breakdown,vi-multimodel-expansion-v2,2,pilot_v2,pilot,mimo-v2-5,MiMo V2.5,vi-multimodel-v2-vmlu-dev,VMLU-dev v2 pilot,pilot,subject,"(46, 'Introduction to Vietnam Culture', 'Humanity')",local,complete_local_score,1,1,1,1,0,0,100,1,100.0,,,,,,,,,,,,,,,,,,,,,Group/subject breakdown from source summary.
breakdown,vi-multimodel-expansion-v2,2,pilot_v2,pilot,mimo-v2-5,MiMo V2.5,vi-multimodel-v2-vmlu-dev,VMLU-dev v2 pilot,pilot,subject,"(47, 'Logic', 'Humanity')",local,complete_local_score,1,1,1,1,0,0,100,0,0.0,,,,,,,,,,,,,,,,,,,,,Group/subject breakdown from source summary.
breakdown,vi-multimodel-expansion-v2,2,pilot_v2,pilot,mimo-v2-5,MiMo V2.5,vi-multimodel-v2-vmlu-dev,VMLU-dev v2 pilot,pilot,subject,"(48, 'Revolutionary Policy of the Vietnamese Commununist Part', 'Humanity')",local,complete_local_score,1,1,1,1,0,0,100,1,100.0,,,,,,,,,,,,,,,,,,,,,Group/subject breakdown from source summary.
breakdown,vi-multimodel-expansion-v2,2,pilot_v2,pilot,mimo-v2-5,MiMo V2.5,vi-multimodel-v2-vmlu-dev,VMLU-dev v2 pilot,pilot,subject,"(49, 'Vietnamese Language and Literature', 'Humanity')",local,complete_local_score,1,1,1,1,0,0,100,1,100.0,,,,,,,,,,,,,,,,,,,,,Group/subject breakdown from source summary.
breakdown,vi-multimodel-expansion-v2,2,pilot_v2,pilot,mimo-v2-5,MiMo V2.5,vi-multimodel-v2-vmlu-dev,VMLU-dev v2 pilot,pilot,subject,"(5, 'Middle School Mathematics', 'STEM')",local,complete_local_score,2,2,2,2,0,0,100,1,50.0,,,,,,,,,,,,,,,,,,,,,Group/subject breakdown from source summary.
breakdown,vi-multimodel-expansion-v2,2,pilot_v2,pilot,mimo-v2-5,MiMo V2.5,vi-multimodel-v2-vmlu-dev,VMLU-dev v2 pilot,pilot,subject,"(50, 'Accountant', 'Other')",local,complete_local_score,1,1,1,1,0,0,100,0,0.0,,,,,,,,,,,,,,,,,,,,,Group/subject breakdown from source summary.
breakdown,vi-multimodel-expansion-v2,2,pilot_v2,pilot,mimo-v2-5,MiMo V2.5,vi-multimodel-v2-vmlu-dev,VMLU-dev v2 pilot,pilot,subject,"(51, 'Clinical Pharmacology', 'Other')",local,complete_local_score,1,1,1,1,0,0,100,1,100.0,,,,,,,,,,,,,,,,,,,,,Group/subject breakdown from source summary.
breakdown,vi-multimodel-expansion-v2,2,pilot_v2,pilot,mimo-v2-5,MiMo V2.5,vi-multimodel-v2-vmlu-dev,VMLU-dev v2 pilot,pilot,subject,"(52, 'Environmental Engineering', 'Other')",local,complete_local_score,1,1,1,1,0,0,100,1,100.0,,,,,,,,,,,,,,,,,,,,,Group/subject breakdown from source summary.
breakdown,vi-multimodel-expansion-v2,2,pilot_v2,pilot,mimo-v2-5,MiMo V2.5,vi-multimodel-v2-vmlu-dev,VMLU-dev v2 pilot,pilot,subject,"(53, 'Internal Basic Medicine', 'Other')",local,complete_local_score,1,1,1,1,0,0,100,0,0.0,,,,,,,,,,,,,,,,,,,,,Group/subject breakdown from source summary.
breakdown,vi-multimodel-expansion-v2,2,pilot_v2,pilot,mimo-v2-5,MiMo V2.5,vi-multimodel-v2-vmlu-dev,VMLU-dev v2 pilot,pilot,subject,"(54, 'Preschool Pedagogy', 'Other')",local,complete_local_score,1,1,1,1,0,0,100,1,100.0,,,,,,,,,,,,,,,,,,,,,Group/subject breakdown from source summary.
breakdown,vi-multimodel-expansion-v2,2,pilot_v2,pilot,mimo-v2-5,MiMo V2.5,vi-multimodel-v2-vmlu-dev,VMLU-dev v2 pilot,pilot,subject,"(55, 'Tax Accountant', 'Other')",local,complete_local_score,1,1,1,1,0,0,100,1,100.0,,,,,,,,,,,,,,,,,,,,,Group/subject breakdown from source summary.
breakdown,vi-multimodel-expansion-v2,2,pilot_v2,pilot,mimo-v2-5,MiMo V2.5,vi-multimodel-v2-vmlu-dev,VMLU-dev v2 pilot,pilot,subject,"(56, 'Tax Civil Servant', 'Other')",local,complete_local_score,1,1,1,1,0,0,100,1,100.0,,,,,,,,,,,,,,,,,,,,,Group/subject breakdown from source summary.
breakdown,vi-multimodel-expansion-v2,2,pilot_v2,pilot,mimo-v2-5,MiMo V2.5,vi-multimodel-v2-vmlu-dev,VMLU-dev v2 pilot,pilot,subject,"(57, 'Civil Servant', 'Other')",local,complete_local_score,1,1,1,1,0,0,100,1,100.0,,,,,,,,,,,,,,,,,,,,,Group/subject breakdown from source summary.
breakdown,vi-multimodel-expansion-v2,2,pilot_v2,pilot,mimo-v2-5,MiMo V2.5,vi-multimodel-v2-vmlu-dev,VMLU-dev v2 pilot,pilot,subject,"(58, 'Driving License Certificate', 'Other')",local,complete_local_score,1,1,1,1,0,0,100,1,100.0,,,,,,,,,,,,,,,,,,,,,Group/subject breakdown from source summary.
breakdown,vi-multimodel-expansion-v2,2,pilot_v2,pilot,mimo-v2-5,MiMo V2.5,vi-multimodel-v2-vmlu-dev,VMLU-dev v2 pilot,pilot,subject,"(6, 'Middle School Physics', 'STEM')",local,complete_local_score,2,2,2,2,0,0,100,2,100.0,,,,,,,,,,,,,,,,,,,,,Group/subject breakdown from source summary.
breakdown,vi-multimodel-expansion-v2,2,pilot_v2,pilot,mimo-v2-5,MiMo V2.5,vi-multimodel-v2-vmlu-dev,VMLU-dev v2 pilot,pilot,subject,"(7, 'High School Biology', 'STEM')",local,complete_local_score,2,2,2,2,0,0,100,2,100.0,,,,,,,,,,,,,,,,,,,,,Group/subject breakdown from source summary.
breakdown,vi-multimodel-expansion-v2,2,pilot_v2,pilot,mimo-v2-5,MiMo V2.5,vi-multimodel-v2-vmlu-dev,VMLU-dev v2 pilot,pilot,subject,"(8, 'High School Chemistry', 'STEM')",local,complete_local_score,2,2,2,2,0,0,100,2,100.0,,,,,,,,,,,,,,,,,,,,,Group/subject breakdown from source summary.
breakdown,vi-multimodel-expansion-v2,2,pilot_v2,pilot,mimo-v2-5,MiMo V2.5,vi-multimodel-v2-vmlu-dev,VMLU-dev v2 pilot,pilot,subject,"(9, 'High School Mathematics', 'STEM')",local,complete_local_score,2,2,2,2,0,0,100,1,50.0,,,,,,,,,,,,,,,,,,,,,Group/subject breakdown from source summary.
dataset,vi-multimodel-expansion-v2,2,vmlu_v2,vmlu,muse-spark-1-3-contributor,Muse Spark 1.3 Contributor,vi-multimodel-v2-vmlu-dev,VMLU Dev v2,dev,,,local,complete_local_score,303,303,303,303,0,0,100.0,276,91.09,,87.34570656297616,93.80369252963658,,,,,,,302,99.67,1,1,6.9575,10.835,0,0,,,,
dataset,vi-multimodel-expansion-v2,2,vmlu_v2,vmlu,muse-spark-1-3-contributor,Muse Spark 1.3 Contributor,vi-multimodel-v2-vmlu-test,VMLU Test v2,test,,,withheld,server_scored_user_provided,9833,9833,9833,9833,0,0,100.0,,,87.04,,,,,,,,,9701,98.66,123,,8.2549,15.573,0,0,,,User-provided VMLU server result JSON,"All 9,833 inference requests complete; user-provided server score 87.04%. Gold remains withheld locally; parse-valid is diagnostic only."
dataset,vi-multimodel-expansion-v2,2,vmlu_v2,vmlu,muse-spark-1-3-contributor,Muse Spark 1.3 Contributor,vi-multimodel-v2-vmlu-valid,VMLU Valid v2,valid,,,local,complete_local_score,744,744,744,744,0,0,100.0,678,91.13,,88.86906154591617,92.96646559443404,,,,,,,741,99.6,2,3,7.796,13.2724,0,0,,,,
phase_summary,vi-multimodel-expansion-v2,2,vmlu_v2,vmlu,muse-spark-1-3-contributor,Muse Spark 1.3 Contributor,vmlu_all,vmlu phase total,,,,,complete,10880,10880,10880,10880,0,0,100.0,,,,,,,,,,,,,,126,,,,0,,,,,"10,880 items complete; test accuracy awaits server grading."
dataset,vi-multimodel-expansion-v2,2,vmlu_v2,vmlu,muse-spark-1-3-contributor,Muse Spark 1.3 Contributor,vmlu_local_dev_valid,VMLU Dev + Valid local-gold aggregate,dev+valid,,,local,scored,1047,1047,1047,1047,0,0,100,954,91.12,,89.2405,92.6938,,,,,,,1043,99.62,3,4,,,,,,,,"Pooled dev+valid by sample count, not an unweighted mean."
breakdown,vi-multimodel-expansion-v2,2,vmlu_v2,vmlu,muse-spark-1-3-contributor,Muse Spark 1.3 Contributor,vi-multimodel-v2-vmlu-dev,VMLU Dev v2,vmlu,subject,"(1, 'Elementary Mathematics', 'STEM')",local,complete_local_score,6,6,6,6,0,0,100,5,83.33,,,,,,,,,,,,,,,,,,,,,Group/subject breakdown from source summary.
breakdown,vi-multimodel-expansion-v2,2,vmlu_v2,vmlu,muse-spark-1-3-contributor,Muse Spark 1.3 Contributor,vi-multimodel-v2-vmlu-dev,VMLU Dev v2,vmlu,subject,"(10, 'High School Physics', 'STEM')",local,complete_local_score,6,6,6,6,0,0,100,6,100.0,,,,,,,,,,,,,,,,,,,,,Group/subject breakdown from source summary.
breakdown,vi-multimodel-expansion-v2,2,vmlu_v2,vmlu,muse-spark-1-3-contributor,Muse Spark 1.3 Contributor,vi-multimodel-v2-vmlu-dev,VMLU Dev v2,vmlu,subject,"(11, 'Applied Informatics', 'STEM')",local,complete_local_score,6,6,6,6,0,0,100,6,100.0,,,,,,,,,,,,,,,,,,,,,Group/subject breakdown from source summary.
breakdown,vi-multimodel-expansion-v2,2,vmlu_v2,vmlu,muse-spark-1-3-contributor,Muse Spark 1.3 Contributor,vi-multimodel-v2-vmlu-dev,VMLU Dev v2,vmlu,subject,"(12, 'Computer Architecture', 'STEM')",local,complete_local_score,6,6,6,6,0,0,100,5,83.33,,,,,,,,,,,,,,,,,,,,,Group/subject breakdown from source summary.
breakdown,vi-multimodel-expansion-v2,2,vmlu_v2,vmlu,muse-spark-1-3-contributor,Muse Spark 1.3 Contributor,vi-multimodel-v2-vmlu-dev,VMLU Dev v2,vmlu,subject,"(13, 'Computer Network', 'STEM')",local,complete_local_score,5,5,5,5,0,0,100,5,100.0,,,,,,,,,,,,,,,,,,,,,Group/subject breakdown from source summary.
breakdown,vi-multimodel-expansion-v2,2,vmlu_v2,vmlu,muse-spark-1-3-contributor,Muse Spark 1.3 Contributor,vi-multimodel-v2-vmlu-dev,VMLU Dev v2,vmlu,subject,"(14, 'Discrete Mathematics', 'STEM')",local,complete_local_score,5,5,5,5,0,0,100,5,100.0,,,,,,,,,,,,,,,,,,,,,Group/subject breakdown from source summary.
breakdown,vi-multimodel-expansion-v2,2,vmlu_v2,vmlu,muse-spark-1-3-contributor,Muse Spark 1.3 Contributor,vi-multimodel-v2-vmlu-dev,VMLU Dev v2,vmlu,subject,"(15, 'Electrical Engineering', 'STEM')",local,complete_local_score,5,5,5,5,0,0,100,5,100.0,,,,,,,,,,,,,,,,,,,,,Group/subject breakdown from source summary.
breakdown,vi-multimodel-expansion-v2,2,vmlu_v2,vmlu,muse-spark-1-3-contributor,Muse Spark 1.3 Contributor,vi-multimodel-v2-vmlu-dev,VMLU Dev v2,vmlu,subject,"(16, 'Introduction to Chemistry', 'STEM')",local,complete_local_score,5,5,5,5,0,0,100,5,100.0,,,,,,,,,,,,,,,,,,,,,Group/subject breakdown from source summary.
breakdown,vi-multimodel-expansion-v2,2,vmlu_v2,vmlu,muse-spark-1-3-contributor,Muse Spark 1.3 Contributor,vi-multimodel-v2-vmlu-dev,VMLU Dev v2,vmlu,subject,"(17, 'Introduction to Physics', 'STEM')",local,complete_local_score,5,5,5,5,0,0,100,5,100.0,,,,,,,,,,,,,,,,,,,,,Group/subject breakdown from source summary.
breakdown,vi-multimodel-expansion-v2,2,vmlu_v2,vmlu,muse-spark-1-3-contributor,Muse Spark 1.3 Contributor,vi-multimodel-v2-vmlu-dev,VMLU Dev v2,vmlu,subject,"(18, 'Introduction to Programming', 'STEM')",local,complete_local_score,5,5,5,5,0,0,100,4,80.0,,,,,,,,,,,,,,,,,,,,,Group/subject breakdown from source summary.
breakdown,vi-multimodel-expansion-v2,2,vmlu_v2,vmlu,muse-spark-1-3-contributor,Muse Spark 1.3 Contributor,vi-multimodel-v2-vmlu-dev,VMLU Dev v2,vmlu,subject,"(19, 'Metrology Engineer', 'STEM')",local,complete_local_score,4,4,4,4,0,0,100,4,100.0,,,,,,,,,,,,,,,,,,,,,Group/subject breakdown from source summary.
breakdown,vi-multimodel-expansion-v2,2,vmlu_v2,vmlu,muse-spark-1-3-contributor,Muse Spark 1.3 Contributor,vi-multimodel-v2-vmlu-dev,VMLU Dev v2,vmlu,subject,"(2, 'Elementary Science', 'STEM')",local,complete_local_score,6,6,6,6,0,0,100,5,83.33,,,,,,,,,,,,,,,,,,,,,Group/subject breakdown from source summary.
breakdown,vi-multimodel-expansion-v2,2,vmlu_v2,vmlu,muse-spark-1-3-contributor,Muse Spark 1.3 Contributor,vi-multimodel-v2-vmlu-dev,VMLU Dev v2,vmlu,subject,"(20, 'Operating System', 'STEM')",local,complete_local_score,6,6,6,6,0,0,100,6,100.0,,,,,,,,,,,,,,,,,,,,,Group/subject breakdown from source summary.
breakdown,vi-multimodel-expansion-v2,2,vmlu_v2,vmlu,muse-spark-1-3-contributor,Muse Spark 1.3 Contributor,vi-multimodel-v2-vmlu-dev,VMLU Dev v2,vmlu,subject,"(21, 'Statistics and Probability', 'STEM')",local,complete_local_score,5,5,5,5,0,0,100,5,100.0,,,,,,,,,,,,,,,,,,,,,Group/subject breakdown from source summary.
breakdown,vi-multimodel-expansion-v2,2,vmlu_v2,vmlu,muse-spark-1-3-contributor,Muse Spark 1.3 Contributor,vi-multimodel-v2-vmlu-dev,VMLU Dev v2,vmlu,subject,"(22, 'Middle School Civil Education', 'Social Science')",local,complete_local_score,5,5,5,5,0,0,100,5,100.0,,,,,,,,,,,,,,,,,,,,,Group/subject breakdown from source summary.
breakdown,vi-multimodel-expansion-v2,2,vmlu_v2,vmlu,muse-spark-1-3-contributor,Muse Spark 1.3 Contributor,vi-multimodel-v2-vmlu-dev,VMLU Dev v2,vmlu,subject,"(23, 'Middle School Geography', 'Social Science')",local,complete_local_score,4,4,4,4,0,0,100,4,100.0,,,,,,,,,,,,,,,,,,,,,Group/subject breakdown from source summary.
breakdown,vi-multimodel-expansion-v2,2,vmlu_v2,vmlu,muse-spark-1-3-contributor,Muse Spark 1.3 Contributor,vi-multimodel-v2-vmlu-dev,VMLU Dev v2,vmlu,subject,"(24, 'High School Civil Education', 'Social Science')",local,complete_local_score,6,6,6,6,0,0,100,6,100.0,,,,,,,,,,,,,,,,,,,,,Group/subject breakdown from source summary.
breakdown,vi-multimodel-expansion-v2,2,vmlu_v2,vmlu,muse-spark-1-3-contributor,Muse Spark 1.3 Contributor,vi-multimodel-v2-vmlu-dev,VMLU Dev v2,vmlu,subject,"(25, 'High School Geography', 'Social Science')",local,complete_local_score,5,5,5,5,0,0,100,5,100.0,,,,,,,,,,,,,,,,,,,,,Group/subject breakdown from source summary.
breakdown,vi-multimodel-expansion-v2,2,vmlu_v2,vmlu,muse-spark-1-3-contributor,Muse Spark 1.3 Contributor,vi-multimodel-v2-vmlu-dev,VMLU Dev v2,vmlu,subject,"(26, 'Business Administration', 'Social Science')",local,complete_local_score,5,5,5,5,0,0,100,5,100.0,,,,,,,,,,,,,,,,,,,,,Group/subject breakdown from source summary.
breakdown,vi-multimodel-expansion-v2,2,vmlu_v2,vmlu,muse-spark-1-3-contributor,Muse Spark 1.3 Contributor,vi-multimodel-v2-vmlu-dev,VMLU Dev v2,vmlu,subject,"(27, 'Ho Chi Minh Ideology', 'Social Science')",local,complete_local_score,5,5,5,5,0,0,100,5,100.0,,,,,,,,,,,,,,,,,,,,,Group/subject breakdown from source summary.
breakdown,vi-multimodel-expansion-v2,2,vmlu_v2,vmlu,muse-spark-1-3-contributor,Muse Spark 1.3 Contributor,vi-multimodel-v2-vmlu-dev,VMLU Dev v2,vmlu,subject,"(28, 'Macroeconomics', 'Social Science')",local,complete_local_score,6,6,6,6,0,0,100,6,100.0,,,,,,,,,,,,,,,,,,,,,Group/subject breakdown from source summary.
breakdown,vi-multimodel-expansion-v2,2,vmlu_v2,vmlu,muse-spark-1-3-contributor,Muse Spark 1.3 Contributor,vi-multimodel-v2-vmlu-dev,VMLU Dev v2,vmlu,subject,"(29, 'Microeconomics', 'Social Science')",local,complete_local_score,6,6,6,6,0,0,100,6,100.0,,,,,,,,,,,,,,,,,,,,,Group/subject breakdown from source summary.
breakdown,vi-multimodel-expansion-v2,2,vmlu_v2,vmlu,muse-spark-1-3-contributor,Muse Spark 1.3 Contributor,vi-multimodel-v2-vmlu-dev,VMLU Dev v2,vmlu,subject,"(3, 'Middle School Biology', 'STEM')",local,complete_local_score,5,5,5,5,0,0,100,5,100.0,,,,,,,,,,,,,,,,,,,,,Group/subject breakdown from source summary.
breakdown,vi-multimodel-expansion-v2,2,vmlu_v2,vmlu,muse-spark-1-3-contributor,Muse Spark 1.3 Contributor,vi-multimodel-v2-vmlu-dev,VMLU Dev v2,vmlu,subject,"(30, 'Principles of Marxism and Leninism', 'Social Science')",local,complete_local_score,6,6,6,6,0,0,100,5,83.33,,,,,,,,,,,,,,,,,,,,,Group/subject breakdown from source summary.
breakdown,vi-multimodel-expansion-v2,2,vmlu_v2,vmlu,muse-spark-1-3-contributor,Muse Spark 1.3 Contributor,vi-multimodel-v2-vmlu-dev,VMLU Dev v2,vmlu,subject,"(31, 'Sociology', 'Social Science')",local,complete_local_score,5,5,5,5,0,0,100,4,80.0,,,,,,,,,,,,,,,,,,,,,Group/subject breakdown from source summary.
breakdown,vi-multimodel-expansion-v2,2,vmlu_v2,vmlu,muse-spark-1-3-contributor,Muse Spark 1.3 Contributor,vi-multimodel-v2-vmlu-dev,VMLU Dev v2,vmlu,subject,"(32, 'Elementary History', 'Humanity')",local,complete_local_score,5,5,5,5,0,0,100,5,100.0,,,,,,,,,,,,,,,,,,,,,Group/subject breakdown from source summary.
breakdown,vi-multimodel-expansion-v2,2,vmlu_v2,vmlu,muse-spark-1-3-contributor,Muse Spark 1.3 Contributor,vi-multimodel-v2-vmlu-dev,VMLU Dev v2,vmlu,subject,"(33, 'Middle School History', 'Humanity')",local,complete_local_score,6,6,6,6,0,0,100,6,100.0,,,,,,,,,,,,,,,,,,,,,Group/subject breakdown from source summary.
breakdown,vi-multimodel-expansion-v2,2,vmlu_v2,vmlu,muse-spark-1-3-contributor,Muse Spark 1.3 Contributor,vi-multimodel-v2-vmlu-dev,VMLU Dev v2,vmlu,subject,"(34, 'Middle School Literature', 'Humanity')",local,complete_local_score,5,5,5,5,0,0,100,5,100.0,,,,,,,,,,,,,,,,,,,,,Group/subject breakdown from source summary.
breakdown,vi-multimodel-expansion-v2,2,vmlu_v2,vmlu,muse-spark-1-3-contributor,Muse Spark 1.3 Contributor,vi-multimodel-v2-vmlu-dev,VMLU Dev v2,vmlu,subject,"(35, 'High School History', 'Humanity')",local,complete_local_score,6,6,6,6,0,0,100,6,100.0,,,,,,,,,,,,,,,,,,,,,Group/subject breakdown from source summary.
breakdown,vi-multimodel-expansion-v2,2,vmlu_v2,vmlu,muse-spark-1-3-contributor,Muse Spark 1.3 Contributor,vi-multimodel-v2-vmlu-dev,VMLU Dev v2,vmlu,subject,"(36, 'High School Literature', 'Humanity')",local,complete_local_score,6,6,6,6,0,0,100,4,66.67,,,,,,,,,,,,,,,,,,,,,Group/subject breakdown from source summary.
breakdown,vi-multimodel-expansion-v2,2,vmlu_v2,vmlu,muse-spark-1-3-contributor,Muse Spark 1.3 Contributor,vi-multimodel-v2-vmlu-dev,VMLU Dev v2,vmlu,subject,"(37, 'Administrative Law', 'Humanity')",local,complete_local_score,3,3,3,3,0,0,100,3,100.0,,,,,,,,,,,,,,,,,,,,,Group/subject breakdown from source summary.
breakdown,vi-multimodel-expansion-v2,2,vmlu_v2,vmlu,muse-spark-1-3-contributor,Muse Spark 1.3 Contributor,vi-multimodel-v2-vmlu-dev,VMLU Dev v2,vmlu,subject,"(38, 'Business Law', 'Humanity')",local,complete_local_score,5,5,5,5,0,0,100,4,80.0,,,,,,,,,,,,,,,,,,,,,Group/subject breakdown from source summary.
breakdown,vi-multimodel-expansion-v2,2,vmlu_v2,vmlu,muse-spark-1-3-contributor,Muse Spark 1.3 Contributor,vi-multimodel-v2-vmlu-dev,VMLU Dev v2,vmlu,subject,"(39, 'Civil Law', 'Humanity')",local,complete_local_score,6,6,6,6,0,0,100,6,100.0,,,,,,,,,,,,,,,,,,,,,Group/subject breakdown from source summary.
breakdown,vi-multimodel-expansion-v2,2,vmlu_v2,vmlu,muse-spark-1-3-contributor,Muse Spark 1.3 Contributor,vi-multimodel-v2-vmlu-dev,VMLU Dev v2,vmlu,subject,"(4, 'Middle School Chemistry', 'STEM')",local,complete_local_score,6,6,6,6,0,0,100,6,100.0,,,,,,,,,,,,,,,,,,,,,Group/subject breakdown from source summary.
breakdown,vi-multimodel-expansion-v2,2,vmlu_v2,vmlu,muse-spark-1-3-contributor,Muse Spark 1.3 Contributor,vi-multimodel-v2-vmlu-dev,VMLU Dev v2,vmlu,subject,"(40, 'Criminal Law', 'Humanity')",local,complete_local_score,5,5,5,5,0,0,100,5,100.0,,,,,,,,,,,,,,,,,,,,,Group/subject breakdown from source summary.
breakdown,vi-multimodel-expansion-v2,2,vmlu_v2,vmlu,muse-spark-1-3-contributor,Muse Spark 1.3 Contributor,vi-multimodel-v2-vmlu-dev,VMLU Dev v2,vmlu,subject,"(41, 'Economic Law', 'Humanity')",local,complete_local_score,5,5,5,5,0,0,100,3,60.0,,,,,,,,,,,,,,,,,,,,,Group/subject breakdown from source summary.
breakdown,vi-multimodel-expansion-v2,2,vmlu_v2,vmlu,muse-spark-1-3-contributor,Muse Spark 1.3 Contributor,vi-multimodel-v2-vmlu-dev,VMLU Dev v2,vmlu,subject,"(42, 'Education Law', 'Humanity')",local,complete_local_score,5,5,5,5,0,0,100,4,80.0,,,,,,,,,,,,,,,,,,,,,Group/subject breakdown from source summary.
breakdown,vi-multimodel-expansion-v2,2,vmlu_v2,vmlu,muse-spark-1-3-contributor,Muse Spark 1.3 Contributor,vi-multimodel-v2-vmlu-dev,VMLU Dev v2,vmlu,subject,"(43, 'History of World Civilization', 'Humanity')",local,complete_local_score,6,6,6,6,0,0,100,5,83.33,,,,,,,,,,,,,,,,,,,,,Group/subject breakdown from source summary.
breakdown,vi-multimodel-expansion-v2,2,vmlu_v2,vmlu,muse-spark-1-3-contributor,Muse Spark 1.3 Contributor,vi-multimodel-v2-vmlu-dev,VMLU Dev v2,vmlu,subject,"(44, 'Idealogical and Moral Cultivation', 'Humanity')",local,complete_local_score,6,6,6,6,0,0,100,6,100.0,,,,,,,,,,,,,,,,,,,,,Group/subject breakdown from source summary.
breakdown,vi-multimodel-expansion-v2,2,vmlu_v2,vmlu,muse-spark-1-3-contributor,Muse Spark 1.3 Contributor,vi-multimodel-v2-vmlu-dev,VMLU Dev v2,vmlu,subject,"(45, 'Introduction to Laws', 'Humanity')",local,complete_local_score,4,4,4,4,0,0,100,4,100.0,,,,,,,,,,,,,,,,,,,,,Group/subject breakdown from source summary.
breakdown,vi-multimodel-expansion-v2,2,vmlu_v2,vmlu,muse-spark-1-3-contributor,Muse Spark 1.3 Contributor,vi-multimodel-v2-vmlu-dev,VMLU Dev v2,vmlu,subject,"(46, 'Introduction to Vietnam Culture', 'Humanity')",local,complete_local_score,6,6,6,6,0,0,100,5,83.33,,,,,,,,,,,,,,,,,,,,,Group/subject breakdown from source summary.
breakdown,vi-multimodel-expansion-v2,2,vmlu_v2,vmlu,muse-spark-1-3-contributor,Muse Spark 1.3 Contributor,vi-multimodel-v2-vmlu-dev,VMLU Dev v2,vmlu,subject,"(47, 'Logic', 'Humanity')",local,complete_local_score,5,5,5,5,0,0,100,4,80.0,,,,,,,,,,,,,,,,,,,,,Group/subject breakdown from source summary.
breakdown,vi-multimodel-expansion-v2,2,vmlu_v2,vmlu,muse-spark-1-3-contributor,Muse Spark 1.3 Contributor,vi-multimodel-v2-vmlu-dev,VMLU Dev v2,vmlu,subject,"(48, 'Revolutionary Policy of the Vietnamese Commununist Part', 'Humanity')",local,complete_local_score,6,6,6,6,0,0,100,5,83.33,,,,,,,,,,,,,,,,,,,,,Group/subject breakdown from source summary.
breakdown,vi-multimodel-expansion-v2,2,vmlu_v2,vmlu,muse-spark-1-3-contributor,Muse Spark 1.3 Contributor,vi-multimodel-v2-vmlu-dev,VMLU Dev v2,vmlu,subject,"(49, 'Vietnamese Language and Literature', 'Humanity')",local,complete_local_score,5,5,5,5,0,0,100,4,80.0,,,,,,,,,,,,,,,,,,,,,Group/subject breakdown from source summary.
breakdown,vi-multimodel-expansion-v2,2,vmlu_v2,vmlu,muse-spark-1-3-contributor,Muse Spark 1.3 Contributor,vi-multimodel-v2-vmlu-dev,VMLU Dev v2,vmlu,subject,"(5, 'Middle School Mathematics', 'STEM')",local,complete_local_score,3,3,3,3,0,0,100,2,66.67,,,,,,,,,,,,,,,,,,,,,Group/subject breakdown from source summary.
breakdown,vi-multimodel-expansion-v2,2,vmlu_v2,vmlu,muse-spark-1-3-contributor,Muse Spark 1.3 Contributor,vi-multimodel-v2-vmlu-dev,VMLU Dev v2,vmlu,subject,"(50, 'Accountant', 'Other')",local,complete_local_score,5,5,5,5,0,0,100,4,80.0,,,,,,,,,,,,,,,,,,,,,Group/subject breakdown from source summary.
breakdown,vi-multimodel-expansion-v2,2,vmlu_v2,vmlu,muse-spark-1-3-contributor,Muse Spark 1.3 Contributor,vi-multimodel-v2-vmlu-dev,VMLU Dev v2,vmlu,subject,"(51, 'Clinical Pharmacology', 'Other')",local,complete_local_score,6,6,6,6,0,0,100,4,66.67,,,,,,,,,,,,,,,,,,,,,Group/subject breakdown from source summary.
breakdown,vi-multimodel-expansion-v2,2,vmlu_v2,vmlu,muse-spark-1-3-contributor,Muse Spark 1.3 Contributor,vi-multimodel-v2-vmlu-dev,VMLU Dev v2,vmlu,subject,"(52, 'Environmental Engineering', 'Other')",local,complete_local_score,5,5,5,5,0,0,100,4,80.0,,,,,,,,,,,,,,,,,,,,,Group/subject breakdown from source summary.
breakdown,vi-multimodel-expansion-v2,2,vmlu_v2,vmlu,muse-spark-1-3-contributor,Muse Spark 1.3 Contributor,vi-multimodel-v2-vmlu-dev,VMLU Dev v2,vmlu,subject,"(53, 'Internal Basic Medicine', 'Other')",local,complete_local_score,5,5,5,5,0,0,100,4,80.0,,,,,,,,,,,,,,,,,,,,,Group/subject breakdown from source summary.
breakdown,vi-multimodel-expansion-v2,2,vmlu_v2,vmlu,muse-spark-1-3-contributor,Muse Spark 1.3 Contributor,vi-multimodel-v2-vmlu-dev,VMLU Dev v2,vmlu,subject,"(54, 'Preschool Pedagogy', 'Other')",local,complete_local_score,3,3,3,3,0,0,100,3,100.0,,,,,,,,,,,,,,,,,,,,,Group/subject breakdown from source summary.
breakdown,vi-multimodel-expansion-v2,2,vmlu_v2,vmlu,muse-spark-1-3-contributor,Muse Spark 1.3 Contributor,vi-multimodel-v2-vmlu-dev,VMLU Dev v2,vmlu,subject,"(55, 'Tax Accountant', 'Other')",local,complete_local_score,5,5,5,5,0,0,100,3,60.0,,,,,,,,,,,,,,,,,,,,,Group/subject breakdown from source summary.
breakdown,vi-multimodel-expansion-v2,2,vmlu_v2,vmlu,muse-spark-1-3-contributor,Muse Spark 1.3 Contributor,vi-multimodel-v2-vmlu-dev,VMLU Dev v2,vmlu,subject,"(56, 'Tax Civil Servant', 'Other')",local,complete_local_score,5,5,5,5,0,0,100,4,80.0,,,,,,,,,,,,,,,,,,,,,Group/subject breakdown from source summary.
breakdown,vi-multimodel-expansion-v2,2,vmlu_v2,vmlu,muse-spark-1-3-contributor,Muse Spark 1.3 Contributor,vi-multimodel-v2-vmlu-dev,VMLU Dev v2,vmlu,subject,"(57, 'Civil Servant', 'Other')",local,complete_local_score,5,5,5,5,0,0,100,5,100.0,,,,,,,,,,,,,,,,,,,,,Group/subject breakdown from source summary.
breakdown,vi-multimodel-expansion-v2,2,vmlu_v2,vmlu,muse-spark-1-3-contributor,Muse Spark 1.3 Contributor,vi-multimodel-v2-vmlu-dev,VMLU Dev v2,vmlu,subject,"(58, 'Driving License Certificate', 'Other')",local,complete_local_score,5,5,5,5,0,0,100,5,100.0,,,,,,,,,,,,,,,,,,,,,Group/subject breakdown from source summary.
breakdown,vi-multimodel-expansion-v2,2,vmlu_v2,vmlu,muse-spark-1-3-contributor,Muse Spark 1.3 Contributor,vi-multimodel-v2-vmlu-dev,VMLU Dev v2,vmlu,subject,"(6, 'Middle School Physics', 'STEM')",local,complete_local_score,6,6,6,6,0,0,100,6,100.0,,,,,,,,,,,,,,,,,,,,,Group/subject breakdown from source summary.
breakdown,vi-multimodel-expansion-v2,2,vmlu_v2,vmlu,muse-spark-1-3-contributor,Muse Spark 1.3 Contributor,vi-multimodel-v2-vmlu-dev,VMLU Dev v2,vmlu,subject,"(7, 'High School Biology', 'STEM')",local,complete_local_score,6,6,6,6,0,0,100,6,100.0,,,,,,,,,,,,,,,,,,,,,Group/subject breakdown from source summary.
breakdown,vi-multimodel-expansion-v2,2,vmlu_v2,vmlu,muse-spark-1-3-contributor,Muse Spark 1.3 Contributor,vi-multimodel-v2-vmlu-dev,VMLU Dev v2,vmlu,subject,"(8, 'High School Chemistry', 'STEM')",local,complete_local_score,6,6,6,6,0,0,100,6,100.0,,,,,,,,,,,,,,,,,,,,,Group/subject breakdown from source summary.
breakdown,vi-multimodel-expansion-v2,2,vmlu_v2,vmlu,muse-spark-1-3-contributor,Muse Spark 1.3 Contributor,vi-multimodel-v2-vmlu-dev,VMLU Dev v2,vmlu,subject,"(9, 'High School Mathematics', 'STEM')",local,complete_local_score,4,4,4,4,0,0,100,3,75.0,,,,,,,,,,,,,,,,,,,,,Group/subject breakdown from source summary.
breakdown,vi-multimodel-expansion-v2,2,vmlu_v2,vmlu,muse-spark-1-3-contributor,Muse Spark 1.3 Contributor,vi-multimodel-v2-vmlu-valid,VMLU Valid v2,vmlu,subject,"(1, 'Elementary Mathematics', 'STEM')",local,complete_local_score,14,14,14,14,0,0,100,13,92.86,,,,,,,,,,,,,,,,,,,,,Group/subject breakdown from source summary.
breakdown,vi-multimodel-expansion-v2,2,vmlu_v2,vmlu,muse-spark-1-3-contributor,Muse Spark 1.3 Contributor,vi-multimodel-v2-vmlu-valid,VMLU Valid v2,vmlu,subject,"(10, 'High School Physics', 'STEM')",local,complete_local_score,14,14,14,14,0,0,100,14,100.0,,,,,,,,,,,,,,,,,,,,,Group/subject breakdown from source summary.
breakdown,vi-multimodel-expansion-v2,2,vmlu_v2,vmlu,muse-spark-1-3-contributor,Muse Spark 1.3 Contributor,vi-multimodel-v2-vmlu-valid,VMLU Valid v2,vmlu,subject,"(11, 'Applied Informatics', 'STEM')",local,complete_local_score,14,14,14,14,0,0,100,13,92.86,,,,,,,,,,,,,,,,,,,,,Group/subject breakdown from source summary.
breakdown,vi-multimodel-expansion-v2,2,vmlu_v2,vmlu,muse-spark-1-3-contributor,Muse Spark 1.3 Contributor,vi-multimodel-v2-vmlu-valid,VMLU Valid v2,vmlu,subject,"(12, 'Computer Architecture', 'STEM')",local,complete_local_score,14,14,14,14,0,0,100,13,92.86,,,,,,,,,,,,,,,,,,,,,Group/subject breakdown from source summary.
breakdown,vi-multimodel-expansion-v2,2,vmlu_v2,vmlu,muse-spark-1-3-contributor,Muse Spark 1.3 Contributor,vi-multimodel-v2-vmlu-valid,VMLU Valid v2,vmlu,subject,"(13, 'Computer Network', 'STEM')",local,complete_local_score,13,13,13,13,0,0,100,13,100.0,,,,,,,,,,,,,,,,,,,,,Group/subject breakdown from source summary.
breakdown,vi-multimodel-expansion-v2,2,vmlu_v2,vmlu,muse-spark-1-3-contributor,Muse Spark 1.3 Contributor,vi-multimodel-v2-vmlu-valid,VMLU Valid v2,vmlu,subject,"(14, 'Discrete Mathematics', 'STEM')",local,complete_local_score,12,12,12,12,0,0,100,12,100.0,,,,,,,,,,,,,,,,,,,,,Group/subject breakdown from source summary.
breakdown,vi-multimodel-expansion-v2,2,vmlu_v2,vmlu,muse-spark-1-3-contributor,Muse Spark 1.3 Contributor,vi-multimodel-v2-vmlu-valid,VMLU Valid v2,vmlu,subject,"(15, 'Electrical Engineering', 'STEM')",local,complete_local_score,13,13,13,13,0,0,100,13,100.0,,,,,,,,,,,,,,,,,,,,,Group/subject breakdown from source summary.
breakdown,vi-multimodel-expansion-v2,2,vmlu_v2,vmlu,muse-spark-1-3-contributor,Muse Spark 1.3 Contributor,vi-multimodel-v2-vmlu-valid,VMLU Valid v2,vmlu,subject,"(16, 'Introduction to Chemistry', 'STEM')",local,complete_local_score,13,13,13,13,0,0,100,12,92.31,,,,,,,,,,,,,,,,,,,,,Group/subject breakdown from source summary.
breakdown,vi-multimodel-expansion-v2,2,vmlu_v2,vmlu,muse-spark-1-3-contributor,Muse Spark 1.3 Contributor,vi-multimodel-v2-vmlu-valid,VMLU Valid v2,vmlu,subject,"(17, 'Introduction to Physics', 'STEM')",local,complete_local_score,13,13,13,13,0,0,100,12,92.31,,,,,,,,,,,,,,,,,,,,,Group/subject breakdown from source summary.
breakdown,vi-multimodel-expansion-v2,2,vmlu_v2,vmlu,muse-spark-1-3-contributor,Muse Spark 1.3 Contributor,vi-multimodel-v2-vmlu-valid,VMLU Valid v2,vmlu,subject,"(18, 'Introduction to Programming', 'STEM')",local,complete_local_score,13,13,13,13,0,0,100,13,100.0,,,,,,,,,,,,,,,,,,,,,Group/subject breakdown from source summary.
breakdown,vi-multimodel-expansion-v2,2,vmlu_v2,vmlu,muse-spark-1-3-contributor,Muse Spark 1.3 Contributor,vi-multimodel-v2-vmlu-valid,VMLU Valid v2,vmlu,subject,"(19, 'Metrology Engineer', 'STEM')",local,complete_local_score,10,10,10,10,0,0,100,7,70.0,,,,,,,,,,,,,,,,,,,,,Group/subject breakdown from source summary.
breakdown,vi-multimodel-expansion-v2,2,vmlu_v2,vmlu,muse-spark-1-3-contributor,Muse Spark 1.3 Contributor,vi-multimodel-v2-vmlu-valid,VMLU Valid v2,vmlu,subject,"(2, 'Elementary Science', 'STEM')",local,complete_local_score,14,14,14,14,0,0,100,14,100.0,,,,,,,,,,,,,,,,,,,,,Group/subject breakdown from source summary.
breakdown,vi-multimodel-expansion-v2,2,vmlu_v2,vmlu,muse-spark-1-3-contributor,Muse Spark 1.3 Contributor,vi-multimodel-v2-vmlu-valid,VMLU Valid v2,vmlu,subject,"(20, 'Operating System', 'STEM')",local,complete_local_score,14,14,14,14,0,0,100,11,78.57,,,,,,,,,,,,,,,,,,,,,Group/subject breakdown from source summary.
breakdown,vi-multimodel-expansion-v2,2,vmlu_v2,vmlu,muse-spark-1-3-contributor,Muse Spark 1.3 Contributor,vi-multimodel-v2-vmlu-valid,VMLU Valid v2,vmlu,subject,"(21, 'Statistics and Probability', 'STEM')",local,complete_local_score,13,13,13,13,0,0,100,12,92.31,,,,,,,,,,,,,,,,,,,,,Group/subject breakdown from source summary.
breakdown,vi-multimodel-expansion-v2,2,vmlu_v2,vmlu,muse-spark-1-3-contributor,Muse Spark 1.3 Contributor,vi-multimodel-v2-vmlu-valid,VMLU Valid v2,vmlu,subject,"(22, 'Middle School Civil Education', 'Social Science')",local,complete_local_score,13,13,13,13,0,0,100,10,76.92,,,,,,,,,,,,,,,,,,,,,Group/subject breakdown from source summary.
breakdown,vi-multimodel-expansion-v2,2,vmlu_v2,vmlu,muse-spark-1-3-contributor,Muse Spark 1.3 Contributor,vi-multimodel-v2-vmlu-valid,VMLU Valid v2,vmlu,subject,"(23, 'Middle School Geography', 'Social Science')",local,complete_local_score,11,11,11,11,0,0,100,11,100.0,,,,,,,,,,,,,,,,,,,,,Group/subject breakdown from source summary.
breakdown,vi-multimodel-expansion-v2,2,vmlu_v2,vmlu,muse-spark-1-3-contributor,Muse Spark 1.3 Contributor,vi-multimodel-v2-vmlu-valid,VMLU Valid v2,vmlu,subject,"(24, 'High School Civil Education', 'Social Science')",local,complete_local_score,14,14,14,14,0,0,100,13,92.86,,,,,,,,,,,,,,,,,,,,,Group/subject breakdown from source summary.
breakdown,vi-multimodel-expansion-v2,2,vmlu_v2,vmlu,muse-spark-1-3-contributor,Muse Spark 1.3 Contributor,vi-multimodel-v2-vmlu-valid,VMLU Valid v2,vmlu,subject,"(25, 'High School Geography', 'Social Science')",local,complete_local_score,12,12,12,12,0,0,100,11,91.67,,,,,,,,,,,,,,,,,,,,,Group/subject breakdown from source summary.
breakdown,vi-multimodel-expansion-v2,2,vmlu_v2,vmlu,muse-spark-1-3-contributor,Muse Spark 1.3 Contributor,vi-multimodel-v2-vmlu-valid,VMLU Valid v2,vmlu,subject,"(26, 'Business Administration', 'Social Science')",local,complete_local_score,13,13,13,13,0,0,100,12,92.31,,,,,,,,,,,,,,,,,,,,,Group/subject breakdown from source summary.
breakdown,vi-multimodel-expansion-v2,2,vmlu_v2,vmlu,muse-spark-1-3-contributor,Muse Spark 1.3 Contributor,vi-multimodel-v2-vmlu-valid,VMLU Valid v2,vmlu,subject,"(27, 'Ho Chi Minh Ideology', 'Social Science')",local,complete_local_score,13,13,13,13,0,0,100,13,100.0,,,,,,,,,,,,,,,,,,,,,Group/subject breakdown from source summary.
breakdown,vi-multimodel-expansion-v2,2,vmlu_v2,vmlu,muse-spark-1-3-contributor,Muse Spark 1.3 Contributor,vi-multimodel-v2-vmlu-valid,VMLU Valid v2,vmlu,subject,"(28, 'Macroeconomics', 'Social Science')",local,complete_local_score,14,14,14,14,0,0,100,11,78.57,,,,,,,,,,,,,,,,,,,,,Group/subject breakdown from source summary.
breakdown,vi-multimodel-expansion-v2,2,vmlu_v2,vmlu,muse-spark-1-3-contributor,Muse Spark 1.3 Contributor,vi-multimodel-v2-vmlu-valid,VMLU Valid v2,vmlu,subject,"(29, 'Microeconomics', 'Social Science')",local,complete_local_score,14,14,14,14,0,0,100,14,100.0,,,,,,,,,,,,,,,,,,,,,Group/subject breakdown from source summary.
breakdown,vi-multimodel-expansion-v2,2,vmlu_v2,vmlu,muse-spark-1-3-contributor,Muse Spark 1.3 Contributor,vi-multimodel-v2-vmlu-valid,VMLU Valid v2,vmlu,subject,"(3, 'Middle School Biology', 'STEM')",local,complete_local_score,13,13,13,13,0,0,100,13,100.0,,,,,,,,,,,,,,,,,,,,,Group/subject breakdown from source summary.
breakdown,vi-multimodel-expansion-v2,2,vmlu_v2,vmlu,muse-spark-1-3-contributor,Muse Spark 1.3 Contributor,vi-multimodel-v2-vmlu-valid,VMLU Valid v2,vmlu,subject,"(30, 'Principles of Marxism and Leninism', 'Social Science')",local,complete_local_score,14,14,14,14,0,0,100,14,100.0,,,,,,,,,,,,,,,,,,,,,Group/subject breakdown from source summary.
breakdown,vi-multimodel-expansion-v2,2,vmlu_v2,vmlu,muse-spark-1-3-contributor,Muse Spark 1.3 Contributor,vi-multimodel-v2-vmlu-valid,VMLU Valid v2,vmlu,subject,"(31, 'Sociology', 'Social Science')",local,complete_local_score,13,13,13,13,0,0,100,11,84.62,,,,,,,,,,,,,,,,,,,,,Group/subject breakdown from source summary.
breakdown,vi-multimodel-expansion-v2,2,vmlu_v2,vmlu,muse-spark-1-3-contributor,Muse Spark 1.3 Contributor,vi-multimodel-v2-vmlu-valid,VMLU Valid v2,vmlu,subject,"(32, 'Elementary History', 'Humanity')",local,complete_local_score,13,13,13,13,0,0,100,13,100.0,,,,,,,,,,,,,,,,,,,,,Group/subject breakdown from source summary.
breakdown,vi-multimodel-expansion-v2,2,vmlu_v2,vmlu,muse-spark-1-3-contributor,Muse Spark 1.3 Contributor,vi-multimodel-v2-vmlu-valid,VMLU Valid v2,vmlu,subject,"(33, 'Middle School History', 'Humanity')",local,complete_local_score,14,14,14,14,0,0,100,14,100.0,,,,,,,,,,,,,,,,,,,,,Group/subject breakdown from source summary.
breakdown,vi-multimodel-expansion-v2,2,vmlu_v2,vmlu,muse-spark-1-3-contributor,Muse Spark 1.3 Contributor,vi-multimodel-v2-vmlu-valid,VMLU Valid v2,vmlu,subject,"(34, 'Middle School Literature', 'Humanity')",local,complete_local_score,13,13,13,13,0,0,100,10,76.92,,,,,,,,,,,,,,,,,,,,,Group/subject breakdown from source summary.
breakdown,vi-multimodel-expansion-v2,2,vmlu_v2,vmlu,muse-spark-1-3-contributor,Muse Spark 1.3 Contributor,vi-multimodel-v2-vmlu-valid,VMLU Valid v2,vmlu,subject,"(35, 'High School History', 'Humanity')",local,complete_local_score,14,14,14,14,0,0,100,13,92.86,,,,,,,,,,,,,,,,,,,,,Group/subject breakdown from source summary.
breakdown,vi-multimodel-expansion-v2,2,vmlu_v2,vmlu,muse-spark-1-3-contributor,Muse Spark 1.3 Contributor,vi-multimodel-v2-vmlu-valid,VMLU Valid v2,vmlu,subject,"(36, 'High School Literature', 'Humanity')",local,complete_local_score,14,14,14,14,0,0,100,13,92.86,,,,,,,,,,,,,,,,,,,,,Group/subject breakdown from source summary.
breakdown,vi-multimodel-expansion-v2,2,vmlu_v2,vmlu,muse-spark-1-3-contributor,Muse Spark 1.3 Contributor,vi-multimodel-v2-vmlu-valid,VMLU Valid v2,vmlu,subject,"(37, 'Administrative Law', 'Humanity')",local,complete_local_score,7,7,7,7,0,0,100,6,85.71,,,,,,,,,,,,,,,,,,,,,Group/subject breakdown from source summary.
breakdown,vi-multimodel-expansion-v2,2,vmlu_v2,vmlu,muse-spark-1-3-contributor,Muse Spark 1.3 Contributor,vi-multimodel-v2-vmlu-valid,VMLU Valid v2,vmlu,subject,"(38, 'Business Law', 'Humanity')",local,complete_local_score,13,13,13,13,0,0,100,11,84.62,,,,,,,,,,,,,,,,,,,,,Group/subject breakdown from source summary.
breakdown,vi-multimodel-expansion-v2,2,vmlu_v2,vmlu,muse-spark-1-3-contributor,Muse Spark 1.3 Contributor,vi-multimodel-v2-vmlu-valid,VMLU Valid v2,vmlu,subject,"(39, 'Civil Law', 'Humanity')",local,complete_local_score,14,14,14,14,0,0,100,10,71.43,,,,,,,,,,,,,,,,,,,,,Group/subject breakdown from source summary.
breakdown,vi-multimodel-expansion-v2,2,vmlu_v2,vmlu,muse-spark-1-3-contributor,Muse Spark 1.3 Contributor,vi-multimodel-v2-vmlu-valid,VMLU Valid v2,vmlu,subject,"(4, 'Middle School Chemistry', 'STEM')",local,complete_local_score,14,14,14,14,0,0,100,13,92.86,,,,,,,,,,,,,,,,,,,,,Group/subject breakdown from source summary.
breakdown,vi-multimodel-expansion-v2,2,vmlu_v2,vmlu,muse-spark-1-3-contributor,Muse Spark 1.3 Contributor,vi-multimodel-v2-vmlu-valid,VMLU Valid v2,vmlu,subject,"(40, 'Criminal Law', 'Humanity')",local,complete_local_score,12,12,12,12,0,0,100,10,83.33,,,,,,,,,,,,,,,,,,,,,Group/subject breakdown from source summary.
breakdown,vi-multimodel-expansion-v2,2,vmlu_v2,vmlu,muse-spark-1-3-contributor,Muse Spark 1.3 Contributor,vi-multimodel-v2-vmlu-valid,VMLU Valid v2,vmlu,subject,"(41, 'Economic Law', 'Humanity')",local,complete_local_score,12,12,12,12,0,0,100,11,91.67,,,,,,,,,,,,,,,,,,,,,Group/subject breakdown from source summary.
breakdown,vi-multimodel-expansion-v2,2,vmlu_v2,vmlu,muse-spark-1-3-contributor,Muse Spark 1.3 Contributor,vi-multimodel-v2-vmlu-valid,VMLU Valid v2,vmlu,subject,"(42, 'Education Law', 'Humanity')",local,complete_local_score,12,12,12,12,0,0,100,11,91.67,,,,,,,,,,,,,,,,,,,,,Group/subject breakdown from source summary.
breakdown,vi-multimodel-expansion-v2,2,vmlu_v2,vmlu,muse-spark-1-3-contributor,Muse Spark 1.3 Contributor,vi-multimodel-v2-vmlu-valid,VMLU Valid v2,vmlu,subject,"(43, 'History of World Civilization', 'Humanity')",local,complete_local_score,14,14,14,14,0,0,100,12,85.71,,,,,,,,,,,,,,,,,,,,,Group/subject breakdown from source summary.
breakdown,vi-multimodel-expansion-v2,2,vmlu_v2,vmlu,muse-spark-1-3-contributor,Muse Spark 1.3 Contributor,vi-multimodel-v2-vmlu-valid,VMLU Valid v2,vmlu,subject,"(44, 'Idealogical and Moral Cultivation', 'Humanity')",local,complete_local_score,14,14,14,14,0,0,100,14,100.0,,,,,,,,,,,,,,,,,,,,,Group/subject breakdown from source summary.
breakdown,vi-multimodel-expansion-v2,2,vmlu_v2,vmlu,muse-spark-1-3-contributor,Muse Spark 1.3 Contributor,vi-multimodel-v2-vmlu-valid,VMLU Valid v2,vmlu,subject,"(45, 'Introduction to Laws', 'Humanity')",local,complete_local_score,9,9,9,9,0,0,100,8,88.89,,,,,,,,,,,,,,,,,,,,,Group/subject breakdown from source summary.
breakdown,vi-multimodel-expansion-v2,2,vmlu_v2,vmlu,muse-spark-1-3-contributor,Muse Spark 1.3 Contributor,vi-multimodel-v2-vmlu-valid,VMLU Valid v2,vmlu,subject,"(46, 'Introduction to Vietnam Culture', 'Humanity')",local,complete_local_score,14,14,14,14,0,0,100,11,78.57,,,,,,,,,,,,,,,,,,,,,Group/subject breakdown from source summary.
breakdown,vi-multimodel-expansion-v2,2,vmlu_v2,vmlu,muse-spark-1-3-contributor,Muse Spark 1.3 Contributor,vi-multimodel-v2-vmlu-valid,VMLU Valid v2,vmlu,subject,"(47, 'Logic', 'Humanity')",local,complete_local_score,13,13,13,13,0,0,100,12,92.31,,,,,,,,,,,,,,,,,,,,,Group/subject breakdown from source summary.
breakdown,vi-multimodel-expansion-v2,2,vmlu_v2,vmlu,muse-spark-1-3-contributor,Muse Spark 1.3 Contributor,vi-multimodel-v2-vmlu-valid,VMLU Valid v2,vmlu,subject,"(48, 'Revolutionary Policy of the Vietnamese Commununist Part', 'Humanity')",local,complete_local_score,14,14,14,14,0,0,100,12,85.71,,,,,,,,,,,,,,,,,,,,,Group/subject breakdown from source summary.
breakdown,vi-multimodel-expansion-v2,2,vmlu_v2,vmlu,muse-spark-1-3-contributor,Muse Spark 1.3 Contributor,vi-multimodel-v2-vmlu-valid,VMLU Valid v2,vmlu,subject,"(49, 'Vietnamese Language and Literature', 'Humanity')",local,complete_local_score,13,13,13,13,0,0,100,11,84.62,,,,,,,,,,,,,,,,,,,,,Group/subject breakdown from source summary.
breakdown,vi-multimodel-expansion-v2,2,vmlu_v2,vmlu,muse-spark-1-3-contributor,Muse Spark 1.3 Contributor,vi-multimodel-v2-vmlu-valid,VMLU Valid v2,vmlu,subject,"(5, 'Middle School Mathematics', 'STEM')",local,complete_local_score,8,8,8,8,0,0,100,8,100.0,,,,,,,,,,,,,,,,,,,,,Group/subject breakdown from source summary.
breakdown,vi-multimodel-expansion-v2,2,vmlu_v2,vmlu,muse-spark-1-3-contributor,Muse Spark 1.3 Contributor,vi-multimodel-v2-vmlu-valid,VMLU Valid v2,vmlu,subject,"(50, 'Accountant', 'Other')",local,complete_local_score,13,13,13,13,0,0,100,12,92.31,,,,,,,,,,,,,,,,,,,,,Group/subject breakdown from source summary.
breakdown,vi-multimodel-expansion-v2,2,vmlu_v2,vmlu,muse-spark-1-3-contributor,Muse Spark 1.3 Contributor,vi-multimodel-v2-vmlu-valid,VMLU Valid v2,vmlu,subject,"(51, 'Clinical Pharmacology', 'Other')",local,complete_local_score,14,14,14,14,0,0,100,14,100.0,,,,,,,,,,,,,,,,,,,,,Group/subject breakdown from source summary.
breakdown,vi-multimodel-expansion-v2,2,vmlu_v2,vmlu,muse-spark-1-3-contributor,Muse Spark 1.3 Contributor,vi-multimodel-v2-vmlu-valid,VMLU Valid v2,vmlu,subject,"(52, 'Environmental Engineering', 'Other')",local,complete_local_score,13,13,13,13,0,0,100,13,100.0,,,,,,,,,,,,,,,,,,,,,Group/subject breakdown from source summary.
breakdown,vi-multimodel-expansion-v2,2,vmlu_v2,vmlu,muse-spark-1-3-contributor,Muse Spark 1.3 Contributor,vi-multimodel-v2-vmlu-valid,VMLU Valid v2,vmlu,subject,"(53, 'Internal Basic Medicine', 'Other')",local,complete_local_score,13,13,13,13,0,0,100,9,69.23,,,,,,,,,,,,,,,,,,,,,Group/subject breakdown from source summary.
breakdown,vi-multimodel-expansion-v2,2,vmlu_v2,vmlu,muse-spark-1-3-contributor,Muse Spark 1.3 Contributor,vi-multimodel-v2-vmlu-valid,VMLU Valid v2,vmlu,subject,"(54, 'Preschool Pedagogy', 'Other')",local,complete_local_score,7,7,7,7,0,0,100,6,85.71,,,,,,,,,,,,,,,,,,,,,Group/subject breakdown from source summary.
breakdown,vi-multimodel-expansion-v2,2,vmlu_v2,vmlu,muse-spark-1-3-contributor,Muse Spark 1.3 Contributor,vi-multimodel-v2-vmlu-valid,VMLU Valid v2,vmlu,subject,"(55, 'Tax Accountant', 'Other')",local,complete_local_score,13,13,13,13,0,0,100,11,84.62,,,,,,,,,,,,,,,,,,,,,Group/subject breakdown from source summary.
breakdown,vi-multimodel-expansion-v2,2,vmlu_v2,vmlu,muse-spark-1-3-contributor,Muse Spark 1.3 Contributor,vi-multimodel-v2-vmlu-valid,VMLU Valid v2,vmlu,subject,"(56, 'Tax Civil Servant', 'Other')",local,complete_local_score,13,13,13,13,0,0,100,11,84.62,,,,,,,,,,,,,,,,,,,,,Group/subject breakdown from source summary.
breakdown,vi-multimodel-expansion-v2,2,vmlu_v2,vmlu,muse-spark-1-3-contributor,Muse Spark 1.3 Contributor,vi-multimodel-v2-vmlu-valid,VMLU Valid v2,vmlu,subject,"(57, 'Civil Servant', 'Other')",local,complete_local_score,13,13,13,13,0,0,100,11,84.62,,,,,,,,,,,,,,,,,,,,,Group/subject breakdown from source summary.
breakdown,vi-multimodel-expansion-v2,2,vmlu_v2,vmlu,muse-spark-1-3-contributor,Muse Spark 1.3 Contributor,vi-multimodel-v2-vmlu-valid,VMLU Valid v2,vmlu,subject,"(58, 'Driving License Certificate', 'Other')",local,complete_local_score,13,13,13,13,0,0,100,13,100.0,,,,,,,,,,,,,,,,,,,,,Group/subject breakdown from source summary.
breakdown,vi-multimodel-expansion-v2,2,vmlu_v2,vmlu,muse-spark-1-3-contributor,Muse Spark 1.3 Contributor,vi-multimodel-v2-vmlu-valid,VMLU Valid v2,vmlu,subject,"(6, 'Middle School Physics', 'STEM')",local,complete_local_score,14,14,14,14,0,0,100,13,92.86,,,,,,,,,,,,,,,,,,,,,Group/subject breakdown from source summary.
breakdown,vi-multimodel-expansion-v2,2,vmlu_v2,vmlu,muse-spark-1-3-contributor,Muse Spark 1.3 Contributor,vi-multimodel-v2-vmlu-valid,VMLU Valid v2,vmlu,subject,"(7, 'High School Biology', 'STEM')",local,complete_local_score,14,14,14,14,0,0,100,14,100.0,,,,,,,,,,,,,,,,,,,,,Group/subject breakdown from source summary.
breakdown,vi-multimodel-expansion-v2,2,vmlu_v2,vmlu,muse-spark-1-3-contributor,Muse Spark 1.3 Contributor,vi-multimodel-v2-vmlu-valid,VMLU Valid v2,vmlu,subject,"(8, 'High School Chemistry', 'STEM')",local,complete_local_score,14,14,14,14,0,0,100,14,100.0,,,,,,,,,,,,,,,,,,,,,Group/subject breakdown from source summary.
breakdown,vi-multimodel-expansion-v2,2,vmlu_v2,vmlu,muse-spark-1-3-contributor,Muse Spark 1.3 Contributor,vi-multimodel-v2-vmlu-valid,VMLU Valid v2,vmlu,subject,"(9, 'High School Mathematics', 'STEM')",local,complete_local_score,11,11,11,11,0,0,100,9,81.82,,,,,,,,,,,,,,,,,,,,,Group/subject breakdown from source summary.
dataset,vi-multimodel-expansion-v2,2,vbench_deferred,vbench,muse-spark-1-3-contributor,Muse Spark 1.3 Contributor,vi-multimodel-v2-vbench-mc,V-Bench mc,mc,,,server,deferred_by_user,4141,0,0,0,0,,0,,,,,,,,,,,,,,,,,,,,,,,Deferred by user; no requests sent.
dataset,vi-multimodel-expansion-v2,2,vbench_deferred,vbench,muse-spark-1-3-contributor,Muse Spark 1.3 Contributor,vi-multimodel-v2-vbench-agentic,V-Bench agentic,agentic,,,server,deferred_by_user,1000,0,0,0,0,,0,,,,,,,,,,,,,,,,,,,,,,,Deferred by user; no requests sent.
dataset,vi-multimodel-expansion-v2,2,vmlu_v2,vmlu,mimo-v2-6-flash,MiMo V2.6 Flash,vi-multimodel-v2-vmlu-dev,VMLU Dev v2,dev,,,local,complete_local_score,303,303,303,303,0,0,100.0,252,83.17,,78.54619351824178,86.95994791796367,,,,,,,290,95.71,9,13,11.493,28.3911,0,0,,,,
dataset,vi-multimodel-expansion-v2,2,vmlu_v2,vmlu,mimo-v2-6-flash,MiMo V2.6 Flash,vi-multimodel-v2-vmlu-test,VMLU Test v2,test,,,withheld,server_scored_user_provided,9833,9833,9833,9833,0,0,100.0,,,76.2,,,,,,,,,9191,93.47,497,,12.4927,43.7038,0,0,,,User-provided VMLU server result JSON,"All 9,833 inference requests complete; user-provided server score 76.20%. Gold remains withheld locally; parse-valid is diagnostic only."
dataset,vi-multimodel-expansion-v2,2,vmlu_v2,vmlu,mimo-v2-6-flash,MiMo V2.6 Flash,vi-multimodel-v2-vmlu-valid,VMLU Valid v2,valid,,,local,complete_local_score,744,744,744,744,0,0,100.0,597,80.24,,77.22861394011831,82.94456778072743,,,,,,,707,95.03,32,37,12.8488,50.1612,0,0,,,,
phase_summary,vi-multimodel-expansion-v2,2,vmlu_v2,vmlu,mimo-v2-6-flash,MiMo V2.6 Flash,vmlu_all,vmlu phase total,,,,,complete,10880,10880,10880,10880,0,0,100.0,,,,,,,,,,,,,,538,,,,0,,,,,"10,880 items complete; test accuracy awaits server grading."
dataset,vi-multimodel-expansion-v2,2,vmlu_v2,vmlu,mimo-v2-6-flash,MiMo V2.6 Flash,vmlu_local_dev_valid,VMLU Dev + Valid local-gold aggregate,dev+valid,,,local,scored,1047,1047,1047,1047,0,0,100,849,81.09,,78.6048,83.3456,,,,,,,997,95.22,41,50,,,,,,,,"Pooled dev+valid by sample count, not an unweighted mean."
breakdown,vi-multimodel-expansion-v2,2,vmlu_v2,vmlu,mimo-v2-6-flash,MiMo V2.6 Flash,vi-multimodel-v2-vmlu-dev,VMLU Dev v2,vmlu,subject,"(1, 'Elementary Mathematics', 'STEM')",local,complete_local_score,6,6,6,6,0,0,100,4,66.67,,,,,,,,,,,,,,,,,,,,,Group/subject breakdown from source summary.
breakdown,vi-multimodel-expansion-v2,2,vmlu_v2,vmlu,mimo-v2-6-flash,MiMo V2.6 Flash,vi-multimodel-v2-vmlu-dev,VMLU Dev v2,vmlu,subject,"(10, 'High School Physics', 'STEM')",local,complete_local_score,6,6,6,6,0,0,100,6,100.0,,,,,,,,,,,,,,,,,,,,,Group/subject breakdown from source summary.
breakdown,vi-multimodel-expansion-v2,2,vmlu_v2,vmlu,mimo-v2-6-flash,MiMo V2.6 Flash,vi-multimodel-v2-vmlu-dev,VMLU Dev v2,vmlu,subject,"(11, 'Applied Informatics', 'STEM')",local,complete_local_score,6,6,6,6,0,0,100,5,83.33,,,,,,,,,,,,,,,,,,,,,Group/subject breakdown from source summary.
breakdown,vi-multimodel-expansion-v2,2,vmlu_v2,vmlu,mimo-v2-6-flash,MiMo V2.6 Flash,vi-multimodel-v2-vmlu-dev,VMLU Dev v2,vmlu,subject,"(12, 'Computer Architecture', 'STEM')",local,complete_local_score,6,6,6,6,0,0,100,5,83.33,,,,,,,,,,,,,,,,,,,,,Group/subject breakdown from source summary.
breakdown,vi-multimodel-expansion-v2,2,vmlu_v2,vmlu,mimo-v2-6-flash,MiMo V2.6 Flash,vi-multimodel-v2-vmlu-dev,VMLU Dev v2,vmlu,subject,"(13, 'Computer Network', 'STEM')",local,complete_local_score,5,5,5,5,0,0,100,5,100.0,,,,,,,,,,,,,,,,,,,,,Group/subject breakdown from source summary.
breakdown,vi-multimodel-expansion-v2,2,vmlu_v2,vmlu,mimo-v2-6-flash,MiMo V2.6 Flash,vi-multimodel-v2-vmlu-dev,VMLU Dev v2,vmlu,subject,"(14, 'Discrete Mathematics', 'STEM')",local,complete_local_score,5,5,5,5,0,0,100,5,100.0,,,,,,,,,,,,,,,,,,,,,Group/subject breakdown from source summary.
breakdown,vi-multimodel-expansion-v2,2,vmlu_v2,vmlu,mimo-v2-6-flash,MiMo V2.6 Flash,vi-multimodel-v2-vmlu-dev,VMLU Dev v2,vmlu,subject,"(15, 'Electrical Engineering', 'STEM')",local,complete_local_score,5,5,5,5,0,0,100,5,100.0,,,,,,,,,,,,,,,,,,,,,Group/subject breakdown from source summary.
breakdown,vi-multimodel-expansion-v2,2,vmlu_v2,vmlu,mimo-v2-6-flash,MiMo V2.6 Flash,vi-multimodel-v2-vmlu-dev,VMLU Dev v2,vmlu,subject,"(16, 'Introduction to Chemistry', 'STEM')",local,complete_local_score,5,5,5,5,0,0,100,5,100.0,,,,,,,,,,,,,,,,,,,,,Group/subject breakdown from source summary.
breakdown,vi-multimodel-expansion-v2,2,vmlu_v2,vmlu,mimo-v2-6-flash,MiMo V2.6 Flash,vi-multimodel-v2-vmlu-dev,VMLU Dev v2,vmlu,subject,"(17, 'Introduction to Physics', 'STEM')",local,complete_local_score,5,5,5,5,0,0,100,5,100.0,,,,,,,,,,,,,,,,,,,,,Group/subject breakdown from source summary.
breakdown,vi-multimodel-expansion-v2,2,vmlu_v2,vmlu,mimo-v2-6-flash,MiMo V2.6 Flash,vi-multimodel-v2-vmlu-dev,VMLU Dev v2,vmlu,subject,"(18, 'Introduction to Programming', 'STEM')",local,complete_local_score,5,5,5,5,0,0,100,4,80.0,,,,,,,,,,,,,,,,,,,,,Group/subject breakdown from source summary.
breakdown,vi-multimodel-expansion-v2,2,vmlu_v2,vmlu,mimo-v2-6-flash,MiMo V2.6 Flash,vi-multimodel-v2-vmlu-dev,VMLU Dev v2,vmlu,subject,"(19, 'Metrology Engineer', 'STEM')",local,complete_local_score,4,4,4,4,0,0,100,3,75.0,,,,,,,,,,,,,,,,,,,,,Group/subject breakdown from source summary.
breakdown,vi-multimodel-expansion-v2,2,vmlu_v2,vmlu,mimo-v2-6-flash,MiMo V2.6 Flash,vi-multimodel-v2-vmlu-dev,VMLU Dev v2,vmlu,subject,"(2, 'Elementary Science', 'STEM')",local,complete_local_score,6,6,6,6,0,0,100,5,83.33,,,,,,,,,,,,,,,,,,,,,Group/subject breakdown from source summary.
breakdown,vi-multimodel-expansion-v2,2,vmlu_v2,vmlu,mimo-v2-6-flash,MiMo V2.6 Flash,vi-multimodel-v2-vmlu-dev,VMLU Dev v2,vmlu,subject,"(20, 'Operating System', 'STEM')",local,complete_local_score,6,6,6,6,0,0,100,6,100.0,,,,,,,,,,,,,,,,,,,,,Group/subject breakdown from source summary.
breakdown,vi-multimodel-expansion-v2,2,vmlu_v2,vmlu,mimo-v2-6-flash,MiMo V2.6 Flash,vi-multimodel-v2-vmlu-dev,VMLU Dev v2,vmlu,subject,"(21, 'Statistics and Probability', 'STEM')",local,complete_local_score,5,5,5,5,0,0,100,5,100.0,,,,,,,,,,,,,,,,,,,,,Group/subject breakdown from source summary.
breakdown,vi-multimodel-expansion-v2,2,vmlu_v2,vmlu,mimo-v2-6-flash,MiMo V2.6 Flash,vi-multimodel-v2-vmlu-dev,VMLU Dev v2,vmlu,subject,"(22, 'Middle School Civil Education', 'Social Science')",local,complete_local_score,5,5,5,5,0,0,100,5,100.0,,,,,,,,,,,,,,,,,,,,,Group/subject breakdown from source summary.
breakdown,vi-multimodel-expansion-v2,2,vmlu_v2,vmlu,mimo-v2-6-flash,MiMo V2.6 Flash,vi-multimodel-v2-vmlu-dev,VMLU Dev v2,vmlu,subject,"(23, 'Middle School Geography', 'Social Science')",local,complete_local_score,4,4,4,4,0,0,100,3,75.0,,,,,,,,,,,,,,,,,,,,,Group/subject breakdown from source summary.
breakdown,vi-multimodel-expansion-v2,2,vmlu_v2,vmlu,mimo-v2-6-flash,MiMo V2.6 Flash,vi-multimodel-v2-vmlu-dev,VMLU Dev v2,vmlu,subject,"(24, 'High School Civil Education', 'Social Science')",local,complete_local_score,6,6,6,6,0,0,100,6,100.0,,,,,,,,,,,,,,,,,,,,,Group/subject breakdown from source summary.
breakdown,vi-multimodel-expansion-v2,2,vmlu_v2,vmlu,mimo-v2-6-flash,MiMo V2.6 Flash,vi-multimodel-v2-vmlu-dev,VMLU Dev v2,vmlu,subject,"(25, 'High School Geography', 'Social Science')",local,complete_local_score,5,5,5,5,0,0,100,5,100.0,,,,,,,,,,,,,,,,,,,,,Group/subject breakdown from source summary.
breakdown,vi-multimodel-expansion-v2,2,vmlu_v2,vmlu,mimo-v2-6-flash,MiMo V2.6 Flash,vi-multimodel-v2-vmlu-dev,VMLU Dev v2,vmlu,subject,"(26, 'Business Administration', 'Social Science')",local,complete_local_score,5,5,5,5,0,0,100,5,100.0,,,,,,,,,,,,,,,,,,,,,Group/subject breakdown from source summary.
breakdown,vi-multimodel-expansion-v2,2,vmlu_v2,vmlu,mimo-v2-6-flash,MiMo V2.6 Flash,vi-multimodel-v2-vmlu-dev,VMLU Dev v2,vmlu,subject,"(27, 'Ho Chi Minh Ideology', 'Social Science')",local,complete_local_score,5,5,5,5,0,0,100,4,80.0,,,,,,,,,,,,,,,,,,,,,Group/subject breakdown from source summary.
breakdown,vi-multimodel-expansion-v2,2,vmlu_v2,vmlu,mimo-v2-6-flash,MiMo V2.6 Flash,vi-multimodel-v2-vmlu-dev,VMLU Dev v2,vmlu,subject,"(28, 'Macroeconomics', 'Social Science')",local,complete_local_score,6,6,6,6,0,0,100,6,100.0,,,,,,,,,,,,,,,,,,,,,Group/subject breakdown from source summary.
breakdown,vi-multimodel-expansion-v2,2,vmlu_v2,vmlu,mimo-v2-6-flash,MiMo V2.6 Flash,vi-multimodel-v2-vmlu-dev,VMLU Dev v2,vmlu,subject,"(29, 'Microeconomics', 'Social Science')",local,complete_local_score,6,6,6,6,0,0,100,5,83.33,,,,,,,,,,,,,,,,,,,,,Group/subject breakdown from source summary.
breakdown,vi-multimodel-expansion-v2,2,vmlu_v2,vmlu,mimo-v2-6-flash,MiMo V2.6 Flash,vi-multimodel-v2-vmlu-dev,VMLU Dev v2,vmlu,subject,"(3, 'Middle School Biology', 'STEM')",local,complete_local_score,5,5,5,5,0,0,100,5,100.0,,,,,,,,,,,,,,,,,,,,,Group/subject breakdown from source summary.
breakdown,vi-multimodel-expansion-v2,2,vmlu_v2,vmlu,mimo-v2-6-flash,MiMo V2.6 Flash,vi-multimodel-v2-vmlu-dev,VMLU Dev v2,vmlu,subject,"(30, 'Principles of Marxism and Leninism', 'Social Science')",local,complete_local_score,6,6,6,6,0,0,100,5,83.33,,,,,,,,,,,,,,,,,,,,,Group/subject breakdown from source summary.
breakdown,vi-multimodel-expansion-v2,2,vmlu_v2,vmlu,mimo-v2-6-flash,MiMo V2.6 Flash,vi-multimodel-v2-vmlu-dev,VMLU Dev v2,vmlu,subject,"(31, 'Sociology', 'Social Science')",local,complete_local_score,5,5,5,5,0,0,100,5,100.0,,,,,,,,,,,,,,,,,,,,,Group/subject breakdown from source summary.
breakdown,vi-multimodel-expansion-v2,2,vmlu_v2,vmlu,mimo-v2-6-flash,MiMo V2.6 Flash,vi-multimodel-v2-vmlu-dev,VMLU Dev v2,vmlu,subject,"(32, 'Elementary History', 'Humanity')",local,complete_local_score,5,5,5,5,0,0,100,4,80.0,,,,,,,,,,,,,,,,,,,,,Group/subject breakdown from source summary.
breakdown,vi-multimodel-expansion-v2,2,vmlu_v2,vmlu,mimo-v2-6-flash,MiMo V2.6 Flash,vi-multimodel-v2-vmlu-dev,VMLU Dev v2,vmlu,subject,"(33, 'Middle School History', 'Humanity')",local,complete_local_score,6,6,6,6,0,0,100,6,100.0,,,,,,,,,,,,,,,,,,,,,Group/subject breakdown from source summary.
breakdown,vi-multimodel-expansion-v2,2,vmlu_v2,vmlu,mimo-v2-6-flash,MiMo V2.6 Flash,vi-multimodel-v2-vmlu-dev,VMLU Dev v2,vmlu,subject,"(34, 'Middle School Literature', 'Humanity')",local,complete_local_score,5,5,5,5,0,0,100,4,80.0,,,,,,,,,,,,,,,,,,,,,Group/subject breakdown from source summary.
breakdown,vi-multimodel-expansion-v2,2,vmlu_v2,vmlu,mimo-v2-6-flash,MiMo V2.6 Flash,vi-multimodel-v2-vmlu-dev,VMLU Dev v2,vmlu,subject,"(35, 'High School History', 'Humanity')",local,complete_local_score,6,6,6,6,0,0,100,6,100.0,,,,,,,,,,,,,,,,,,,,,Group/subject breakdown from source summary.
breakdown,vi-multimodel-expansion-v2,2,vmlu_v2,vmlu,mimo-v2-6-flash,MiMo V2.6 Flash,vi-multimodel-v2-vmlu-dev,VMLU Dev v2,vmlu,subject,"(36, 'High School Literature', 'Humanity')",local,complete_local_score,6,6,6,6,0,0,100,4,66.67,,,,,,,,,,,,,,,,,,,,,Group/subject breakdown from source summary.
breakdown,vi-multimodel-expansion-v2,2,vmlu_v2,vmlu,mimo-v2-6-flash,MiMo V2.6 Flash,vi-multimodel-v2-vmlu-dev,VMLU Dev v2,vmlu,subject,"(37, 'Administrative Law', 'Humanity')",local,complete_local_score,3,3,3,3,0,0,100,1,33.33,,,,,,,,,,,,,,,,,,,,,Group/subject breakdown from source summary.
breakdown,vi-multimodel-expansion-v2,2,vmlu_v2,vmlu,mimo-v2-6-flash,MiMo V2.6 Flash,vi-multimodel-v2-vmlu-dev,VMLU Dev v2,vmlu,subject,"(38, 'Business Law', 'Humanity')",local,complete_local_score,5,5,5,5,0,0,100,4,80.0,,,,,,,,,,,,,,,,,,,,,Group/subject breakdown from source summary.
breakdown,vi-multimodel-expansion-v2,2,vmlu_v2,vmlu,mimo-v2-6-flash,MiMo V2.6 Flash,vi-multimodel-v2-vmlu-dev,VMLU Dev v2,vmlu,subject,"(39, 'Civil Law', 'Humanity')",local,complete_local_score,6,6,6,6,0,0,100,5,83.33,,,,,,,,,,,,,,,,,,,,,Group/subject breakdown from source summary.
breakdown,vi-multimodel-expansion-v2,2,vmlu_v2,vmlu,mimo-v2-6-flash,MiMo V2.6 Flash,vi-multimodel-v2-vmlu-dev,VMLU Dev v2,vmlu,subject,"(4, 'Middle School Chemistry', 'STEM')",local,complete_local_score,6,6,6,6,0,0,100,6,100.0,,,,,,,,,,,,,,,,,,,,,Group/subject breakdown from source summary.
breakdown,vi-multimodel-expansion-v2,2,vmlu_v2,vmlu,mimo-v2-6-flash,MiMo V2.6 Flash,vi-multimodel-v2-vmlu-dev,VMLU Dev v2,vmlu,subject,"(40, 'Criminal Law', 'Humanity')",local,complete_local_score,5,5,5,5,0,0,100,4,80.0,,,,,,,,,,,,,,,,,,,,,Group/subject breakdown from source summary.
breakdown,vi-multimodel-expansion-v2,2,vmlu_v2,vmlu,mimo-v2-6-flash,MiMo V2.6 Flash,vi-multimodel-v2-vmlu-dev,VMLU Dev v2,vmlu,subject,"(41, 'Economic Law', 'Humanity')",local,complete_local_score,5,5,5,5,0,0,100,3,60.0,,,,,,,,,,,,,,,,,,,,,Group/subject breakdown from source summary.
breakdown,vi-multimodel-expansion-v2,2,vmlu_v2,vmlu,mimo-v2-6-flash,MiMo V2.6 Flash,vi-multimodel-v2-vmlu-dev,VMLU Dev v2,vmlu,subject,"(42, 'Education Law', 'Humanity')",local,complete_local_score,5,5,5,5,0,0,100,5,100.0,,,,,,,,,,,,,,,,,,,,,Group/subject breakdown from source summary.
breakdown,vi-multimodel-expansion-v2,2,vmlu_v2,vmlu,mimo-v2-6-flash,MiMo V2.6 Flash,vi-multimodel-v2-vmlu-dev,VMLU Dev v2,vmlu,subject,"(43, 'History of World Civilization', 'Humanity')",local,complete_local_score,6,6,6,6,0,0,100,5,83.33,,,,,,,,,,,,,,,,,,,,,Group/subject breakdown from source summary.
breakdown,vi-multimodel-expansion-v2,2,vmlu_v2,vmlu,mimo-v2-6-flash,MiMo V2.6 Flash,vi-multimodel-v2-vmlu-dev,VMLU Dev v2,vmlu,subject,"(44, 'Idealogical and Moral Cultivation', 'Humanity')",local,complete_local_score,6,6,6,6,0,0,100,6,100.0,,,,,,,,,,,,,,,,,,,,,Group/subject breakdown from source summary.
breakdown,vi-multimodel-expansion-v2,2,vmlu_v2,vmlu,mimo-v2-6-flash,MiMo V2.6 Flash,vi-multimodel-v2-vmlu-dev,VMLU Dev v2,vmlu,subject,"(45, 'Introduction to Laws', 'Humanity')",local,complete_local_score,4,4,4,4,0,0,100,3,75.0,,,,,,,,,,,,,,,,,,,,,Group/subject breakdown from source summary.
breakdown,vi-multimodel-expansion-v2,2,vmlu_v2,vmlu,mimo-v2-6-flash,MiMo V2.6 Flash,vi-multimodel-v2-vmlu-dev,VMLU Dev v2,vmlu,subject,"(46, 'Introduction to Vietnam Culture', 'Humanity')",local,complete_local_score,6,6,6,6,0,0,100,5,83.33,,,,,,,,,,,,,,,,,,,,,Group/subject breakdown from source summary.
breakdown,vi-multimodel-expansion-v2,2,vmlu_v2,vmlu,mimo-v2-6-flash,MiMo V2.6 Flash,vi-multimodel-v2-vmlu-dev,VMLU Dev v2,vmlu,subject,"(47, 'Logic', 'Humanity')",local,complete_local_score,5,5,5,5,0,0,100,4,80.0,,,,,,,,,,,,,,,,,,,,,Group/subject breakdown from source summary.
breakdown,vi-multimodel-expansion-v2,2,vmlu_v2,vmlu,mimo-v2-6-flash,MiMo V2.6 Flash,vi-multimodel-v2-vmlu-dev,VMLU Dev v2,vmlu,subject,"(48, 'Revolutionary Policy of the Vietnamese Commununist Part', 'Humanity')",local,complete_local_score,6,6,6,6,0,0,100,4,66.67,,,,,,,,,,,,,,,,,,,,,Group/subject breakdown from source summary.
breakdown,vi-multimodel-expansion-v2,2,vmlu_v2,vmlu,mimo-v2-6-flash,MiMo V2.6 Flash,vi-multimodel-v2-vmlu-dev,VMLU Dev v2,vmlu,subject,"(49, 'Vietnamese Language and Literature', 'Humanity')",local,complete_local_score,5,5,5,5,0,0,100,3,60.0,,,,,,,,,,,,,,,,,,,,,Group/subject breakdown from source summary.
breakdown,vi-multimodel-expansion-v2,2,vmlu_v2,vmlu,mimo-v2-6-flash,MiMo V2.6 Flash,vi-multimodel-v2-vmlu-dev,VMLU Dev v2,vmlu,subject,"(5, 'Middle School Mathematics', 'STEM')",local,complete_local_score,3,3,3,3,0,0,100,2,66.67,,,,,,,,,,,,,,,,,,,,,Group/subject breakdown from source summary.
breakdown,vi-multimodel-expansion-v2,2,vmlu_v2,vmlu,mimo-v2-6-flash,MiMo V2.6 Flash,vi-multimodel-v2-vmlu-dev,VMLU Dev v2,vmlu,subject,"(50, 'Accountant', 'Other')",local,complete_local_score,5,5,5,5,0,0,100,3,60.0,,,,,,,,,,,,,,,,,,,,,Group/subject breakdown from source summary.
breakdown,vi-multimodel-expansion-v2,2,vmlu_v2,vmlu,mimo-v2-6-flash,MiMo V2.6 Flash,vi-multimodel-v2-vmlu-dev,VMLU Dev v2,vmlu,subject,"(51, 'Clinical Pharmacology', 'Other')",local,complete_local_score,6,6,6,6,0,0,100,2,33.33,,,,,,,,,,,,,,,,,,,,,Group/subject breakdown from source summary.
breakdown,vi-multimodel-expansion-v2,2,vmlu_v2,vmlu,mimo-v2-6-flash,MiMo V2.6 Flash,vi-multimodel-v2-vmlu-dev,VMLU Dev v2,vmlu,subject,"(52, 'Environmental Engineering', 'Other')",local,complete_local_score,5,5,5,5,0,0,100,4,80.0,,,,,,,,,,,,,,,,,,,,,Group/subject breakdown from source summary.
breakdown,vi-multimodel-expansion-v2,2,vmlu_v2,vmlu,mimo-v2-6-flash,MiMo V2.6 Flash,vi-multimodel-v2-vmlu-dev,VMLU Dev v2,vmlu,subject,"(53, 'Internal Basic Medicine', 'Other')",local,complete_local_score,5,5,5,5,0,0,100,3,60.0,,,,,,,,,,,,,,,,,,,,,Group/subject breakdown from source summary.
breakdown,vi-multimodel-expansion-v2,2,vmlu_v2,vmlu,mimo-v2-6-flash,MiMo V2.6 Flash,vi-multimodel-v2-vmlu-dev,VMLU Dev v2,vmlu,subject,"(54, 'Preschool Pedagogy', 'Other')",local,complete_local_score,3,3,3,3,0,0,100,2,66.67,,,,,,,,,,,,,,,,,,,,,Group/subject breakdown from source summary.
breakdown,vi-multimodel-expansion-v2,2,vmlu_v2,vmlu,mimo-v2-6-flash,MiMo V2.6 Flash,vi-multimodel-v2-vmlu-dev,VMLU Dev v2,vmlu,subject,"(55, 'Tax Accountant', 'Other')",local,complete_local_score,5,5,5,5,0,0,100,3,60.0,,,,,,,,,,,,,,,,,,,,,Group/subject breakdown from source summary.
breakdown,vi-multimodel-expansion-v2,2,vmlu_v2,vmlu,mimo-v2-6-flash,MiMo V2.6 Flash,vi-multimodel-v2-vmlu-dev,VMLU Dev v2,vmlu,subject,"(56, 'Tax Civil Servant', 'Other')",local,complete_local_score,5,5,5,5,0,0,100,2,40.0,,,,,,,,,,,,,,,,,,,,,Group/subject breakdown from source summary.
breakdown,vi-multimodel-expansion-v2,2,vmlu_v2,vmlu,mimo-v2-6-flash,MiMo V2.6 Flash,vi-multimodel-v2-vmlu-dev,VMLU Dev v2,vmlu,subject,"(57, 'Civil Servant', 'Other')",local,complete_local_score,5,5,5,5,0,0,100,2,40.0,,,,,,,,,,,,,,,,,,,,,Group/subject breakdown from source summary.
breakdown,vi-multimodel-expansion-v2,2,vmlu_v2,vmlu,mimo-v2-6-flash,MiMo V2.6 Flash,vi-multimodel-v2-vmlu-dev,VMLU Dev v2,vmlu,subject,"(58, 'Driving License Certificate', 'Other')",local,complete_local_score,5,5,5,5,0,0,100,5,100.0,,,,,,,,,,,,,,,,,,,,,Group/subject breakdown from source summary.
breakdown,vi-multimodel-expansion-v2,2,vmlu_v2,vmlu,mimo-v2-6-flash,MiMo V2.6 Flash,vi-multimodel-v2-vmlu-dev,VMLU Dev v2,vmlu,subject,"(6, 'Middle School Physics', 'STEM')",local,complete_local_score,6,6,6,6,0,0,100,6,100.0,,,,,,,,,,,,,,,,,,,,,Group/subject breakdown from source summary.
breakdown,vi-multimodel-expansion-v2,2,vmlu_v2,vmlu,mimo-v2-6-flash,MiMo V2.6 Flash,vi-multimodel-v2-vmlu-dev,VMLU Dev v2,vmlu,subject,"(7, 'High School Biology', 'STEM')",local,complete_local_score,6,6,6,6,0,0,100,4,66.67,,,,,,,,,,,,,,,,,,,,,Group/subject breakdown from source summary.
breakdown,vi-multimodel-expansion-v2,2,vmlu_v2,vmlu,mimo-v2-6-flash,MiMo V2.6 Flash,vi-multimodel-v2-vmlu-dev,VMLU Dev v2,vmlu,subject,"(8, 'High School Chemistry', 'STEM')",local,complete_local_score,6,6,6,6,0,0,100,6,100.0,,,,,,,,,,,,,,,,,,,,,Group/subject breakdown from source summary.
breakdown,vi-multimodel-expansion-v2,2,vmlu_v2,vmlu,mimo-v2-6-flash,MiMo V2.6 Flash,vi-multimodel-v2-vmlu-dev,VMLU Dev v2,vmlu,subject,"(9, 'High School Mathematics', 'STEM')",local,complete_local_score,4,4,4,4,0,0,100,4,100.0,,,,,,,,,,,,,,,,,,,,,Group/subject breakdown from source summary.
breakdown,vi-multimodel-expansion-v2,2,vmlu_v2,vmlu,mimo-v2-6-flash,MiMo V2.6 Flash,vi-multimodel-v2-vmlu-valid,VMLU Valid v2,vmlu,subject,"(1, 'Elementary Mathematics', 'STEM')",local,complete_local_score,14,14,14,14,0,0,100,11,78.57,,,,,,,,,,,,,,,,,,,,,Group/subject breakdown from source summary.
breakdown,vi-multimodel-expansion-v2,2,vmlu_v2,vmlu,mimo-v2-6-flash,MiMo V2.6 Flash,vi-multimodel-v2-vmlu-valid,VMLU Valid v2,vmlu,subject,"(10, 'High School Physics', 'STEM')",local,complete_local_score,14,14,14,14,0,0,100,14,100.0,,,,,,,,,,,,,,,,,,,,,Group/subject breakdown from source summary.
breakdown,vi-multimodel-expansion-v2,2,vmlu_v2,vmlu,mimo-v2-6-flash,MiMo V2.6 Flash,vi-multimodel-v2-vmlu-valid,VMLU Valid v2,vmlu,subject,"(11, 'Applied Informatics', 'STEM')",local,complete_local_score,14,14,14,14,0,0,100,12,85.71,,,,,,,,,,,,,,,,,,,,,Group/subject breakdown from source summary.
breakdown,vi-multimodel-expansion-v2,2,vmlu_v2,vmlu,mimo-v2-6-flash,MiMo V2.6 Flash,vi-multimodel-v2-vmlu-valid,VMLU Valid v2,vmlu,subject,"(12, 'Computer Architecture', 'STEM')",local,complete_local_score,14,14,14,14,0,0,100,14,100.0,,,,,,,,,,,,,,,,,,,,,Group/subject breakdown from source summary.
breakdown,vi-multimodel-expansion-v2,2,vmlu_v2,vmlu,mimo-v2-6-flash,MiMo V2.6 Flash,vi-multimodel-v2-vmlu-valid,VMLU Valid v2,vmlu,subject,"(13, 'Computer Network', 'STEM')",local,complete_local_score,13,13,13,13,0,0,100,13,100.0,,,,,,,,,,,,,,,,,,,,,Group/subject breakdown from source summary.
breakdown,vi-multimodel-expansion-v2,2,vmlu_v2,vmlu,mimo-v2-6-flash,MiMo V2.6 Flash,vi-multimodel-v2-vmlu-valid,VMLU Valid v2,vmlu,subject,"(14, 'Discrete Mathematics', 'STEM')",local,complete_local_score,12,12,12,12,0,0,100,12,100.0,,,,,,,,,,,,,,,,,,,,,Group/subject breakdown from source summary.
breakdown,vi-multimodel-expansion-v2,2,vmlu_v2,vmlu,mimo-v2-6-flash,MiMo V2.6 Flash,vi-multimodel-v2-vmlu-valid,VMLU Valid v2,vmlu,subject,"(15, 'Electrical Engineering', 'STEM')",local,complete_local_score,13,13,13,13,0,0,100,12,92.31,,,,,,,,,,,,,,,,,,,,,Group/subject breakdown from source summary.
breakdown,vi-multimodel-expansion-v2,2,vmlu_v2,vmlu,mimo-v2-6-flash,MiMo V2.6 Flash,vi-multimodel-v2-vmlu-valid,VMLU Valid v2,vmlu,subject,"(16, 'Introduction to Chemistry', 'STEM')",local,complete_local_score,13,13,13,13,0,0,100,9,69.23,,,,,,,,,,,,,,,,,,,,,Group/subject breakdown from source summary.
breakdown,vi-multimodel-expansion-v2,2,vmlu_v2,vmlu,mimo-v2-6-flash,MiMo V2.6 Flash,vi-multimodel-v2-vmlu-valid,VMLU Valid v2,vmlu,subject,"(17, 'Introduction to Physics', 'STEM')",local,complete_local_score,13,13,13,13,0,0,100,12,92.31,,,,,,,,,,,,,,,,,,,,,Group/subject breakdown from source summary.
breakdown,vi-multimodel-expansion-v2,2,vmlu_v2,vmlu,mimo-v2-6-flash,MiMo V2.6 Flash,vi-multimodel-v2-vmlu-valid,VMLU Valid v2,vmlu,subject,"(18, 'Introduction to Programming', 'STEM')",local,complete_local_score,13,13,13,13,0,0,100,11,84.62,,,,,,,,,,,,,,,,,,,,,Group/subject breakdown from source summary.
breakdown,vi-multimodel-expansion-v2,2,vmlu_v2,vmlu,mimo-v2-6-flash,MiMo V2.6 Flash,vi-multimodel-v2-vmlu-valid,VMLU Valid v2,vmlu,subject,"(19, 'Metrology Engineer', 'STEM')",local,complete_local_score,10,10,10,10,0,0,100,8,80.0,,,,,,,,,,,,,,,,,,,,,Group/subject breakdown from source summary.
breakdown,vi-multimodel-expansion-v2,2,vmlu_v2,vmlu,mimo-v2-6-flash,MiMo V2.6 Flash,vi-multimodel-v2-vmlu-valid,VMLU Valid v2,vmlu,subject,"(2, 'Elementary Science', 'STEM')",local,complete_local_score,14,14,14,14,0,0,100,14,100.0,,,,,,,,,,,,,,,,,,,,,Group/subject breakdown from source summary.
breakdown,vi-multimodel-expansion-v2,2,vmlu_v2,vmlu,mimo-v2-6-flash,MiMo V2.6 Flash,vi-multimodel-v2-vmlu-valid,VMLU Valid v2,vmlu,subject,"(20, 'Operating System', 'STEM')",local,complete_local_score,14,14,14,14,0,0,100,13,92.86,,,,,,,,,,,,,,,,,,,,,Group/subject breakdown from source summary.
breakdown,vi-multimodel-expansion-v2,2,vmlu_v2,vmlu,mimo-v2-6-flash,MiMo V2.6 Flash,vi-multimodel-v2-vmlu-valid,VMLU Valid v2,vmlu,subject,"(21, 'Statistics and Probability', 'STEM')",local,complete_local_score,13,13,13,13,0,0,100,12,92.31,,,,,,,,,,,,,,,,,,,,,Group/subject breakdown from source summary.
breakdown,vi-multimodel-expansion-v2,2,vmlu_v2,vmlu,mimo-v2-6-flash,MiMo V2.6 Flash,vi-multimodel-v2-vmlu-valid,VMLU Valid v2,vmlu,subject,"(22, 'Middle School Civil Education', 'Social Science')",local,complete_local_score,13,13,13,13,0,0,100,10,76.92,,,,,,,,,,,,,,,,,,,,,Group/subject breakdown from source summary.
breakdown,vi-multimodel-expansion-v2,2,vmlu_v2,vmlu,mimo-v2-6-flash,MiMo V2.6 Flash,vi-multimodel-v2-vmlu-valid,VMLU Valid v2,vmlu,subject,"(23, 'Middle School Geography', 'Social Science')",local,complete_local_score,11,11,11,11,0,0,100,6,54.55,,,,,,,,,,,,,,,,,,,,,Group/subject breakdown from source summary.
breakdown,vi-multimodel-expansion-v2,2,vmlu_v2,vmlu,mimo-v2-6-flash,MiMo V2.6 Flash,vi-multimodel-v2-vmlu-valid,VMLU Valid v2,vmlu,subject,"(24, 'High School Civil Education', 'Social Science')",local,complete_local_score,14,14,14,14,0,0,100,13,92.86,,,,,,,,,,,,,,,,,,,,,Group/subject breakdown from source summary.
breakdown,vi-multimodel-expansion-v2,2,vmlu_v2,vmlu,mimo-v2-6-flash,MiMo V2.6 Flash,vi-multimodel-v2-vmlu-valid,VMLU Valid v2,vmlu,subject,"(25, 'High School Geography', 'Social Science')",local,complete_local_score,12,12,12,12,0,0,100,10,83.33,,,,,,,,,,,,,,,,,,,,,Group/subject breakdown from source summary.
breakdown,vi-multimodel-expansion-v2,2,vmlu_v2,vmlu,mimo-v2-6-flash,MiMo V2.6 Flash,vi-multimodel-v2-vmlu-valid,VMLU Valid v2,vmlu,subject,"(26, 'Business Administration', 'Social Science')",local,complete_local_score,13,13,13,13,0,0,100,11,84.62,,,,,,,,,,,,,,,,,,,,,Group/subject breakdown from source summary.
breakdown,vi-multimodel-expansion-v2,2,vmlu_v2,vmlu,mimo-v2-6-flash,MiMo V2.6 Flash,vi-multimodel-v2-vmlu-valid,VMLU Valid v2,vmlu,subject,"(27, 'Ho Chi Minh Ideology', 'Social Science')",local,complete_local_score,13,13,13,13,0,0,100,11,84.62,,,,,,,,,,,,,,,,,,,,,Group/subject breakdown from source summary.
breakdown,vi-multimodel-expansion-v2,2,vmlu_v2,vmlu,mimo-v2-6-flash,MiMo V2.6 Flash,vi-multimodel-v2-vmlu-valid,VMLU Valid v2,vmlu,subject,"(28, 'Macroeconomics', 'Social Science')",local,complete_local_score,14,14,14,14,0,0,100,11,78.57,,,,,,,,,,,,,,,,,,,,,Group/subject breakdown from source summary.
breakdown,vi-multimodel-expansion-v2,2,vmlu_v2,vmlu,mimo-v2-6-flash,MiMo V2.6 Flash,vi-multimodel-v2-vmlu-valid,VMLU Valid v2,vmlu,subject,"(29, 'Microeconomics', 'Social Science')",local,complete_local_score,14,14,14,14,0,0,100,12,85.71,,,,,,,,,,,,,,,,,,,,,Group/subject breakdown from source summary.
breakdown,vi-multimodel-expansion-v2,2,vmlu_v2,vmlu,mimo-v2-6-flash,MiMo V2.6 Flash,vi-multimodel-v2-vmlu-valid,VMLU Valid v2,vmlu,subject,"(3, 'Middle School Biology', 'STEM')",local,complete_local_score,13,13,13,13,0,0,100,12,92.31,,,,,,,,,,,,,,,,,,,,,Group/subject breakdown from source summary.
breakdown,vi-multimodel-expansion-v2,2,vmlu_v2,vmlu,mimo-v2-6-flash,MiMo V2.6 Flash,vi-multimodel-v2-vmlu-valid,VMLU Valid v2,vmlu,subject,"(30, 'Principles of Marxism and Leninism', 'Social Science')",local,complete_local_score,14,14,14,14,0,0,100,13,92.86,,,,,,,,,,,,,,,,,,,,,Group/subject breakdown from source summary.
breakdown,vi-multimodel-expansion-v2,2,vmlu_v2,vmlu,mimo-v2-6-flash,MiMo V2.6 Flash,vi-multimodel-v2-vmlu-valid,VMLU Valid v2,vmlu,subject,"(31, 'Sociology', 'Social Science')",local,complete_local_score,13,13,13,13,0,0,100,10,76.92,,,,,,,,,,,,,,,,,,,,,Group/subject breakdown from source summary.
breakdown,vi-multimodel-expansion-v2,2,vmlu_v2,vmlu,mimo-v2-6-flash,MiMo V2.6 Flash,vi-multimodel-v2-vmlu-valid,VMLU Valid v2,vmlu,subject,"(32, 'Elementary History', 'Humanity')",local,complete_local_score,13,13,13,13,0,0,100,13,100.0,,,,,,,,,,,,,,,,,,,,,Group/subject breakdown from source summary.
breakdown,vi-multimodel-expansion-v2,2,vmlu_v2,vmlu,mimo-v2-6-flash,MiMo V2.6 Flash,vi-multimodel-v2-vmlu-valid,VMLU Valid v2,vmlu,subject,"(33, 'Middle School History', 'Humanity')",local,complete_local_score,14,14,14,14,0,0,100,11,78.57,,,,,,,,,,,,,,,,,,,,,Group/subject breakdown from source summary.
breakdown,vi-multimodel-expansion-v2,2,vmlu_v2,vmlu,mimo-v2-6-flash,MiMo V2.6 Flash,vi-multimodel-v2-vmlu-valid,VMLU Valid v2,vmlu,subject,"(34, 'Middle School Literature', 'Humanity')",local,complete_local_score,13,13,13,13,0,0,100,8,61.54,,,,,,,,,,,,,,,,,,,,,Group/subject breakdown from source summary.
breakdown,vi-multimodel-expansion-v2,2,vmlu_v2,vmlu,mimo-v2-6-flash,MiMo V2.6 Flash,vi-multimodel-v2-vmlu-valid,VMLU Valid v2,vmlu,subject,"(35, 'High School History', 'Humanity')",local,complete_local_score,14,14,14,14,0,0,100,13,92.86,,,,,,,,,,,,,,,,,,,,,Group/subject breakdown from source summary.
breakdown,vi-multimodel-expansion-v2,2,vmlu_v2,vmlu,mimo-v2-6-flash,MiMo V2.6 Flash,vi-multimodel-v2-vmlu-valid,VMLU Valid v2,vmlu,subject,"(36, 'High School Literature', 'Humanity')",local,complete_local_score,14,14,14,14,0,0,100,9,64.29,,,,,,,,,,,,,,,,,,,,,Group/subject breakdown from source summary.
breakdown,vi-multimodel-expansion-v2,2,vmlu_v2,vmlu,mimo-v2-6-flash,MiMo V2.6 Flash,vi-multimodel-v2-vmlu-valid,VMLU Valid v2,vmlu,subject,"(37, 'Administrative Law', 'Humanity')",local,complete_local_score,7,7,7,7,0,0,100,4,57.14,,,,,,,,,,,,,,,,,,,,,Group/subject breakdown from source summary.
breakdown,vi-multimodel-expansion-v2,2,vmlu_v2,vmlu,mimo-v2-6-flash,MiMo V2.6 Flash,vi-multimodel-v2-vmlu-valid,VMLU Valid v2,vmlu,subject,"(38, 'Business Law', 'Humanity')",local,complete_local_score,13,13,13,13,0,0,100,9,69.23,,,,,,,,,,,,,,,,,,,,,Group/subject breakdown from source summary.
breakdown,vi-multimodel-expansion-v2,2,vmlu_v2,vmlu,mimo-v2-6-flash,MiMo V2.6 Flash,vi-multimodel-v2-vmlu-valid,VMLU Valid v2,vmlu,subject,"(39, 'Civil Law', 'Humanity')",local,complete_local_score,14,14,14,14,0,0,100,9,64.29,,,,,,,,,,,,,,,,,,,,,Group/subject breakdown from source summary.
breakdown,vi-multimodel-expansion-v2,2,vmlu_v2,vmlu,mimo-v2-6-flash,MiMo V2.6 Flash,vi-multimodel-v2-vmlu-valid,VMLU Valid v2,vmlu,subject,"(4, 'Middle School Chemistry', 'STEM')",local,complete_local_score,14,14,14,14,0,0,100,13,92.86,,,,,,,,,,,,,,,,,,,,,Group/subject breakdown from source summary.
breakdown,vi-multimodel-expansion-v2,2,vmlu_v2,vmlu,mimo-v2-6-flash,MiMo V2.6 Flash,vi-multimodel-v2-vmlu-valid,VMLU Valid v2,vmlu,subject,"(40, 'Criminal Law', 'Humanity')",local,complete_local_score,12,12,12,12,0,0,100,7,58.33,,,,,,,,,,,,,,,,,,,,,Group/subject breakdown from source summary.
breakdown,vi-multimodel-expansion-v2,2,vmlu_v2,vmlu,mimo-v2-6-flash,MiMo V2.6 Flash,vi-multimodel-v2-vmlu-valid,VMLU Valid v2,vmlu,subject,"(41, 'Economic Law', 'Humanity')",local,complete_local_score,12,12,12,12,0,0,100,7,58.33,,,,,,,,,,,,,,,,,,,,,Group/subject breakdown from source summary.
breakdown,vi-multimodel-expansion-v2,2,vmlu_v2,vmlu,mimo-v2-6-flash,MiMo V2.6 Flash,vi-multimodel-v2-vmlu-valid,VMLU Valid v2,vmlu,subject,"(42, 'Education Law', 'Humanity')",local,complete_local_score,12,12,12,12,0,0,100,7,58.33,,,,,,,,,,,,,,,,,,,,,Group/subject breakdown from source summary.
breakdown,vi-multimodel-expansion-v2,2,vmlu_v2,vmlu,mimo-v2-6-flash,MiMo V2.6 Flash,vi-multimodel-v2-vmlu-valid,VMLU Valid v2,vmlu,subject,"(43, 'History of World Civilization', 'Humanity')",local,complete_local_score,14,14,14,14,0,0,100,12,85.71,,,,,,,,,,,,,,,,,,,,,Group/subject breakdown from source summary.
breakdown,vi-multimodel-expansion-v2,2,vmlu_v2,vmlu,mimo-v2-6-flash,MiMo V2.6 Flash,vi-multimodel-v2-vmlu-valid,VMLU Valid v2,vmlu,subject,"(44, 'Idealogical and Moral Cultivation', 'Humanity')",local,complete_local_score,14,14,14,14,0,0,100,12,85.71,,,,,,,,,,,,,,,,,,,,,Group/subject breakdown from source summary.
breakdown,vi-multimodel-expansion-v2,2,vmlu_v2,vmlu,mimo-v2-6-flash,MiMo V2.6 Flash,vi-multimodel-v2-vmlu-valid,VMLU Valid v2,vmlu,subject,"(45, 'Introduction to Laws', 'Humanity')",local,complete_local_score,9,9,9,9,0,0,100,6,66.67,,,,,,,,,,,,,,,,,,,,,Group/subject breakdown from source summary.
breakdown,vi-multimodel-expansion-v2,2,vmlu_v2,vmlu,mimo-v2-6-flash,MiMo V2.6 Flash,vi-multimodel-v2-vmlu-valid,VMLU Valid v2,vmlu,subject,"(46, 'Introduction to Vietnam Culture', 'Humanity')",local,complete_local_score,14,14,14,14,0,0,100,12,85.71,,,,,,,,,,,,,,,,,,,,,Group/subject breakdown from source summary.
breakdown,vi-multimodel-expansion-v2,2,vmlu_v2,vmlu,mimo-v2-6-flash,MiMo V2.6 Flash,vi-multimodel-v2-vmlu-valid,VMLU Valid v2,vmlu,subject,"(47, 'Logic', 'Humanity')",local,complete_local_score,13,13,13,13,0,0,100,10,76.92,,,,,,,,,,,,,,,,,,,,,Group/subject breakdown from source summary.
breakdown,vi-multimodel-expansion-v2,2,vmlu_v2,vmlu,mimo-v2-6-flash,MiMo V2.6 Flash,vi-multimodel-v2-vmlu-valid,VMLU Valid v2,vmlu,subject,"(48, 'Revolutionary Policy of the Vietnamese Commununist Part', 'Humanity')",local,complete_local_score,14,14,14,14,0,0,100,8,57.14,,,,,,,,,,,,,,,,,,,,,Group/subject breakdown from source summary.
breakdown,vi-multimodel-expansion-v2,2,vmlu_v2,vmlu,mimo-v2-6-flash,MiMo V2.6 Flash,vi-multimodel-v2-vmlu-valid,VMLU Valid v2,vmlu,subject,"(49, 'Vietnamese Language and Literature', 'Humanity')",local,complete_local_score,13,13,13,13,0,0,100,8,61.54,,,,,,,,,,,,,,,,,,,,,Group/subject breakdown from source summary.
breakdown,vi-multimodel-expansion-v2,2,vmlu_v2,vmlu,mimo-v2-6-flash,MiMo V2.6 Flash,vi-multimodel-v2-vmlu-valid,VMLU Valid v2,vmlu,subject,"(5, 'Middle School Mathematics', 'STEM')",local,complete_local_score,8,8,8,8,0,0,100,7,87.5,,,,,,,,,,,,,,,,,,,,,Group/subject breakdown from source summary.
breakdown,vi-multimodel-expansion-v2,2,vmlu_v2,vmlu,mimo-v2-6-flash,MiMo V2.6 Flash,vi-multimodel-v2-vmlu-valid,VMLU Valid v2,vmlu,subject,"(50, 'Accountant', 'Other')",local,complete_local_score,13,13,13,13,0,0,100,7,53.85,,,,,,,,,,,,,,,,,,,,,Group/subject breakdown from source summary.
breakdown,vi-multimodel-expansion-v2,2,vmlu_v2,vmlu,mimo-v2-6-flash,MiMo V2.6 Flash,vi-multimodel-v2-vmlu-valid,VMLU Valid v2,vmlu,subject,"(51, 'Clinical Pharmacology', 'Other')",local,complete_local_score,14,14,14,14,0,0,100,12,85.71,,,,,,,,,,,,,,,,,,,,,Group/subject breakdown from source summary.
breakdown,vi-multimodel-expansion-v2,2,vmlu_v2,vmlu,mimo-v2-6-flash,MiMo V2.6 Flash,vi-multimodel-v2-vmlu-valid,VMLU Valid v2,vmlu,subject,"(52, 'Environmental Engineering', 'Other')",local,complete_local_score,13,13,13,13,0,0,100,9,69.23,,,,,,,,,,,,,,,,,,,,,Group/subject breakdown from source summary.
breakdown,vi-multimodel-expansion-v2,2,vmlu_v2,vmlu,mimo-v2-6-flash,MiMo V2.6 Flash,vi-multimodel-v2-vmlu-valid,VMLU Valid v2,vmlu,subject,"(53, 'Internal Basic Medicine', 'Other')",local,complete_local_score,13,13,13,13,0,0,100,10,76.92,,,,,,,,,,,,,,,,,,,,,Group/subject breakdown from source summary.
breakdown,vi-multimodel-expansion-v2,2,vmlu_v2,vmlu,mimo-v2-6-flash,MiMo V2.6 Flash,vi-multimodel-v2-vmlu-valid,VMLU Valid v2,vmlu,subject,"(54, 'Preschool Pedagogy', 'Other')",local,complete_local_score,7,7,7,7,0,0,100,3,42.86,,,,,,,,,,,,,,,,,,,,,Group/subject breakdown from source summary.
breakdown,vi-multimodel-expansion-v2,2,vmlu_v2,vmlu,mimo-v2-6-flash,MiMo V2.6 Flash,vi-multimodel-v2-vmlu-valid,VMLU Valid v2,vmlu,subject,"(55, 'Tax Accountant', 'Other')",local,complete_local_score,13,13,13,13,0,0,100,9,69.23,,,,,,,,,,,,,,,,,,,,,Group/subject breakdown from source summary.
breakdown,vi-multimodel-expansion-v2,2,vmlu_v2,vmlu,mimo-v2-6-flash,MiMo V2.6 Flash,vi-multimodel-v2-vmlu-valid,VMLU Valid v2,vmlu,subject,"(56, 'Tax Civil Servant', 'Other')",local,complete_local_score,13,13,13,13,0,0,100,6,46.15,,,,,,,,,,,,,,,,,,,,,Group/subject breakdown from source summary.
breakdown,vi-multimodel-expansion-v2,2,vmlu_v2,vmlu,mimo-v2-6-flash,MiMo V2.6 Flash,vi-multimodel-v2-vmlu-valid,VMLU Valid v2,vmlu,subject,"(57, 'Civil Servant', 'Other')",local,complete_local_score,13,13,13,13,0,0,100,8,61.54,,,,,,,,,,,,,,,,,,,,,Group/subject breakdown from source summary.
breakdown,vi-multimodel-expansion-v2,2,vmlu_v2,vmlu,mimo-v2-6-flash,MiMo V2.6 Flash,vi-multimodel-v2-vmlu-valid,VMLU Valid v2,vmlu,subject,"(58, 'Driving License Certificate', 'Other')",local,complete_local_score,13,13,13,13,0,0,100,12,92.31,,,,,,,,,,,,,,,,,,,,,Group/subject breakdown from source summary.
breakdown,vi-multimodel-expansion-v2,2,vmlu_v2,vmlu,mimo-v2-6-flash,MiMo V2.6 Flash,vi-multimodel-v2-vmlu-valid,VMLU Valid v2,vmlu,subject,"(6, 'Middle School Physics', 'STEM')",local,complete_local_score,14,14,14,14,0,0,100,14,100.0,,,,,,,,,,,,,,,,,,,,,Group/subject breakdown from source summary.
breakdown,vi-multimodel-expansion-v2,2,vmlu_v2,vmlu,mimo-v2-6-flash,MiMo V2.6 Flash,vi-multimodel-v2-vmlu-valid,VMLU Valid v2,vmlu,subject,"(7, 'High School Biology', 'STEM')",local,complete_local_score,14,14,14,14,0,0,100,13,92.86,,,,,,,,,,,,,,,,,,,,,Group/subject breakdown from source summary.
breakdown,vi-multimodel-expansion-v2,2,vmlu_v2,vmlu,mimo-v2-6-flash,MiMo V2.6 Flash,vi-multimodel-v2-vmlu-valid,VMLU Valid v2,vmlu,subject,"(8, 'High School Chemistry', 'STEM')",local,complete_local_score,14,14,14,14,0,0,100,14,100.0,,,,,,,,,,,,,,,,,,,,,Group/subject breakdown from source summary.
breakdown,vi-multimodel-expansion-v2,2,vmlu_v2,vmlu,mimo-v2-6-flash,MiMo V2.6 Flash,vi-multimodel-v2-vmlu-valid,VMLU Valid v2,vmlu,subject,"(9, 'High School Mathematics', 'STEM')",local,complete_local_score,11,11,11,11,0,0,100,9,81.82,,,,,,,,,,,,,,,,,,,,,Group/subject breakdown from source summary.
dataset,vi-multimodel-expansion-v2,2,vbench_deferred,vbench,mimo-v2-6-flash,MiMo V2.6 Flash,vi-multimodel-v2-vbench-mc,V-Bench mc,mc,,,server,deferred_by_user,4141,0,0,0,0,,0,,,,,,,,,,,,,,,,,,,,,,,Deferred by user; no requests sent.
dataset,vi-multimodel-expansion-v2,2,vbench_deferred,vbench,mimo-v2-6-flash,MiMo V2.6 Flash,vi-multimodel-v2-vbench-agentic,V-Bench agentic,agentic,,,server,deferred_by_user,1000,0,0,0,0,,0,,,,,,,,,,,,,,,,,,,,,,,Deferred by user; no requests sent.
dataset,vi-multimodel-expansion-v2,2,vmlu_v2,vmlu,mimo-v2-5,MiMo V2.5,vi-multimodel-v2-vmlu-dev,VMLU Dev v2,dev,,,local,complete_local_score,303,303,303,303,0,0,100.0,249,82.18,,77.47447511588392,86.07625911327061,,,,,,,292,96.37,9,11,9.628,45.2397,0,0,,,,
dataset,vi-multimodel-expansion-v2,2,vmlu_v2,vmlu,mimo-v2-5,MiMo V2.5,vi-multimodel-v2-vmlu-test,VMLU Test v2,test,,,withheld,server_scored_user_provided,9833,9833,9833,9833,0,0,100.0,,,75.62,,,,,,,,,9346,95.05,406,,10.397,36.1105,0,0,,,User-provided VMLU server result JSON,"All 9,833 inference requests complete; user-provided server score 75.62%. Gold remains withheld locally; parse-valid is diagnostic only."
dataset,vi-multimodel-expansion-v2,2,vmlu_v2,vmlu,mimo-v2-5,MiMo V2.5,vi-multimodel-v2-vmlu-valid,VMLU Valid v2,valid,,,local,complete_local_score,744,744,744,744,0,0,100.0,582,78.23,,75.1193266720312,81.04230960075813,,,,,,,711,95.56,26,33,9.7379,32.413,0,0,,,,
phase_summary,vi-multimodel-expansion-v2,2,vmlu_v2,vmlu,mimo-v2-5,MiMo V2.5,vmlu_all,vmlu phase total,,,,,complete,10880,10880,10880,10880,0,0,100.0,,,,,,,,,,,,,,441,,,,0,,,,,"10,880 items complete; test accuracy awaits server grading."
dataset,vi-multimodel-expansion-v2,2,vmlu_v2,vmlu,mimo-v2-5,MiMo V2.5,vmlu_local_dev_valid,VMLU Dev + Valid local-gold aggregate,dev+valid,,,local,scored,1047,1047,1047,1047,0,0,100,831,79.37,,76.8133,81.7112,,,,,,,1003,95.8,35,44,,,,,,,,"Pooled dev+valid by sample count, not an unweighted mean."
breakdown,vi-multimodel-expansion-v2,2,vmlu_v2,vmlu,mimo-v2-5,MiMo V2.5,vi-multimodel-v2-vmlu-dev,VMLU Dev v2,vmlu,subject,"(1, 'Elementary Mathematics', 'STEM')",local,complete_local_score,6,6,6,6,0,0,100,4,66.67,,,,,,,,,,,,,,,,,,,,,Group/subject breakdown from source summary.
breakdown,vi-multimodel-expansion-v2,2,vmlu_v2,vmlu,mimo-v2-5,MiMo V2.5,vi-multimodel-v2-vmlu-dev,VMLU Dev v2,vmlu,subject,"(10, 'High School Physics', 'STEM')",local,complete_local_score,6,6,6,6,0,0,100,6,100.0,,,,,,,,,,,,,,,,,,,,,Group/subject breakdown from source summary.
breakdown,vi-multimodel-expansion-v2,2,vmlu_v2,vmlu,mimo-v2-5,MiMo V2.5,vi-multimodel-v2-vmlu-dev,VMLU Dev v2,vmlu,subject,"(11, 'Applied Informatics', 'STEM')",local,complete_local_score,6,6,6,6,0,0,100,6,100.0,,,,,,,,,,,,,,,,,,,,,Group/subject breakdown from source summary.
breakdown,vi-multimodel-expansion-v2,2,vmlu_v2,vmlu,mimo-v2-5,MiMo V2.5,vi-multimodel-v2-vmlu-dev,VMLU Dev v2,vmlu,subject,"(12, 'Computer Architecture', 'STEM')",local,complete_local_score,6,6,6,6,0,0,100,5,83.33,,,,,,,,,,,,,,,,,,,,,Group/subject breakdown from source summary.
breakdown,vi-multimodel-expansion-v2,2,vmlu_v2,vmlu,mimo-v2-5,MiMo V2.5,vi-multimodel-v2-vmlu-dev,VMLU Dev v2,vmlu,subject,"(13, 'Computer Network', 'STEM')",local,complete_local_score,5,5,5,5,0,0,100,5,100.0,,,,,,,,,,,,,,,,,,,,,Group/subject breakdown from source summary.
breakdown,vi-multimodel-expansion-v2,2,vmlu_v2,vmlu,mimo-v2-5,MiMo V2.5,vi-multimodel-v2-vmlu-dev,VMLU Dev v2,vmlu,subject,"(14, 'Discrete Mathematics', 'STEM')",local,complete_local_score,5,5,5,5,0,0,100,5,100.0,,,,,,,,,,,,,,,,,,,,,Group/subject breakdown from source summary.
breakdown,vi-multimodel-expansion-v2,2,vmlu_v2,vmlu,mimo-v2-5,MiMo V2.5,vi-multimodel-v2-vmlu-dev,VMLU Dev v2,vmlu,subject,"(15, 'Electrical Engineering', 'STEM')",local,complete_local_score,5,5,5,5,0,0,100,5,100.0,,,,,,,,,,,,,,,,,,,,,Group/subject breakdown from source summary.
breakdown,vi-multimodel-expansion-v2,2,vmlu_v2,vmlu,mimo-v2-5,MiMo V2.5,vi-multimodel-v2-vmlu-dev,VMLU Dev v2,vmlu,subject,"(16, 'Introduction to Chemistry', 'STEM')",local,complete_local_score,5,5,5,5,0,0,100,5,100.0,,,,,,,,,,,,,,,,,,,,,Group/subject breakdown from source summary.
breakdown,vi-multimodel-expansion-v2,2,vmlu_v2,vmlu,mimo-v2-5,MiMo V2.5,vi-multimodel-v2-vmlu-dev,VMLU Dev v2,vmlu,subject,"(17, 'Introduction to Physics', 'STEM')",local,complete_local_score,5,5,5,5,0,0,100,5,100.0,,,,,,,,,,,,,,,,,,,,,Group/subject breakdown from source summary.
breakdown,vi-multimodel-expansion-v2,2,vmlu_v2,vmlu,mimo-v2-5,MiMo V2.5,vi-multimodel-v2-vmlu-dev,VMLU Dev v2,vmlu,subject,"(18, 'Introduction to Programming', 'STEM')",local,complete_local_score,5,5,5,5,0,0,100,5,100.0,,,,,,,,,,,,,,,,,,,,,Group/subject breakdown from source summary.
breakdown,vi-multimodel-expansion-v2,2,vmlu_v2,vmlu,mimo-v2-5,MiMo V2.5,vi-multimodel-v2-vmlu-dev,VMLU Dev v2,vmlu,subject,"(19, 'Metrology Engineer', 'STEM')",local,complete_local_score,4,4,4,4,0,0,100,3,75.0,,,,,,,,,,,,,,,,,,,,,Group/subject breakdown from source summary.
breakdown,vi-multimodel-expansion-v2,2,vmlu_v2,vmlu,mimo-v2-5,MiMo V2.5,vi-multimodel-v2-vmlu-dev,VMLU Dev v2,vmlu,subject,"(2, 'Elementary Science', 'STEM')",local,complete_local_score,6,6,6,6,0,0,100,5,83.33,,,,,,,,,,,,,,,,,,,,,Group/subject breakdown from source summary.
breakdown,vi-multimodel-expansion-v2,2,vmlu_v2,vmlu,mimo-v2-5,MiMo V2.5,vi-multimodel-v2-vmlu-dev,VMLU Dev v2,vmlu,subject,"(20, 'Operating System', 'STEM')",local,complete_local_score,6,6,6,6,0,0,100,6,100.0,,,,,,,,,,,,,,,,,,,,,Group/subject breakdown from source summary.
breakdown,vi-multimodel-expansion-v2,2,vmlu_v2,vmlu,mimo-v2-5,MiMo V2.5,vi-multimodel-v2-vmlu-dev,VMLU Dev v2,vmlu,subject,"(21, 'Statistics and Probability', 'STEM')",local,complete_local_score,5,5,5,5,0,0,100,4,80.0,,,,,,,,,,,,,,,,,,,,,Group/subject breakdown from source summary.
breakdown,vi-multimodel-expansion-v2,2,vmlu_v2,vmlu,mimo-v2-5,MiMo V2.5,vi-multimodel-v2-vmlu-dev,VMLU Dev v2,vmlu,subject,"(22, 'Middle School Civil Education', 'Social Science')",local,complete_local_score,5,5,5,5,0,0,100,5,100.0,,,,,,,,,,,,,,,,,,,,,Group/subject breakdown from source summary.
breakdown,vi-multimodel-expansion-v2,2,vmlu_v2,vmlu,mimo-v2-5,MiMo V2.5,vi-multimodel-v2-vmlu-dev,VMLU Dev v2,vmlu,subject,"(23, 'Middle School Geography', 'Social Science')",local,complete_local_score,4,4,4,4,0,0,100,3,75.0,,,,,,,,,,,,,,,,,,,,,Group/subject breakdown from source summary.
breakdown,vi-multimodel-expansion-v2,2,vmlu_v2,vmlu,mimo-v2-5,MiMo V2.5,vi-multimodel-v2-vmlu-dev,VMLU Dev v2,vmlu,subject,"(24, 'High School Civil Education', 'Social Science')",local,complete_local_score,6,6,6,6,0,0,100,6,100.0,,,,,,,,,,,,,,,,,,,,,Group/subject breakdown from source summary.
breakdown,vi-multimodel-expansion-v2,2,vmlu_v2,vmlu,mimo-v2-5,MiMo V2.5,vi-multimodel-v2-vmlu-dev,VMLU Dev v2,vmlu,subject,"(25, 'High School Geography', 'Social Science')",local,complete_local_score,5,5,5,5,0,0,100,5,100.0,,,,,,,,,,,,,,,,,,,,,Group/subject breakdown from source summary.
breakdown,vi-multimodel-expansion-v2,2,vmlu_v2,vmlu,mimo-v2-5,MiMo V2.5,vi-multimodel-v2-vmlu-dev,VMLU Dev v2,vmlu,subject,"(26, 'Business Administration', 'Social Science')",local,complete_local_score,5,5,5,5,0,0,100,5,100.0,,,,,,,,,,,,,,,,,,,,,Group/subject breakdown from source summary.
breakdown,vi-multimodel-expansion-v2,2,vmlu_v2,vmlu,mimo-v2-5,MiMo V2.5,vi-multimodel-v2-vmlu-dev,VMLU Dev v2,vmlu,subject,"(27, 'Ho Chi Minh Ideology', 'Social Science')",local,complete_local_score,5,5,5,5,0,0,100,4,80.0,,,,,,,,,,,,,,,,,,,,,Group/subject breakdown from source summary.
breakdown,vi-multimodel-expansion-v2,2,vmlu_v2,vmlu,mimo-v2-5,MiMo V2.5,vi-multimodel-v2-vmlu-dev,VMLU Dev v2,vmlu,subject,"(28, 'Macroeconomics', 'Social Science')",local,complete_local_score,6,6,6,6,0,0,100,5,83.33,,,,,,,,,,,,,,,,,,,,,Group/subject breakdown from source summary.
breakdown,vi-multimodel-expansion-v2,2,vmlu_v2,vmlu,mimo-v2-5,MiMo V2.5,vi-multimodel-v2-vmlu-dev,VMLU Dev v2,vmlu,subject,"(29, 'Microeconomics', 'Social Science')",local,complete_local_score,6,6,6,6,0,0,100,5,83.33,,,,,,,,,,,,,,,,,,,,,Group/subject breakdown from source summary.
breakdown,vi-multimodel-expansion-v2,2,vmlu_v2,vmlu,mimo-v2-5,MiMo V2.5,vi-multimodel-v2-vmlu-dev,VMLU Dev v2,vmlu,subject,"(3, 'Middle School Biology', 'STEM')",local,complete_local_score,5,5,5,5,0,0,100,5,100.0,,,,,,,,,,,,,,,,,,,,,Group/subject breakdown from source summary.
breakdown,vi-multimodel-expansion-v2,2,vmlu_v2,vmlu,mimo-v2-5,MiMo V2.5,vi-multimodel-v2-vmlu-dev,VMLU Dev v2,vmlu,subject,"(30, 'Principles of Marxism and Leninism', 'Social Science')",local,complete_local_score,6,6,6,6,0,0,100,5,83.33,,,,,,,,,,,,,,,,,,,,,Group/subject breakdown from source summary.
breakdown,vi-multimodel-expansion-v2,2,vmlu_v2,vmlu,mimo-v2-5,MiMo V2.5,vi-multimodel-v2-vmlu-dev,VMLU Dev v2,vmlu,subject,"(31, 'Sociology', 'Social Science')",local,complete_local_score,5,5,5,5,0,0,100,4,80.0,,,,,,,,,,,,,,,,,,,,,Group/subject breakdown from source summary.
breakdown,vi-multimodel-expansion-v2,2,vmlu_v2,vmlu,mimo-v2-5,MiMo V2.5,vi-multimodel-v2-vmlu-dev,VMLU Dev v2,vmlu,subject,"(32, 'Elementary History', 'Humanity')",local,complete_local_score,5,5,5,5,0,0,100,4,80.0,,,,,,,,,,,,,,,,,,,,,Group/subject breakdown from source summary.
breakdown,vi-multimodel-expansion-v2,2,vmlu_v2,vmlu,mimo-v2-5,MiMo V2.5,vi-multimodel-v2-vmlu-dev,VMLU Dev v2,vmlu,subject,"(33, 'Middle School History', 'Humanity')",local,complete_local_score,6,6,6,6,0,0,100,6,100.0,,,,,,,,,,,,,,,,,,,,,Group/subject breakdown from source summary.
breakdown,vi-multimodel-expansion-v2,2,vmlu_v2,vmlu,mimo-v2-5,MiMo V2.5,vi-multimodel-v2-vmlu-dev,VMLU Dev v2,vmlu,subject,"(34, 'Middle School Literature', 'Humanity')",local,complete_local_score,5,5,5,5,0,0,100,4,80.0,,,,,,,,,,,,,,,,,,,,,Group/subject breakdown from source summary.
breakdown,vi-multimodel-expansion-v2,2,vmlu_v2,vmlu,mimo-v2-5,MiMo V2.5,vi-multimodel-v2-vmlu-dev,VMLU Dev v2,vmlu,subject,"(35, 'High School History', 'Humanity')",local,complete_local_score,6,6,6,6,0,0,100,6,100.0,,,,,,,,,,,,,,,,,,,,,Group/subject breakdown from source summary.
breakdown,vi-multimodel-expansion-v2,2,vmlu_v2,vmlu,mimo-v2-5,MiMo V2.5,vi-multimodel-v2-vmlu-dev,VMLU Dev v2,vmlu,subject,"(36, 'High School Literature', 'Humanity')",local,complete_local_score,6,6,6,6,0,0,100,2,33.33,,,,,,,,,,,,,,,,,,,,,Group/subject breakdown from source summary.
breakdown,vi-multimodel-expansion-v2,2,vmlu_v2,vmlu,mimo-v2-5,MiMo V2.5,vi-multimodel-v2-vmlu-dev,VMLU Dev v2,vmlu,subject,"(37, 'Administrative Law', 'Humanity')",local,complete_local_score,3,3,3,3,0,0,100,2,66.67,,,,,,,,,,,,,,,,,,,,,Group/subject breakdown from source summary.
breakdown,vi-multimodel-expansion-v2,2,vmlu_v2,vmlu,mimo-v2-5,MiMo V2.5,vi-multimodel-v2-vmlu-dev,VMLU Dev v2,vmlu,subject,"(38, 'Business Law', 'Humanity')",local,complete_local_score,5,5,5,5,0,0,100,5,100.0,,,,,,,,,,,,,,,,,,,,,Group/subject breakdown from source summary.
breakdown,vi-multimodel-expansion-v2,2,vmlu_v2,vmlu,mimo-v2-5,MiMo V2.5,vi-multimodel-v2-vmlu-dev,VMLU Dev v2,vmlu,subject,"(39, 'Civil Law', 'Humanity')",local,complete_local_score,6,6,6,6,0,0,100,5,83.33,,,,,,,,,,,,,,,,,,,,,Group/subject breakdown from source summary.
breakdown,vi-multimodel-expansion-v2,2,vmlu_v2,vmlu,mimo-v2-5,MiMo V2.5,vi-multimodel-v2-vmlu-dev,VMLU Dev v2,vmlu,subject,"(4, 'Middle School Chemistry', 'STEM')",local,complete_local_score,6,6,6,6,0,0,100,6,100.0,,,,,,,,,,,,,,,,,,,,,Group/subject breakdown from source summary.
breakdown,vi-multimodel-expansion-v2,2,vmlu_v2,vmlu,mimo-v2-5,MiMo V2.5,vi-multimodel-v2-vmlu-dev,VMLU Dev v2,vmlu,subject,"(40, 'Criminal Law', 'Humanity')",local,complete_local_score,5,5,5,5,0,0,100,3,60.0,,,,,,,,,,,,,,,,,,,,,Group/subject breakdown from source summary.
breakdown,vi-multimodel-expansion-v2,2,vmlu_v2,vmlu,mimo-v2-5,MiMo V2.5,vi-multimodel-v2-vmlu-dev,VMLU Dev v2,vmlu,subject,"(41, 'Economic Law', 'Humanity')",local,complete_local_score,5,5,5,5,0,0,100,5,100.0,,,,,,,,,,,,,,,,,,,,,Group/subject breakdown from source summary.
breakdown,vi-multimodel-expansion-v2,2,vmlu_v2,vmlu,mimo-v2-5,MiMo V2.5,vi-multimodel-v2-vmlu-dev,VMLU Dev v2,vmlu,subject,"(42, 'Education Law', 'Humanity')",local,complete_local_score,5,5,5,5,0,0,100,2,40.0,,,,,,,,,,,,,,,,,,,,,Group/subject breakdown from source summary.
breakdown,vi-multimodel-expansion-v2,2,vmlu_v2,vmlu,mimo-v2-5,MiMo V2.5,vi-multimodel-v2-vmlu-dev,VMLU Dev v2,vmlu,subject,"(43, 'History of World Civilization', 'Humanity')",local,complete_local_score,6,6,6,6,0,0,100,5,83.33,,,,,,,,,,,,,,,,,,,,,Group/subject breakdown from source summary.
breakdown,vi-multimodel-expansion-v2,2,vmlu_v2,vmlu,mimo-v2-5,MiMo V2.5,vi-multimodel-v2-vmlu-dev,VMLU Dev v2,vmlu,subject,"(44, 'Idealogical and Moral Cultivation', 'Humanity')",local,complete_local_score,6,6,6,6,0,0,100,4,66.67,,,,,,,,,,,,,,,,,,,,,Group/subject breakdown from source summary.
breakdown,vi-multimodel-expansion-v2,2,vmlu_v2,vmlu,mimo-v2-5,MiMo V2.5,vi-multimodel-v2-vmlu-dev,VMLU Dev v2,vmlu,subject,"(45, 'Introduction to Laws', 'Humanity')",local,complete_local_score,4,4,4,4,0,0,100,4,100.0,,,,,,,,,,,,,,,,,,,,,Group/subject breakdown from source summary.
breakdown,vi-multimodel-expansion-v2,2,vmlu_v2,vmlu,mimo-v2-5,MiMo V2.5,vi-multimodel-v2-vmlu-dev,VMLU Dev v2,vmlu,subject,"(46, 'Introduction to Vietnam Culture', 'Humanity')",local,complete_local_score,6,6,6,6,0,0,100,4,66.67,,,,,,,,,,,,,,,,,,,,,Group/subject breakdown from source summary.
breakdown,vi-multimodel-expansion-v2,2,vmlu_v2,vmlu,mimo-v2-5,MiMo V2.5,vi-multimodel-v2-vmlu-dev,VMLU Dev v2,vmlu,subject,"(47, 'Logic', 'Humanity')",local,complete_local_score,5,5,5,5,0,0,100,4,80.0,,,,,,,,,,,,,,,,,,,,,Group/subject breakdown from source summary.
breakdown,vi-multimodel-expansion-v2,2,vmlu_v2,vmlu,mimo-v2-5,MiMo V2.5,vi-multimodel-v2-vmlu-dev,VMLU Dev v2,vmlu,subject,"(48, 'Revolutionary Policy of the Vietnamese Commununist Part', 'Humanity')",local,complete_local_score,6,6,6,6,0,0,100,4,66.67,,,,,,,,,,,,,,,,,,,,,Group/subject breakdown from source summary.
breakdown,vi-multimodel-expansion-v2,2,vmlu_v2,vmlu,mimo-v2-5,MiMo V2.5,vi-multimodel-v2-vmlu-dev,VMLU Dev v2,vmlu,subject,"(49, 'Vietnamese Language and Literature', 'Humanity')",local,complete_local_score,5,5,5,5,0,0,100,2,40.0,,,,,,,,,,,,,,,,,,,,,Group/subject breakdown from source summary.
breakdown,vi-multimodel-expansion-v2,2,vmlu_v2,vmlu,mimo-v2-5,MiMo V2.5,vi-multimodel-v2-vmlu-dev,VMLU Dev v2,vmlu,subject,"(5, 'Middle School Mathematics', 'STEM')",local,complete_local_score,3,3,3,3,0,0,100,2,66.67,,,,,,,,,,,,,,,,,,,,,Group/subject breakdown from source summary.
breakdown,vi-multimodel-expansion-v2,2,vmlu_v2,vmlu,mimo-v2-5,MiMo V2.5,vi-multimodel-v2-vmlu-dev,VMLU Dev v2,vmlu,subject,"(50, 'Accountant', 'Other')",local,complete_local_score,5,5,5,5,0,0,100,4,80.0,,,,,,,,,,,,,,,,,,,,,Group/subject breakdown from source summary.
breakdown,vi-multimodel-expansion-v2,2,vmlu_v2,vmlu,mimo-v2-5,MiMo V2.5,vi-multimodel-v2-vmlu-dev,VMLU Dev v2,vmlu,subject,"(51, 'Clinical Pharmacology', 'Other')",local,complete_local_score,6,6,6,6,0,0,100,5,83.33,,,,,,,,,,,,,,,,,,,,,Group/subject breakdown from source summary.
breakdown,vi-multimodel-expansion-v2,2,vmlu_v2,vmlu,mimo-v2-5,MiMo V2.5,vi-multimodel-v2-vmlu-dev,VMLU Dev v2,vmlu,subject,"(52, 'Environmental Engineering', 'Other')",local,complete_local_score,5,5,5,5,0,0,100,3,60.0,,,,,,,,,,,,,,,,,,,,,Group/subject breakdown from source summary.
breakdown,vi-multimodel-expansion-v2,2,vmlu_v2,vmlu,mimo-v2-5,MiMo V2.5,vi-multimodel-v2-vmlu-dev,VMLU Dev v2,vmlu,subject,"(53, 'Internal Basic Medicine', 'Other')",local,complete_local_score,5,5,5,5,0,0,100,3,60.0,,,,,,,,,,,,,,,,,,,,,Group/subject breakdown from source summary.
breakdown,vi-multimodel-expansion-v2,2,vmlu_v2,vmlu,mimo-v2-5,MiMo V2.5,vi-multimodel-v2-vmlu-dev,VMLU Dev v2,vmlu,subject,"(54, 'Preschool Pedagogy', 'Other')",local,complete_local_score,3,3,3,3,0,0,100,3,100.0,,,,,,,,,,,,,,,,,,,,,Group/subject breakdown from source summary.
breakdown,vi-multimodel-expansion-v2,2,vmlu_v2,vmlu,mimo-v2-5,MiMo V2.5,vi-multimodel-v2-vmlu-dev,VMLU Dev v2,vmlu,subject,"(55, 'Tax Accountant', 'Other')",local,complete_local_score,5,5,5,5,0,0,100,2,40.0,,,,,,,,,,,,,,,,,,,,,Group/subject breakdown from source summary.
breakdown,vi-multimodel-expansion-v2,2,vmlu_v2,vmlu,mimo-v2-5,MiMo V2.5,vi-multimodel-v2-vmlu-dev,VMLU Dev v2,vmlu,subject,"(56, 'Tax Civil Servant', 'Other')",local,complete_local_score,5,5,5,5,0,0,100,3,60.0,,,,,,,,,,,,,,,,,,,,,Group/subject breakdown from source summary.
breakdown,vi-multimodel-expansion-v2,2,vmlu_v2,vmlu,mimo-v2-5,MiMo V2.5,vi-multimodel-v2-vmlu-dev,VMLU Dev v2,vmlu,subject,"(57, 'Civil Servant', 'Other')",local,complete_local_score,5,5,5,5,0,0,100,3,60.0,,,,,,,,,,,,,,,,,,,,,Group/subject breakdown from source summary.
breakdown,vi-multimodel-expansion-v2,2,vmlu_v2,vmlu,mimo-v2-5,MiMo V2.5,vi-multimodel-v2-vmlu-dev,VMLU Dev v2,vmlu,subject,"(58, 'Driving License Certificate', 'Other')",local,complete_local_score,5,5,5,5,0,0,100,5,100.0,,,,,,,,,,,,,,,,,,,,,Group/subject breakdown from source summary.
breakdown,vi-multimodel-expansion-v2,2,vmlu_v2,vmlu,mimo-v2-5,MiMo V2.5,vi-multimodel-v2-vmlu-dev,VMLU Dev v2,vmlu,subject,"(6, 'Middle School Physics', 'STEM')",local,complete_local_score,6,6,6,6,0,0,100,5,83.33,,,,,,,,,,,,,,,,,,,,,Group/subject breakdown from source summary.
breakdown,vi-multimodel-expansion-v2,2,vmlu_v2,vmlu,mimo-v2-5,MiMo V2.5,vi-multimodel-v2-vmlu-dev,VMLU Dev v2,vmlu,subject,"(7, 'High School Biology', 'STEM')",local,complete_local_score,6,6,6,6,0,0,100,5,83.33,,,,,,,,,,,,,,,,,,,,,Group/subject breakdown from source summary.
breakdown,vi-multimodel-expansion-v2,2,vmlu_v2,vmlu,mimo-v2-5,MiMo V2.5,vi-multimodel-v2-vmlu-dev,VMLU Dev v2,vmlu,subject,"(8, 'High School Chemistry', 'STEM')",local,complete_local_score,6,6,6,6,0,0,100,5,83.33,,,,,,,,,,,,,,,,,,,,,Group/subject breakdown from source summary.
breakdown,vi-multimodel-expansion-v2,2,vmlu_v2,vmlu,mimo-v2-5,MiMo V2.5,vi-multimodel-v2-vmlu-dev,VMLU Dev v2,vmlu,subject,"(9, 'High School Mathematics', 'STEM')",local,complete_local_score,4,4,4,4,0,0,100,3,75.0,,,,,,,,,,,,,,,,,,,,,Group/subject breakdown from source summary.
breakdown,vi-multimodel-expansion-v2,2,vmlu_v2,vmlu,mimo-v2-5,MiMo V2.5,vi-multimodel-v2-vmlu-valid,VMLU Valid v2,vmlu,subject,"(1, 'Elementary Mathematics', 'STEM')",local,complete_local_score,14,14,14,14,0,0,100,10,71.43,,,,,,,,,,,,,,,,,,,,,Group/subject breakdown from source summary.
breakdown,vi-multimodel-expansion-v2,2,vmlu_v2,vmlu,mimo-v2-5,MiMo V2.5,vi-multimodel-v2-vmlu-valid,VMLU Valid v2,vmlu,subject,"(10, 'High School Physics', 'STEM')",local,complete_local_score,14,14,14,14,0,0,100,14,100.0,,,,,,,,,,,,,,,,,,,,,Group/subject breakdown from source summary.
breakdown,vi-multimodel-expansion-v2,2,vmlu_v2,vmlu,mimo-v2-5,MiMo V2.5,vi-multimodel-v2-vmlu-valid,VMLU Valid v2,vmlu,subject,"(11, 'Applied Informatics', 'STEM')",local,complete_local_score,14,14,14,14,0,0,100,12,85.71,,,,,,,,,,,,,,,,,,,,,Group/subject breakdown from source summary.
breakdown,vi-multimodel-expansion-v2,2,vmlu_v2,vmlu,mimo-v2-5,MiMo V2.5,vi-multimodel-v2-vmlu-valid,VMLU Valid v2,vmlu,subject,"(12, 'Computer Architecture', 'STEM')",local,complete_local_score,14,14,14,14,0,0,100,13,92.86,,,,,,,,,,,,,,,,,,,,,Group/subject breakdown from source summary.
breakdown,vi-multimodel-expansion-v2,2,vmlu_v2,vmlu,mimo-v2-5,MiMo V2.5,vi-multimodel-v2-vmlu-valid,VMLU Valid v2,vmlu,subject,"(13, 'Computer Network', 'STEM')",local,complete_local_score,13,13,13,13,0,0,100,13,100.0,,,,,,,,,,,,,,,,,,,,,Group/subject breakdown from source summary.
breakdown,vi-multimodel-expansion-v2,2,vmlu_v2,vmlu,mimo-v2-5,MiMo V2.5,vi-multimodel-v2-vmlu-valid,VMLU Valid v2,vmlu,subject,"(14, 'Discrete Mathematics', 'STEM')",local,complete_local_score,12,12,12,12,0,0,100,10,83.33,,,,,,,,,,,,,,,,,,,,,Group/subject breakdown from source summary.
breakdown,vi-multimodel-expansion-v2,2,vmlu_v2,vmlu,mimo-v2-5,MiMo V2.5,vi-multimodel-v2-vmlu-valid,VMLU Valid v2,vmlu,subject,"(15, 'Electrical Engineering', 'STEM')",local,complete_local_score,13,13,13,13,0,0,100,13,100.0,,,,,,,,,,,,,,,,,,,,,Group/subject breakdown from source summary.
breakdown,vi-multimodel-expansion-v2,2,vmlu_v2,vmlu,mimo-v2-5,MiMo V2.5,vi-multimodel-v2-vmlu-valid,VMLU Valid v2,vmlu,subject,"(16, 'Introduction to Chemistry', 'STEM')",local,complete_local_score,13,13,13,13,0,0,100,13,100.0,,,,,,,,,,,,,,,,,,,,,Group/subject breakdown from source summary.
breakdown,vi-multimodel-expansion-v2,2,vmlu_v2,vmlu,mimo-v2-5,MiMo V2.5,vi-multimodel-v2-vmlu-valid,VMLU Valid v2,vmlu,subject,"(17, 'Introduction to Physics', 'STEM')",local,complete_local_score,13,13,13,13,0,0,100,10,76.92,,,,,,,,,,,,,,,,,,,,,Group/subject breakdown from source summary.
breakdown,vi-multimodel-expansion-v2,2,vmlu_v2,vmlu,mimo-v2-5,MiMo V2.5,vi-multimodel-v2-vmlu-valid,VMLU Valid v2,vmlu,subject,"(18, 'Introduction to Programming', 'STEM')",local,complete_local_score,13,13,13,13,0,0,100,11,84.62,,,,,,,,,,,,,,,,,,,,,Group/subject breakdown from source summary.
breakdown,vi-multimodel-expansion-v2,2,vmlu_v2,vmlu,mimo-v2-5,MiMo V2.5,vi-multimodel-v2-vmlu-valid,VMLU Valid v2,vmlu,subject,"(19, 'Metrology Engineer', 'STEM')",local,complete_local_score,10,10,10,10,0,0,100,8,80.0,,,,,,,,,,,,,,,,,,,,,Group/subject breakdown from source summary.
breakdown,vi-multimodel-expansion-v2,2,vmlu_v2,vmlu,mimo-v2-5,MiMo V2.5,vi-multimodel-v2-vmlu-valid,VMLU Valid v2,vmlu,subject,"(2, 'Elementary Science', 'STEM')",local,complete_local_score,14,14,14,14,0,0,100,14,100.0,,,,,,,,,,,,,,,,,,,,,Group/subject breakdown from source summary.
breakdown,vi-multimodel-expansion-v2,2,vmlu_v2,vmlu,mimo-v2-5,MiMo V2.5,vi-multimodel-v2-vmlu-valid,VMLU Valid v2,vmlu,subject,"(20, 'Operating System', 'STEM')",local,complete_local_score,14,14,14,14,0,0,100,12,85.71,,,,,,,,,,,,,,,,,,,,,Group/subject breakdown from source summary.
breakdown,vi-multimodel-expansion-v2,2,vmlu_v2,vmlu,mimo-v2-5,MiMo V2.5,vi-multimodel-v2-vmlu-valid,VMLU Valid v2,vmlu,subject,"(21, 'Statistics and Probability', 'STEM')",local,complete_local_score,13,13,13,13,0,0,100,10,76.92,,,,,,,,,,,,,,,,,,,,,Group/subject breakdown from source summary.
breakdown,vi-multimodel-expansion-v2,2,vmlu_v2,vmlu,mimo-v2-5,MiMo V2.5,vi-multimodel-v2-vmlu-valid,VMLU Valid v2,vmlu,subject,"(22, 'Middle School Civil Education', 'Social Science')",local,complete_local_score,13,13,13,13,0,0,100,10,76.92,,,,,,,,,,,,,,,,,,,,,Group/subject breakdown from source summary.
breakdown,vi-multimodel-expansion-v2,2,vmlu_v2,vmlu,mimo-v2-5,MiMo V2.5,vi-multimodel-v2-vmlu-valid,VMLU Valid v2,vmlu,subject,"(23, 'Middle School Geography', 'Social Science')",local,complete_local_score,11,11,11,11,0,0,100,8,72.73,,,,,,,,,,,,,,,,,,,,,Group/subject breakdown from source summary.
breakdown,vi-multimodel-expansion-v2,2,vmlu_v2,vmlu,mimo-v2-5,MiMo V2.5,vi-multimodel-v2-vmlu-valid,VMLU Valid v2,vmlu,subject,"(24, 'High School Civil Education', 'Social Science')",local,complete_local_score,14,14,14,14,0,0,100,12,85.71,,,,,,,,,,,,,,,,,,,,,Group/subject breakdown from source summary.
breakdown,vi-multimodel-expansion-v2,2,vmlu_v2,vmlu,mimo-v2-5,MiMo V2.5,vi-multimodel-v2-vmlu-valid,VMLU Valid v2,vmlu,subject,"(25, 'High School Geography', 'Social Science')",local,complete_local_score,12,12,12,12,0,0,100,9,75.0,,,,,,,,,,,,,,,,,,,,,Group/subject breakdown from source summary.
breakdown,vi-multimodel-expansion-v2,2,vmlu_v2,vmlu,mimo-v2-5,MiMo V2.5,vi-multimodel-v2-vmlu-valid,VMLU Valid v2,vmlu,subject,"(26, 'Business Administration', 'Social Science')",local,complete_local_score,13,13,13,13,0,0,100,11,84.62,,,,,,,,,,,,,,,,,,,,,Group/subject breakdown from source summary.
breakdown,vi-multimodel-expansion-v2,2,vmlu_v2,vmlu,mimo-v2-5,MiMo V2.5,vi-multimodel-v2-vmlu-valid,VMLU Valid v2,vmlu,subject,"(27, 'Ho Chi Minh Ideology', 'Social Science')",local,complete_local_score,13,13,13,13,0,0,100,8,61.54,,,,,,,,,,,,,,,,,,,,,Group/subject breakdown from source summary.
breakdown,vi-multimodel-expansion-v2,2,vmlu_v2,vmlu,mimo-v2-5,MiMo V2.5,vi-multimodel-v2-vmlu-valid,VMLU Valid v2,vmlu,subject,"(28, 'Macroeconomics', 'Social Science')",local,complete_local_score,14,14,14,14,0,0,100,11,78.57,,,,,,,,,,,,,,,,,,,,,Group/subject breakdown from source summary.
breakdown,vi-multimodel-expansion-v2,2,vmlu_v2,vmlu,mimo-v2-5,MiMo V2.5,vi-multimodel-v2-vmlu-valid,VMLU Valid v2,vmlu,subject,"(29, 'Microeconomics', 'Social Science')",local,complete_local_score,14,14,14,14,0,0,100,12,85.71,,,,,,,,,,,,,,,,,,,,,Group/subject breakdown from source summary.
breakdown,vi-multimodel-expansion-v2,2,vmlu_v2,vmlu,mimo-v2-5,MiMo V2.5,vi-multimodel-v2-vmlu-valid,VMLU Valid v2,vmlu,subject,"(3, 'Middle School Biology', 'STEM')",local,complete_local_score,13,13,13,13,0,0,100,11,84.62,,,,,,,,,,,,,,,,,,,,,Group/subject breakdown from source summary.
breakdown,vi-multimodel-expansion-v2,2,vmlu_v2,vmlu,mimo-v2-5,MiMo V2.5,vi-multimodel-v2-vmlu-valid,VMLU Valid v2,vmlu,subject,"(30, 'Principles of Marxism and Leninism', 'Social Science')",local,complete_local_score,14,14,14,14,0,0,100,13,92.86,,,,,,,,,,,,,,,,,,,,,Group/subject breakdown from source summary.
breakdown,vi-multimodel-expansion-v2,2,vmlu_v2,vmlu,mimo-v2-5,MiMo V2.5,vi-multimodel-v2-vmlu-valid,VMLU Valid v2,vmlu,subject,"(31, 'Sociology', 'Social Science')",local,complete_local_score,13,13,13,13,0,0,100,11,84.62,,,,,,,,,,,,,,,,,,,,,Group/subject breakdown from source summary.
breakdown,vi-multimodel-expansion-v2,2,vmlu_v2,vmlu,mimo-v2-5,MiMo V2.5,vi-multimodel-v2-vmlu-valid,VMLU Valid v2,vmlu,subject,"(32, 'Elementary History', 'Humanity')",local,complete_local_score,13,13,13,13,0,0,100,12,92.31,,,,,,,,,,,,,,,,,,,,,Group/subject breakdown from source summary.
breakdown,vi-multimodel-expansion-v2,2,vmlu_v2,vmlu,mimo-v2-5,MiMo V2.5,vi-multimodel-v2-vmlu-valid,VMLU Valid v2,vmlu,subject,"(33, 'Middle School History', 'Humanity')",local,complete_local_score,14,14,14,14,0,0,100,11,78.57,,,,,,,,,,,,,,,,,,,,,Group/subject breakdown from source summary.
breakdown,vi-multimodel-expansion-v2,2,vmlu_v2,vmlu,mimo-v2-5,MiMo V2.5,vi-multimodel-v2-vmlu-valid,VMLU Valid v2,vmlu,subject,"(34, 'Middle School Literature', 'Humanity')",local,complete_local_score,13,13,13,13,0,0,100,7,53.85,,,,,,,,,,,,,,,,,,,,,Group/subject breakdown from source summary.
breakdown,vi-multimodel-expansion-v2,2,vmlu_v2,vmlu,mimo-v2-5,MiMo V2.5,vi-multimodel-v2-vmlu-valid,VMLU Valid v2,vmlu,subject,"(35, 'High School History', 'Humanity')",local,complete_local_score,14,14,14,14,0,0,100,13,92.86,,,,,,,,,,,,,,,,,,,,,Group/subject breakdown from source summary.
breakdown,vi-multimodel-expansion-v2,2,vmlu_v2,vmlu,mimo-v2-5,MiMo V2.5,vi-multimodel-v2-vmlu-valid,VMLU Valid v2,vmlu,subject,"(36, 'High School Literature', 'Humanity')",local,complete_local_score,14,14,14,14,0,0,100,9,64.29,,,,,,,,,,,,,,,,,,,,,Group/subject breakdown from source summary.
breakdown,vi-multimodel-expansion-v2,2,vmlu_v2,vmlu,mimo-v2-5,MiMo V2.5,vi-multimodel-v2-vmlu-valid,VMLU Valid v2,vmlu,subject,"(37, 'Administrative Law', 'Humanity')",local,complete_local_score,7,7,7,7,0,0,100,4,57.14,,,,,,,,,,,,,,,,,,,,,Group/subject breakdown from source summary.
breakdown,vi-multimodel-expansion-v2,2,vmlu_v2,vmlu,mimo-v2-5,MiMo V2.5,vi-multimodel-v2-vmlu-valid,VMLU Valid v2,vmlu,subject,"(38, 'Business Law', 'Humanity')",local,complete_local_score,13,13,13,13,0,0,100,11,84.62,,,,,,,,,,,,,,,,,,,,,Group/subject breakdown from source summary.
breakdown,vi-multimodel-expansion-v2,2,vmlu_v2,vmlu,mimo-v2-5,MiMo V2.5,vi-multimodel-v2-vmlu-valid,VMLU Valid v2,vmlu,subject,"(39, 'Civil Law', 'Humanity')",local,complete_local_score,14,14,14,14,0,0,100,7,50.0,,,,,,,,,,,,,,,,,,,,,Group/subject breakdown from source summary.
breakdown,vi-multimodel-expansion-v2,2,vmlu_v2,vmlu,mimo-v2-5,MiMo V2.5,vi-multimodel-v2-vmlu-valid,VMLU Valid v2,vmlu,subject,"(4, 'Middle School Chemistry', 'STEM')",local,complete_local_score,14,14,14,14,0,0,100,12,85.71,,,,,,,,,,,,,,,,,,,,,Group/subject breakdown from source summary.
breakdown,vi-multimodel-expansion-v2,2,vmlu_v2,vmlu,mimo-v2-5,MiMo V2.5,vi-multimodel-v2-vmlu-valid,VMLU Valid v2,vmlu,subject,"(40, 'Criminal Law', 'Humanity')",local,complete_local_score,12,12,12,12,0,0,100,9,75.0,,,,,,,,,,,,,,,,,,,,,Group/subject breakdown from source summary.
breakdown,vi-multimodel-expansion-v2,2,vmlu_v2,vmlu,mimo-v2-5,MiMo V2.5,vi-multimodel-v2-vmlu-valid,VMLU Valid v2,vmlu,subject,"(41, 'Economic Law', 'Humanity')",local,complete_local_score,12,12,12,12,0,0,100,8,66.67,,,,,,,,,,,,,,,,,,,,,Group/subject breakdown from source summary.
breakdown,vi-multimodel-expansion-v2,2,vmlu_v2,vmlu,mimo-v2-5,MiMo V2.5,vi-multimodel-v2-vmlu-valid,VMLU Valid v2,vmlu,subject,"(42, 'Education Law', 'Humanity')",local,complete_local_score,12,12,12,12,0,0,100,8,66.67,,,,,,,,,,,,,,,,,,,,,Group/subject breakdown from source summary.
breakdown,vi-multimodel-expansion-v2,2,vmlu_v2,vmlu,mimo-v2-5,MiMo V2.5,vi-multimodel-v2-vmlu-valid,VMLU Valid v2,vmlu,subject,"(43, 'History of World Civilization', 'Humanity')",local,complete_local_score,14,14,14,14,0,0,100,11,78.57,,,,,,,,,,,,,,,,,,,,,Group/subject breakdown from source summary.
breakdown,vi-multimodel-expansion-v2,2,vmlu_v2,vmlu,mimo-v2-5,MiMo V2.5,vi-multimodel-v2-vmlu-valid,VMLU Valid v2,vmlu,subject,"(44, 'Idealogical and Moral Cultivation', 'Humanity')",local,complete_local_score,14,14,14,14,0,0,100,14,100.0,,,,,,,,,,,,,,,,,,,,,Group/subject breakdown from source summary.
breakdown,vi-multimodel-expansion-v2,2,vmlu_v2,vmlu,mimo-v2-5,MiMo V2.5,vi-multimodel-v2-vmlu-valid,VMLU Valid v2,vmlu,subject,"(45, 'Introduction to Laws', 'Humanity')",local,complete_local_score,9,9,9,9,0,0,100,7,77.78,,,,,,,,,,,,,,,,,,,,,Group/subject breakdown from source summary.
breakdown,vi-multimodel-expansion-v2,2,vmlu_v2,vmlu,mimo-v2-5,MiMo V2.5,vi-multimodel-v2-vmlu-valid,VMLU Valid v2,vmlu,subject,"(46, 'Introduction to Vietnam Culture', 'Humanity')",local,complete_local_score,14,14,14,14,0,0,100,10,71.43,,,,,,,,,,,,,,,,,,,,,Group/subject breakdown from source summary.
breakdown,vi-multimodel-expansion-v2,2,vmlu_v2,vmlu,mimo-v2-5,MiMo V2.5,vi-multimodel-v2-vmlu-valid,VMLU Valid v2,vmlu,subject,"(47, 'Logic', 'Humanity')",local,complete_local_score,13,13,13,13,0,0,100,10,76.92,,,,,,,,,,,,,,,,,,,,,Group/subject breakdown from source summary.
breakdown,vi-multimodel-expansion-v2,2,vmlu_v2,vmlu,mimo-v2-5,MiMo V2.5,vi-multimodel-v2-vmlu-valid,VMLU Valid v2,vmlu,subject,"(48, 'Revolutionary Policy of the Vietnamese Commununist Part', 'Humanity')",local,complete_local_score,14,14,14,14,0,0,100,7,50.0,,,,,,,,,,,,,,,,,,,,,Group/subject breakdown from source summary.
breakdown,vi-multimodel-expansion-v2,2,vmlu_v2,vmlu,mimo-v2-5,MiMo V2.5,vi-multimodel-v2-vmlu-valid,VMLU Valid v2,vmlu,subject,"(49, 'Vietnamese Language and Literature', 'Humanity')",local,complete_local_score,13,13,13,13,0,0,100,8,61.54,,,,,,,,,,,,,,,,,,,,,Group/subject breakdown from source summary.
breakdown,vi-multimodel-expansion-v2,2,vmlu_v2,vmlu,mimo-v2-5,MiMo V2.5,vi-multimodel-v2-vmlu-valid,VMLU Valid v2,vmlu,subject,"(5, 'Middle School Mathematics', 'STEM')",local,complete_local_score,8,8,8,8,0,0,100,8,100.0,,,,,,,,,,,,,,,,,,,,,Group/subject breakdown from source summary.
breakdown,vi-multimodel-expansion-v2,2,vmlu_v2,vmlu,mimo-v2-5,MiMo V2.5,vi-multimodel-v2-vmlu-valid,VMLU Valid v2,vmlu,subject,"(50, 'Accountant', 'Other')",local,complete_local_score,13,13,13,13,0,0,100,8,61.54,,,,,,,,,,,,,,,,,,,,,Group/subject breakdown from source summary.
breakdown,vi-multimodel-expansion-v2,2,vmlu_v2,vmlu,mimo-v2-5,MiMo V2.5,vi-multimodel-v2-vmlu-valid,VMLU Valid v2,vmlu,subject,"(51, 'Clinical Pharmacology', 'Other')",local,complete_local_score,14,14,14,14,0,0,100,12,85.71,,,,,,,,,,,,,,,,,,,,,Group/subject breakdown from source summary.
breakdown,vi-multimodel-expansion-v2,2,vmlu_v2,vmlu,mimo-v2-5,MiMo V2.5,vi-multimodel-v2-vmlu-valid,VMLU Valid v2,vmlu,subject,"(52, 'Environmental Engineering', 'Other')",local,complete_local_score,13,13,13,13,0,0,100,7,53.85,,,,,,,,,,,,,,,,,,,,,Group/subject breakdown from source summary.
breakdown,vi-multimodel-expansion-v2,2,vmlu_v2,vmlu,mimo-v2-5,MiMo V2.5,vi-multimodel-v2-vmlu-valid,VMLU Valid v2,vmlu,subject,"(53, 'Internal Basic Medicine', 'Other')",local,complete_local_score,13,13,13,13,0,0,100,10,76.92,,,,,,,,,,,,,,,,,,,,,Group/subject breakdown from source summary.
breakdown,vi-multimodel-expansion-v2,2,vmlu_v2,vmlu,mimo-v2-5,MiMo V2.5,vi-multimodel-v2-vmlu-valid,VMLU Valid v2,vmlu,subject,"(54, 'Preschool Pedagogy', 'Other')",local,complete_local_score,7,7,7,7,0,0,100,2,28.57,,,,,,,,,,,,,,,,,,,,,Group/subject breakdown from source summary.
breakdown,vi-multimodel-expansion-v2,2,vmlu_v2,vmlu,mimo-v2-5,MiMo V2.5,vi-multimodel-v2-vmlu-valid,VMLU Valid v2,vmlu,subject,"(55, 'Tax Accountant', 'Other')",local,complete_local_score,13,13,13,13,0,0,100,8,61.54,,,,,,,,,,,,,,,,,,,,,Group/subject breakdown from source summary.
breakdown,vi-multimodel-expansion-v2,2,vmlu_v2,vmlu,mimo-v2-5,MiMo V2.5,vi-multimodel-v2-vmlu-valid,VMLU Valid v2,vmlu,subject,"(56, 'Tax Civil Servant', 'Other')",local,complete_local_score,13,13,13,13,0,0,100,4,30.77,,,,,,,,,,,,,,,,,,,,,Group/subject breakdown from source summary.
breakdown,vi-multimodel-expansion-v2,2,vmlu_v2,vmlu,mimo-v2-5,MiMo V2.5,vi-multimodel-v2-vmlu-valid,VMLU Valid v2,vmlu,subject,"(57, 'Civil Servant', 'Other')",local,complete_local_score,13,13,13,13,0,0,100,7,53.85,,,,,,,,,,,,,,,,,,,,,Group/subject breakdown from source summary.
breakdown,vi-multimodel-expansion-v2,2,vmlu_v2,vmlu,mimo-v2-5,MiMo V2.5,vi-multimodel-v2-vmlu-valid,VMLU Valid v2,vmlu,subject,"(58, 'Driving License Certificate', 'Other')",local,complete_local_score,13,13,13,13,0,0,100,11,84.62,,,,,,,,,,,,,,,,,,,,,Group/subject breakdown from source summary.
breakdown,vi-multimodel-expansion-v2,2,vmlu_v2,vmlu,mimo-v2-5,MiMo V2.5,vi-multimodel-v2-vmlu-valid,VMLU Valid v2,vmlu,subject,"(6, 'Middle School Physics', 'STEM')",local,complete_local_score,14,14,14,14,0,0,100,12,85.71,,,,,,,,,,,,,,,,,,,,,Group/subject breakdown from source summary.
breakdown,vi-multimodel-expansion-v2,2,vmlu_v2,vmlu,mimo-v2-5,MiMo V2.5,vi-multimodel-v2-vmlu-valid,VMLU Valid v2,vmlu,subject,"(7, 'High School Biology', 'STEM')",local,complete_local_score,14,14,14,14,0,0,100,13,92.86,,,,,,,,,,,,,,,,,,,,,Group/subject breakdown from source summary.
breakdown,vi-multimodel-expansion-v2,2,vmlu_v2,vmlu,mimo-v2-5,MiMo V2.5,vi-multimodel-v2-vmlu-valid,VMLU Valid v2,vmlu,subject,"(8, 'High School Chemistry', 'STEM')",local,complete_local_score,14,14,14,14,0,0,100,14,100.0,,,,,,,,,,,,,,,,,,,,,Group/subject breakdown from source summary.
breakdown,vi-multimodel-expansion-v2,2,vmlu_v2,vmlu,mimo-v2-5,MiMo V2.5,vi-multimodel-v2-vmlu-valid,VMLU Valid v2,vmlu,subject,"(9, 'High School Mathematics', 'STEM')",local,complete_local_score,11,11,11,11,0,0,100,9,81.82,,,,,,,,,,,,,,,,,,,,,Group/subject breakdown from source summary.
dataset,vi-multimodel-expansion-v2,2,vbench_deferred,vbench,mimo-v2-5,MiMo V2.5,vi-multimodel-v2-vbench-mc,V-Bench mc,mc,,,server,deferred_by_user,4141,0,0,0,0,,0,,,,,,,,,,,,,,,,,,,,,,,Deferred by user; no requests sent.
dataset,vi-multimodel-expansion-v2,2,vbench_deferred,vbench,mimo-v2-5,MiMo V2.5,vi-multimodel-v2-vbench-agentic,V-Bench agentic,agentic,,,server,deferred_by_user,1000,0,0,0,0,,0,,,,,,,,,,,,,,,,,,,,,,,Deferred by user; no requests sent.
dataset,vi-multimodel-expansion-v2,2,vmlu_v2,vmlu,qwen3-5-9b-65k,Qwen3.5-9B-65K,vi-multimodel-v2-vmlu-dev,VMLU Dev v2,dev,,,local,complete_local_score,303,303,303,303,0,0,100.0,216,71.29,,65.95146799203121,76.08978695956333,,,,,,,303,100.00,0,0,2.1447,2.3526,0,0,,,,Unparsed answers remain incorrect in the accuracy denominator.
dataset,vi-multimodel-expansion-v2,2,vmlu_v2,vmlu,qwen3-5-9b-65k,Qwen3.5-9B-65K,vi-multimodel-v2-vmlu-test,VMLU Test v2,test,,,withheld,server_scored_user_provided,9833,9833,9833,9833,0,0,100.0,,,63.86,,,,,,,,,9832,99.99,0,1,2.2098,2.5991,0,0,,,User-provided VMLU server result JSON,"All 9,833 test requests complete; one answer is blank/unparseable. User-provided VMLU server accuracy is 63.86%; gold is withheld. Parse validity is diagnostic only, not accuracy."
dataset,vi-multimodel-expansion-v2,2,vmlu_v2,vmlu,qwen3-5-9b-65k,Qwen3.5-9B-65K,vi-multimodel-v2-vmlu-valid,VMLU Valid v2,valid,,,local,complete_local_score,744,744,744,744,0,0,100.0,518,69.62,,66.22529615411551,72.82041287363329,,,,,,,744,100.00,0,0,2.154,2.4116,0,0,,,,Unparsed answers remain incorrect in the accuracy denominator.
phase_summary,vi-multimodel-expansion-v2,2,vmlu_v2,vmlu,qwen3-5-9b-65k,Qwen3.5-9B-65K,vmlu_all,vmlu phase total,,,,,complete,10880,10880,10880,10880,0,0,100.0,,,,,,,,,,,,,,0,,,,0,0,,,,"10,880 items complete; official Test score awaits user-submitted server grading."
dataset,vi-multimodel-expansion-v2,2,vmlu_v2,vmlu,qwen3-5-9b-65k,Qwen3.5-9B-65K,vmlu_local_dev_valid,VMLU Dev + Valid local-gold aggregate,dev+valid,,,local,scored,1047,1047,1047,1047,0,0,100.0,734,70.11,,67.26267371559975,72.80045821226186,,,,,,,1047,100.00,0,0,,,0,0,,,,"Pooled dev+valid by sample count, not an unweighted mean."
breakdown,vi-multimodel-expansion-v2,2,vmlu_v2,vmlu,qwen3-5-9b-65k,Qwen3.5-9B-65K,vi-multimodel-v2-vmlu-dev,VMLU Dev v2,vmlu,subject,"(1, 'Elementary Mathematics', 'STEM')",local,complete_local_score,6,6,6,6,0,0,100.0,2,33.33,,,,,,,,,,,,,,,,0,0,,,,Group/subject breakdown from source summary.
breakdown,vi-multimodel-expansion-v2,2,vmlu_v2,vmlu,qwen3-5-9b-65k,Qwen3.5-9B-65K,vi-multimodel-v2-vmlu-dev,VMLU Dev v2,vmlu,subject,"(10, 'High School Physics', 'STEM')",local,complete_local_score,6,6,6,6,0,0,100.0,5,83.33,,,,,,,,,,,,,,,,0,0,,,,Group/subject breakdown from source summary.
breakdown,vi-multimodel-expansion-v2,2,vmlu_v2,vmlu,qwen3-5-9b-65k,Qwen3.5-9B-65K,vi-multimodel-v2-vmlu-dev,VMLU Dev v2,vmlu,subject,"(11, 'Applied Informatics', 'STEM')",local,complete_local_score,6,6,6,6,0,0,100.0,3,50.00,,,,,,,,,,,,,,,,0,0,,,,Group/subject breakdown from source summary.
breakdown,vi-multimodel-expansion-v2,2,vmlu_v2,vmlu,qwen3-5-9b-65k,Qwen3.5-9B-65K,vi-multimodel-v2-vmlu-dev,VMLU Dev v2,vmlu,subject,"(12, 'Computer Architecture', 'STEM')",local,complete_local_score,6,6,6,6,0,0,100.0,5,83.33,,,,,,,,,,,,,,,,0,0,,,,Group/subject breakdown from source summary.
breakdown,vi-multimodel-expansion-v2,2,vmlu_v2,vmlu,qwen3-5-9b-65k,Qwen3.5-9B-65K,vi-multimodel-v2-vmlu-dev,VMLU Dev v2,vmlu,subject,"(13, 'Computer Network', 'STEM')",local,complete_local_score,5,5,5,5,0,0,100.0,4,80.00,,,,,,,,,,,,,,,,0,0,,,,Group/subject breakdown from source summary.
breakdown,vi-multimodel-expansion-v2,2,vmlu_v2,vmlu,qwen3-5-9b-65k,Qwen3.5-9B-65K,vi-multimodel-v2-vmlu-dev,VMLU Dev v2,vmlu,subject,"(14, 'Discrete Mathematics', 'STEM')",local,complete_local_score,5,5,5,5,0,0,100.0,4,80.00,,,,,,,,,,,,,,,,0,0,,,,Group/subject breakdown from source summary.
breakdown,vi-multimodel-expansion-v2,2,vmlu_v2,vmlu,qwen3-5-9b-65k,Qwen3.5-9B-65K,vi-multimodel-v2-vmlu-dev,VMLU Dev v2,vmlu,subject,"(15, 'Electrical Engineering', 'STEM')",local,complete_local_score,5,5,5,5,0,0,100.0,5,100.00,,,,,,,,,,,,,,,,0,0,,,,Group/subject breakdown from source summary.
breakdown,vi-multimodel-expansion-v2,2,vmlu_v2,vmlu,qwen3-5-9b-65k,Qwen3.5-9B-65K,vi-multimodel-v2-vmlu-dev,VMLU Dev v2,vmlu,subject,"(16, 'Introduction to Chemistry', 'STEM')",local,complete_local_score,5,5,5,5,0,0,100.0,3,60.00,,,,,,,,,,,,,,,,0,0,,,,Group/subject breakdown from source summary.
breakdown,vi-multimodel-expansion-v2,2,vmlu_v2,vmlu,qwen3-5-9b-65k,Qwen3.5-9B-65K,vi-multimodel-v2-vmlu-dev,VMLU Dev v2,vmlu,subject,"(17, 'Introduction to Physics', 'STEM')",local,complete_local_score,5,5,5,5,0,0,100.0,5,100.00,,,,,,,,,,,,,,,,0,0,,,,Group/subject breakdown from source summary.
breakdown,vi-multimodel-expansion-v2,2,vmlu_v2,vmlu,qwen3-5-9b-65k,Qwen3.5-9B-65K,vi-multimodel-v2-vmlu-dev,VMLU Dev v2,vmlu,subject,"(18, 'Introduction to Programming', 'STEM')",local,complete_local_score,5,5,5,5,0,0,100.0,3,60.00,,,,,,,,,,,,,,,,0,0,,,,Group/subject breakdown from source summary.
breakdown,vi-multimodel-expansion-v2,2,vmlu_v2,vmlu,qwen3-5-9b-65k,Qwen3.5-9B-65K,vi-multimodel-v2-vmlu-dev,VMLU Dev v2,vmlu,subject,"(19, 'Metrology Engineer', 'STEM')",local,complete_local_score,4,4,4,4,0,0,100.0,3,75.00,,,,,,,,,,,,,,,,0,0,,,,Group/subject breakdown from source summary.
breakdown,vi-multimodel-expansion-v2,2,vmlu_v2,vmlu,qwen3-5-9b-65k,Qwen3.5-9B-65K,vi-multimodel-v2-vmlu-dev,VMLU Dev v2,vmlu,subject,"(2, 'Elementary Science', 'STEM')",local,complete_local_score,6,6,6,6,0,0,100.0,5,83.33,,,,,,,,,,,,,,,,0,0,,,,Group/subject breakdown from source summary.
breakdown,vi-multimodel-expansion-v2,2,vmlu_v2,vmlu,qwen3-5-9b-65k,Qwen3.5-9B-65K,vi-multimodel-v2-vmlu-dev,VMLU Dev v2,vmlu,subject,"(20, 'Operating System', 'STEM')",local,complete_local_score,6,6,6,6,0,0,100.0,6,100.00,,,,,,,,,,,,,,,,0,0,,,,Group/subject breakdown from source summary.
breakdown,vi-multimodel-expansion-v2,2,vmlu_v2,vmlu,qwen3-5-9b-65k,Qwen3.5-9B-65K,vi-multimodel-v2-vmlu-dev,VMLU Dev v2,vmlu,subject,"(21, 'Statistics and Probability', 'STEM')",local,complete_local_score,5,5,5,5,0,0,100.0,4,80.00,,,,,,,,,,,,,,,,0,0,,,,Group/subject breakdown from source summary.
breakdown,vi-multimodel-expansion-v2,2,vmlu_v2,vmlu,qwen3-5-9b-65k,Qwen3.5-9B-65K,vi-multimodel-v2-vmlu-dev,VMLU Dev v2,vmlu,subject,"(22, 'Middle School Civil Education', 'Social Science')",local,complete_local_score,5,5,5,5,0,0,100.0,4,80.00,,,,,,,,,,,,,,,,0,0,,,,Group/subject breakdown from source summary.
breakdown,vi-multimodel-expansion-v2,2,vmlu_v2,vmlu,qwen3-5-9b-65k,Qwen3.5-9B-65K,vi-multimodel-v2-vmlu-dev,VMLU Dev v2,vmlu,subject,"(23, 'Middle School Geography', 'Social Science')",local,complete_local_score,4,4,4,4,0,0,100.0,3,75.00,,,,,,,,,,,,,,,,0,0,,,,Group/subject breakdown from source summary.
breakdown,vi-multimodel-expansion-v2,2,vmlu_v2,vmlu,qwen3-5-9b-65k,Qwen3.5-9B-65K,vi-multimodel-v2-vmlu-dev,VMLU Dev v2,vmlu,subject,"(24, 'High School Civil Education', 'Social Science')",local,complete_local_score,6,6,6,6,0,0,100.0,6,100.00,,,,,,,,,,,,,,,,0,0,,,,Group/subject breakdown from source summary.
breakdown,vi-multimodel-expansion-v2,2,vmlu_v2,vmlu,qwen3-5-9b-65k,Qwen3.5-9B-65K,vi-multimodel-v2-vmlu-dev,VMLU Dev v2,vmlu,subject,"(25, 'High School Geography', 'Social Science')",local,complete_local_score,5,5,5,5,0,0,100.0,4,80.00,,,,,,,,,,,,,,,,0,0,,,,Group/subject breakdown from source summary.
breakdown,vi-multimodel-expansion-v2,2,vmlu_v2,vmlu,qwen3-5-9b-65k,Qwen3.5-9B-65K,vi-multimodel-v2-vmlu-dev,VMLU Dev v2,vmlu,subject,"(26, 'Business Administration', 'Social Science')",local,complete_local_score,5,5,5,5,0,0,100.0,5,100.00,,,,,,,,,,,,,,,,0,0,,,,Group/subject breakdown from source summary.
breakdown,vi-multimodel-expansion-v2,2,vmlu_v2,vmlu,qwen3-5-9b-65k,Qwen3.5-9B-65K,vi-multimodel-v2-vmlu-dev,VMLU Dev v2,vmlu,subject,"(27, 'Ho Chi Minh Ideology', 'Social Science')",local,complete_local_score,5,5,5,5,0,0,100.0,3,60.00,,,,,,,,,,,,,,,,0,0,,,,Group/subject breakdown from source summary.
breakdown,vi-multimodel-expansion-v2,2,vmlu_v2,vmlu,qwen3-5-9b-65k,Qwen3.5-9B-65K,vi-multimodel-v2-vmlu-dev,VMLU Dev v2,vmlu,subject,"(28, 'Macroeconomics', 'Social Science')",local,complete_local_score,6,6,6,6,0,0,100.0,5,83.33,,,,,,,,,,,,,,,,0,0,,,,Group/subject breakdown from source summary.
breakdown,vi-multimodel-expansion-v2,2,vmlu_v2,vmlu,qwen3-5-9b-65k,Qwen3.5-9B-65K,vi-multimodel-v2-vmlu-dev,VMLU Dev v2,vmlu,subject,"(29, 'Microeconomics', 'Social Science')",local,complete_local_score,6,6,6,6,0,0,100.0,5,83.33,,,,,,,,,,,,,,,,0,0,,,,Group/subject breakdown from source summary.
breakdown,vi-multimodel-expansion-v2,2,vmlu_v2,vmlu,qwen3-5-9b-65k,Qwen3.5-9B-65K,vi-multimodel-v2-vmlu-dev,VMLU Dev v2,vmlu,subject,"(3, 'Middle School Biology', 'STEM')",local,complete_local_score,5,5,5,5,0,0,100.0,4,80.00,,,,,,,,,,,,,,,,0,0,,,,Group/subject breakdown from source summary.
breakdown,vi-multimodel-expansion-v2,2,vmlu_v2,vmlu,qwen3-5-9b-65k,Qwen3.5-9B-65K,vi-multimodel-v2-vmlu-dev,VMLU Dev v2,vmlu,subject,"(30, 'Principles of Marxism and Leninism', 'Social Science')",local,complete_local_score,6,6,6,6,0,0,100.0,4,66.67,,,,,,,,,,,,,,,,0,0,,,,Group/subject breakdown from source summary.
breakdown,vi-multimodel-expansion-v2,2,vmlu_v2,vmlu,qwen3-5-9b-65k,Qwen3.5-9B-65K,vi-multimodel-v2-vmlu-dev,VMLU Dev v2,vmlu,subject,"(31, 'Sociology', 'Social Science')",local,complete_local_score,5,5,5,5,0,0,100.0,5,100.00,,,,,,,,,,,,,,,,0,0,,,,Group/subject breakdown from source summary.
breakdown,vi-multimodel-expansion-v2,2,vmlu_v2,vmlu,qwen3-5-9b-65k,Qwen3.5-9B-65K,vi-multimodel-v2-vmlu-dev,VMLU Dev v2,vmlu,subject,"(32, 'Elementary History', 'Humanity')",local,complete_local_score,5,5,5,5,0,0,100.0,3,60.00,,,,,,,,,,,,,,,,0,0,,,,Group/subject breakdown from source summary.
breakdown,vi-multimodel-expansion-v2,2,vmlu_v2,vmlu,qwen3-5-9b-65k,Qwen3.5-9B-65K,vi-multimodel-v2-vmlu-dev,VMLU Dev v2,vmlu,subject,"(33, 'Middle School History', 'Humanity')",local,complete_local_score,6,6,6,6,0,0,100.0,6,100.00,,,,,,,,,,,,,,,,0,0,,,,Group/subject breakdown from source summary.
breakdown,vi-multimodel-expansion-v2,2,vmlu_v2,vmlu,qwen3-5-9b-65k,Qwen3.5-9B-65K,vi-multimodel-v2-vmlu-dev,VMLU Dev v2,vmlu,subject,"(34, 'Middle School Literature', 'Humanity')",local,complete_local_score,5,5,5,5,0,0,100.0,1,20.00,,,,,,,,,,,,,,,,0,0,,,,Group/subject breakdown from source summary.
breakdown,vi-multimodel-expansion-v2,2,vmlu_v2,vmlu,qwen3-5-9b-65k,Qwen3.5-9B-65K,vi-multimodel-v2-vmlu-dev,VMLU Dev v2,vmlu,subject,"(35, 'High School History', 'Humanity')",local,complete_local_score,6,6,6,6,0,0,100.0,6,100.00,,,,,,,,,,,,,,,,0,0,,,,Group/subject breakdown from source summary.
breakdown,vi-multimodel-expansion-v2,2,vmlu_v2,vmlu,qwen3-5-9b-65k,Qwen3.5-9B-65K,vi-multimodel-v2-vmlu-dev,VMLU Dev v2,vmlu,subject,"(36, 'High School Literature', 'Humanity')",local,complete_local_score,6,6,6,6,0,0,100.0,3,50.00,,,,,,,,,,,,,,,,0,0,,,,Group/subject breakdown from source summary.
breakdown,vi-multimodel-expansion-v2,2,vmlu_v2,vmlu,qwen3-5-9b-65k,Qwen3.5-9B-65K,vi-multimodel-v2-vmlu-dev,VMLU Dev v2,vmlu,subject,"(37, 'Administrative Law', 'Humanity')",local,complete_local_score,3,3,3,3,0,0,100.0,1,33.33,,,,,,,,,,,,,,,,0,0,,,,Group/subject breakdown from source summary.
breakdown,vi-multimodel-expansion-v2,2,vmlu_v2,vmlu,qwen3-5-9b-65k,Qwen3.5-9B-65K,vi-multimodel-v2-vmlu-dev,VMLU Dev v2,vmlu,subject,"(38, 'Business Law', 'Humanity')",local,complete_local_score,5,5,5,5,0,0,100.0,3,60.00,,,,,,,,,,,,,,,,0,0,,,,Group/subject breakdown from source summary.
breakdown,vi-multimodel-expansion-v2,2,vmlu_v2,vmlu,qwen3-5-9b-65k,Qwen3.5-9B-65K,vi-multimodel-v2-vmlu-dev,VMLU Dev v2,vmlu,subject,"(39, 'Civil Law', 'Humanity')",local,complete_local_score,6,6,6,6,0,0,100.0,5,83.33,,,,,,,,,,,,,,,,0,0,,,,Group/subject breakdown from source summary.
breakdown,vi-multimodel-expansion-v2,2,vmlu_v2,vmlu,qwen3-5-9b-65k,Qwen3.5-9B-65K,vi-multimodel-v2-vmlu-dev,VMLU Dev v2,vmlu,subject,"(4, 'Middle School Chemistry', 'STEM')",local,complete_local_score,6,6,6,6,0,0,100.0,6,100.00,,,,,,,,,,,,,,,,0,0,,,,Group/subject breakdown from source summary.
breakdown,vi-multimodel-expansion-v2,2,vmlu_v2,vmlu,qwen3-5-9b-65k,Qwen3.5-9B-65K,vi-multimodel-v2-vmlu-dev,VMLU Dev v2,vmlu,subject,"(40, 'Criminal Law', 'Humanity')",local,complete_local_score,5,5,5,5,0,0,100.0,4,80.00,,,,,,,,,,,,,,,,0,0,,,,Group/subject breakdown from source summary.
breakdown,vi-multimodel-expansion-v2,2,vmlu_v2,vmlu,qwen3-5-9b-65k,Qwen3.5-9B-65K,vi-multimodel-v2-vmlu-dev,VMLU Dev v2,vmlu,subject,"(41, 'Economic Law', 'Humanity')",local,complete_local_score,5,5,5,5,0,0,100.0,1,20.00,,,,,,,,,,,,,,,,0,0,,,,Group/subject breakdown from source summary.
breakdown,vi-multimodel-expansion-v2,2,vmlu_v2,vmlu,qwen3-5-9b-65k,Qwen3.5-9B-65K,vi-multimodel-v2-vmlu-dev,VMLU Dev v2,vmlu,subject,"(42, 'Education Law', 'Humanity')",local,complete_local_score,5,5,5,5,0,0,100.0,3,60.00,,,,,,,,,,,,,,,,0,0,,,,Group/subject breakdown from source summary.
breakdown,vi-multimodel-expansion-v2,2,vmlu_v2,vmlu,qwen3-5-9b-65k,Qwen3.5-9B-65K,vi-multimodel-v2-vmlu-dev,VMLU Dev v2,vmlu,subject,"(43, 'History of World Civilization', 'Humanity')",local,complete_local_score,6,6,6,6,0,0,100.0,5,83.33,,,,,,,,,,,,,,,,0,0,,,,Group/subject breakdown from source summary.
breakdown,vi-multimodel-expansion-v2,2,vmlu_v2,vmlu,qwen3-5-9b-65k,Qwen3.5-9B-65K,vi-multimodel-v2-vmlu-dev,VMLU Dev v2,vmlu,subject,"(44, 'Idealogical and Moral Cultivation', 'Humanity')",local,complete_local_score,6,6,6,6,0,0,100.0,4,66.67,,,,,,,,,,,,,,,,0,0,,,,Group/subject breakdown from source summary.
breakdown,vi-multimodel-expansion-v2,2,vmlu_v2,vmlu,qwen3-5-9b-65k,Qwen3.5-9B-65K,vi-multimodel-v2-vmlu-dev,VMLU Dev v2,vmlu,subject,"(45, 'Introduction to Laws', 'Humanity')",local,complete_local_score,4,4,4,4,0,0,100.0,3,75.00,,,,,,,,,,,,,,,,0,0,,,,Group/subject breakdown from source summary.
breakdown,vi-multimodel-expansion-v2,2,vmlu_v2,vmlu,qwen3-5-9b-65k,Qwen3.5-9B-65K,vi-multimodel-v2-vmlu-dev,VMLU Dev v2,vmlu,subject,"(46, 'Introduction to Vietnam Culture', 'Humanity')",local,complete_local_score,6,6,6,6,0,0,100.0,6,100.00,,,,,,,,,,,,,,,,0,0,,,,Group/subject breakdown from source summary.
breakdown,vi-multimodel-expansion-v2,2,vmlu_v2,vmlu,qwen3-5-9b-65k,Qwen3.5-9B-65K,vi-multimodel-v2-vmlu-dev,VMLU Dev v2,vmlu,subject,"(47, 'Logic', 'Humanity')",local,complete_local_score,5,5,5,5,0,0,100.0,3,60.00,,,,,,,,,,,,,,,,0,0,,,,Group/subject breakdown from source summary.
breakdown,vi-multimodel-expansion-v2,2,vmlu_v2,vmlu,qwen3-5-9b-65k,Qwen3.5-9B-65K,vi-multimodel-v2-vmlu-dev,VMLU Dev v2,vmlu,subject,"(48, 'Revolutionary Policy of the Vietnamese Commununist Part', 'Humanity')",local,complete_local_score,6,6,6,6,0,0,100.0,4,66.67,,,,,,,,,,,,,,,,0,0,,,,Group/subject breakdown from source summary.
breakdown,vi-multimodel-expansion-v2,2,vmlu_v2,vmlu,qwen3-5-9b-65k,Qwen3.5-9B-65K,vi-multimodel-v2-vmlu-dev,VMLU Dev v2,vmlu,subject,"(49, 'Vietnamese Language and Literature', 'Humanity')",local,complete_local_score,5,5,5,5,0,0,100.0,2,40.00,,,,,,,,,,,,,,,,0,0,,,,Group/subject breakdown from source summary.
breakdown,vi-multimodel-expansion-v2,2,vmlu_v2,vmlu,qwen3-5-9b-65k,Qwen3.5-9B-65K,vi-multimodel-v2-vmlu-dev,VMLU Dev v2,vmlu,subject,"(5, 'Middle School Mathematics', 'STEM')",local,complete_local_score,3,3,3,3,0,0,100.0,0,0.00,,,,,,,,,,,,,,,,0,0,,,,Group/subject breakdown from source summary.
breakdown,vi-multimodel-expansion-v2,2,vmlu_v2,vmlu,qwen3-5-9b-65k,Qwen3.5-9B-65K,vi-multimodel-v2-vmlu-dev,VMLU Dev v2,vmlu,subject,"(50, 'Accountant', 'Other')",local,complete_local_score,5,5,5,5,0,0,100.0,3,60.00,,,,,,,,,,,,,,,,0,0,,,,Group/subject breakdown from source summary.
breakdown,vi-multimodel-expansion-v2,2,vmlu_v2,vmlu,qwen3-5-9b-65k,Qwen3.5-9B-65K,vi-multimodel-v2-vmlu-dev,VMLU Dev v2,vmlu,subject,"(51, 'Clinical Pharmacology', 'Other')",local,complete_local_score,6,6,6,6,0,0,100.0,1,16.67,,,,,,,,,,,,,,,,0,0,,,,Group/subject breakdown from source summary.
breakdown,vi-multimodel-expansion-v2,2,vmlu_v2,vmlu,qwen3-5-9b-65k,Qwen3.5-9B-65K,vi-multimodel-v2-vmlu-dev,VMLU Dev v2,vmlu,subject,"(52, 'Environmental Engineering', 'Other')",local,complete_local_score,5,5,5,5,0,0,100.0,4,80.00,,,,,,,,,,,,,,,,0,0,,,,Group/subject breakdown from source summary.
breakdown,vi-multimodel-expansion-v2,2,vmlu_v2,vmlu,qwen3-5-9b-65k,Qwen3.5-9B-65K,vi-multimodel-v2-vmlu-dev,VMLU Dev v2,vmlu,subject,"(53, 'Internal Basic Medicine', 'Other')",local,complete_local_score,5,5,5,5,0,0,100.0,3,60.00,,,,,,,,,,,,,,,,0,0,,,,Group/subject breakdown from source summary.
breakdown,vi-multimodel-expansion-v2,2,vmlu_v2,vmlu,qwen3-5-9b-65k,Qwen3.5-9B-65K,vi-multimodel-v2-vmlu-dev,VMLU Dev v2,vmlu,subject,"(54, 'Preschool Pedagogy', 'Other')",local,complete_local_score,3,3,3,3,0,0,100.0,2,66.67,,,,,,,,,,,,,,,,0,0,,,,Group/subject breakdown from source summary.
breakdown,vi-multimodel-expansion-v2,2,vmlu_v2,vmlu,qwen3-5-9b-65k,Qwen3.5-9B-65K,vi-multimodel-v2-vmlu-dev,VMLU Dev v2,vmlu,subject,"(55, 'Tax Accountant', 'Other')",local,complete_local_score,5,5,5,5,0,0,100.0,2,40.00,,,,,,,,,,,,,,,,0,0,,,,Group/subject breakdown from source summary.
breakdown,vi-multimodel-expansion-v2,2,vmlu_v2,vmlu,qwen3-5-9b-65k,Qwen3.5-9B-65K,vi-multimodel-v2-vmlu-dev,VMLU Dev v2,vmlu,subject,"(56, 'Tax Civil Servant', 'Other')",local,complete_local_score,5,5,5,5,0,0,100.0,3,60.00,,,,,,,,,,,,,,,,0,0,,,,Group/subject breakdown from source summary.
breakdown,vi-multimodel-expansion-v2,2,vmlu_v2,vmlu,qwen3-5-9b-65k,Qwen3.5-9B-65K,vi-multimodel-v2-vmlu-dev,VMLU Dev v2,vmlu,subject,"(57, 'Civil Servant', 'Other')",local,complete_local_score,5,5,5,5,0,0,100.0,2,40.00,,,,,,,,,,,,,,,,0,0,,,,Group/subject breakdown from source summary.
breakdown,vi-multimodel-expansion-v2,2,vmlu_v2,vmlu,qwen3-5-9b-65k,Qwen3.5-9B-65K,vi-multimodel-v2-vmlu-dev,VMLU Dev v2,vmlu,subject,"(58, 'Driving License Certificate', 'Other')",local,complete_local_score,5,5,5,5,0,0,100.0,3,60.00,,,,,,,,,,,,,,,,0,0,,,,Group/subject breakdown from source summary.
breakdown,vi-multimodel-expansion-v2,2,vmlu_v2,vmlu,qwen3-5-9b-65k,Qwen3.5-9B-65K,vi-multimodel-v2-vmlu-dev,VMLU Dev v2,vmlu,subject,"(6, 'Middle School Physics', 'STEM')",local,complete_local_score,6,6,6,6,0,0,100.0,6,100.00,,,,,,,,,,,,,,,,0,0,,,,Group/subject breakdown from source summary.
breakdown,vi-multimodel-expansion-v2,2,vmlu_v2,vmlu,qwen3-5-9b-65k,Qwen3.5-9B-65K,vi-multimodel-v2-vmlu-dev,VMLU Dev v2,vmlu,subject,"(7, 'High School Biology', 'STEM')",local,complete_local_score,6,6,6,6,0,0,100.0,5,83.33,,,,,,,,,,,,,,,,0,0,,,,Group/subject breakdown from source summary.
breakdown,vi-multimodel-expansion-v2,2,vmlu_v2,vmlu,qwen3-5-9b-65k,Qwen3.5-9B-65K,vi-multimodel-v2-vmlu-dev,VMLU Dev v2,vmlu,subject,"(8, 'High School Chemistry', 'STEM')",local,complete_local_score,6,6,6,6,0,0,100.0,6,100.00,,,,,,,,,,,,,,,,0,0,,,,Group/subject breakdown from source summary.
breakdown,vi-multimodel-expansion-v2,2,vmlu_v2,vmlu,qwen3-5-9b-65k,Qwen3.5-9B-65K,vi-multimodel-v2-vmlu-dev,VMLU Dev v2,vmlu,subject,"(9, 'High School Mathematics', 'STEM')",local,complete_local_score,4,4,4,4,0,0,100.0,2,50.00,,,,,,,,,,,,,,,,0,0,,,,Group/subject breakdown from source summary.
breakdown,vi-multimodel-expansion-v2,2,vmlu_v2,vmlu,qwen3-5-9b-65k,Qwen3.5-9B-65K,vi-multimodel-v2-vmlu-valid,VMLU Valid v2,vmlu,subject,"(1, 'Elementary Mathematics', 'STEM')",local,complete_local_score,14,14,14,14,0,0,100.0,6,42.86,,,,,,,,,,,,,,,,0,0,,,,Group/subject breakdown from source summary.
breakdown,vi-multimodel-expansion-v2,2,vmlu_v2,vmlu,qwen3-5-9b-65k,Qwen3.5-9B-65K,vi-multimodel-v2-vmlu-valid,VMLU Valid v2,vmlu,subject,"(10, 'High School Physics', 'STEM')",local,complete_local_score,14,14,14,14,0,0,100.0,14,100.00,,,,,,,,,,,,,,,,0,0,,,,Group/subject breakdown from source summary.
breakdown,vi-multimodel-expansion-v2,2,vmlu_v2,vmlu,qwen3-5-9b-65k,Qwen3.5-9B-65K,vi-multimodel-v2-vmlu-valid,VMLU Valid v2,vmlu,subject,"(11, 'Applied Informatics', 'STEM')",local,complete_local_score,14,14,14,14,0,0,100.0,6,42.86,,,,,,,,,,,,,,,,0,0,,,,Group/subject breakdown from source summary.
breakdown,vi-multimodel-expansion-v2,2,vmlu_v2,vmlu,qwen3-5-9b-65k,Qwen3.5-9B-65K,vi-multimodel-v2-vmlu-valid,VMLU Valid v2,vmlu,subject,"(12, 'Computer Architecture', 'STEM')",local,complete_local_score,14,14,14,14,0,0,100.0,8,57.14,,,,,,,,,,,,,,,,0,0,,,,Group/subject breakdown from source summary.
breakdown,vi-multimodel-expansion-v2,2,vmlu_v2,vmlu,qwen3-5-9b-65k,Qwen3.5-9B-65K,vi-multimodel-v2-vmlu-valid,VMLU Valid v2,vmlu,subject,"(13, 'Computer Network', 'STEM')",local,complete_local_score,13,13,13,13,0,0,100.0,11,84.62,,,,,,,,,,,,,,,,0,0,,,,Group/subject breakdown from source summary.
breakdown,vi-multimodel-expansion-v2,2,vmlu_v2,vmlu,qwen3-5-9b-65k,Qwen3.5-9B-65K,vi-multimodel-v2-vmlu-valid,VMLU Valid v2,vmlu,subject,"(14, 'Discrete Mathematics', 'STEM')",local,complete_local_score,12,12,12,12,0,0,100.0,9,75.00,,,,,,,,,,,,,,,,0,0,,,,Group/subject breakdown from source summary.
breakdown,vi-multimodel-expansion-v2,2,vmlu_v2,vmlu,qwen3-5-9b-65k,Qwen3.5-9B-65K,vi-multimodel-v2-vmlu-valid,VMLU Valid v2,vmlu,subject,"(15, 'Electrical Engineering', 'STEM')",local,complete_local_score,13,13,13,13,0,0,100.0,11,84.62,,,,,,,,,,,,,,,,0,0,,,,Group/subject breakdown from source summary.
breakdown,vi-multimodel-expansion-v2,2,vmlu_v2,vmlu,qwen3-5-9b-65k,Qwen3.5-9B-65K,vi-multimodel-v2-vmlu-valid,VMLU Valid v2,vmlu,subject,"(16, 'Introduction to Chemistry', 'STEM')",local,complete_local_score,13,13,13,13,0,0,100.0,6,46.15,,,,,,,,,,,,,,,,0,0,,,,Group/subject breakdown from source summary.
breakdown,vi-multimodel-expansion-v2,2,vmlu_v2,vmlu,qwen3-5-9b-65k,Qwen3.5-9B-65K,vi-multimodel-v2-vmlu-valid,VMLU Valid v2,vmlu,subject,"(17, 'Introduction to Physics', 'STEM')",local,complete_local_score,13,13,13,13,0,0,100.0,10,76.92,,,,,,,,,,,,,,,,0,0,,,,Group/subject breakdown from source summary.
breakdown,vi-multimodel-expansion-v2,2,vmlu_v2,vmlu,qwen3-5-9b-65k,Qwen3.5-9B-65K,vi-multimodel-v2-vmlu-valid,VMLU Valid v2,vmlu,subject,"(18, 'Introduction to Programming', 'STEM')",local,complete_local_score,13,13,13,13,0,0,100.0,11,84.62,,,,,,,,,,,,,,,,0,0,,,,Group/subject breakdown from source summary.
breakdown,vi-multimodel-expansion-v2,2,vmlu_v2,vmlu,qwen3-5-9b-65k,Qwen3.5-9B-65K,vi-multimodel-v2-vmlu-valid,VMLU Valid v2,vmlu,subject,"(19, 'Metrology Engineer', 'STEM')",local,complete_local_score,10,10,10,10,0,0,100.0,7,70.00,,,,,,,,,,,,,,,,0,0,,,,Group/subject breakdown from source summary.
breakdown,vi-multimodel-expansion-v2,2,vmlu_v2,vmlu,qwen3-5-9b-65k,Qwen3.5-9B-65K,vi-multimodel-v2-vmlu-valid,VMLU Valid v2,vmlu,subject,"(2, 'Elementary Science', 'STEM')",local,complete_local_score,14,14,14,14,0,0,100.0,13,92.86,,,,,,,,,,,,,,,,0,0,,,,Group/subject breakdown from source summary.
breakdown,vi-multimodel-expansion-v2,2,vmlu_v2,vmlu,qwen3-5-9b-65k,Qwen3.5-9B-65K,vi-multimodel-v2-vmlu-valid,VMLU Valid v2,vmlu,subject,"(20, 'Operating System', 'STEM')",local,complete_local_score,14,14,14,14,0,0,100.0,11,78.57,,,,,,,,,,,,,,,,0,0,,,,Group/subject breakdown from source summary.
breakdown,vi-multimodel-expansion-v2,2,vmlu_v2,vmlu,qwen3-5-9b-65k,Qwen3.5-9B-65K,vi-multimodel-v2-vmlu-valid,VMLU Valid v2,vmlu,subject,"(21, 'Statistics and Probability', 'STEM')",local,complete_local_score,13,13,13,13,0,0,100.0,10,76.92,,,,,,,,,,,,,,,,0,0,,,,Group/subject breakdown from source summary.
breakdown,vi-multimodel-expansion-v2,2,vmlu_v2,vmlu,qwen3-5-9b-65k,Qwen3.5-9B-65K,vi-multimodel-v2-vmlu-valid,VMLU Valid v2,vmlu,subject,"(22, 'Middle School Civil Education', 'Social Science')",local,complete_local_score,13,13,13,13,0,0,100.0,10,76.92,,,,,,,,,,,,,,,,0,0,,,,Group/subject breakdown from source summary.
breakdown,vi-multimodel-expansion-v2,2,vmlu_v2,vmlu,qwen3-5-9b-65k,Qwen3.5-9B-65K,vi-multimodel-v2-vmlu-valid,VMLU Valid v2,vmlu,subject,"(23, 'Middle School Geography', 'Social Science')",local,complete_local_score,11,11,11,11,0,0,100.0,7,63.64,,,,,,,,,,,,,,,,0,0,,,,Group/subject breakdown from source summary.
breakdown,vi-multimodel-expansion-v2,2,vmlu_v2,vmlu,qwen3-5-9b-65k,Qwen3.5-9B-65K,vi-multimodel-v2-vmlu-valid,VMLU Valid v2,vmlu,subject,"(24, 'High School Civil Education', 'Social Science')",local,complete_local_score,14,14,14,14,0,0,100.0,13,92.86,,,,,,,,,,,,,,,,0,0,,,,Group/subject breakdown from source summary.
breakdown,vi-multimodel-expansion-v2,2,vmlu_v2,vmlu,qwen3-5-9b-65k,Qwen3.5-9B-65K,vi-multimodel-v2-vmlu-valid,VMLU Valid v2,vmlu,subject,"(25, 'High School Geography', 'Social Science')",local,complete_local_score,12,12,12,12,0,0,100.0,9,75.00,,,,,,,,,,,,,,,,0,0,,,,Group/subject breakdown from source summary.
breakdown,vi-multimodel-expansion-v2,2,vmlu_v2,vmlu,qwen3-5-9b-65k,Qwen3.5-9B-65K,vi-multimodel-v2-vmlu-valid,VMLU Valid v2,vmlu,subject,"(26, 'Business Administration', 'Social Science')",local,complete_local_score,13,13,13,13,0,0,100.0,9,69.23,,,,,,,,,,,,,,,,0,0,,,,Group/subject breakdown from source summary.
breakdown,vi-multimodel-expansion-v2,2,vmlu_v2,vmlu,qwen3-5-9b-65k,Qwen3.5-9B-65K,vi-multimodel-v2-vmlu-valid,VMLU Valid v2,vmlu,subject,"(27, 'Ho Chi Minh Ideology', 'Social Science')",local,complete_local_score,13,13,13,13,0,0,100.0,6,46.15,,,,,,,,,,,,,,,,0,0,,,,Group/subject breakdown from source summary.
breakdown,vi-multimodel-expansion-v2,2,vmlu_v2,vmlu,qwen3-5-9b-65k,Qwen3.5-9B-65K,vi-multimodel-v2-vmlu-valid,VMLU Valid v2,vmlu,subject,"(28, 'Macroeconomics', 'Social Science')",local,complete_local_score,14,14,14,14,0,0,100.0,9,64.29,,,,,,,,,,,,,,,,0,0,,,,Group/subject breakdown from source summary.
breakdown,vi-multimodel-expansion-v2,2,vmlu_v2,vmlu,qwen3-5-9b-65k,Qwen3.5-9B-65K,vi-multimodel-v2-vmlu-valid,VMLU Valid v2,vmlu,subject,"(29, 'Microeconomics', 'Social Science')",local,complete_local_score,14,14,14,14,0,0,100.0,5,35.71,,,,,,,,,,,,,,,,0,0,,,,Group/subject breakdown from source summary.
breakdown,vi-multimodel-expansion-v2,2,vmlu_v2,vmlu,qwen3-5-9b-65k,Qwen3.5-9B-65K,vi-multimodel-v2-vmlu-valid,VMLU Valid v2,vmlu,subject,"(3, 'Middle School Biology', 'STEM')",local,complete_local_score,13,13,13,13,0,0,100.0,12,92.31,,,,,,,,,,,,,,,,0,0,,,,Group/subject breakdown from source summary.
breakdown,vi-multimodel-expansion-v2,2,vmlu_v2,vmlu,qwen3-5-9b-65k,Qwen3.5-9B-65K,vi-multimodel-v2-vmlu-valid,VMLU Valid v2,vmlu,subject,"(30, 'Principles of Marxism and Leninism', 'Social Science')",local,complete_local_score,14,14,14,14,0,0,100.0,12,85.71,,,,,,,,,,,,,,,,0,0,,,,Group/subject breakdown from source summary.
breakdown,vi-multimodel-expansion-v2,2,vmlu_v2,vmlu,qwen3-5-9b-65k,Qwen3.5-9B-65K,vi-multimodel-v2-vmlu-valid,VMLU Valid v2,vmlu,subject,"(31, 'Sociology', 'Social Science')",local,complete_local_score,13,13,13,13,0,0,100.0,11,84.62,,,,,,,,,,,,,,,,0,0,,,,Group/subject breakdown from source summary.
breakdown,vi-multimodel-expansion-v2,2,vmlu_v2,vmlu,qwen3-5-9b-65k,Qwen3.5-9B-65K,vi-multimodel-v2-vmlu-valid,VMLU Valid v2,vmlu,subject,"(32, 'Elementary History', 'Humanity')",local,complete_local_score,13,13,13,13,0,0,100.0,10,76.92,,,,,,,,,,,,,,,,0,0,,,,Group/subject breakdown from source summary.
breakdown,vi-multimodel-expansion-v2,2,vmlu_v2,vmlu,qwen3-5-9b-65k,Qwen3.5-9B-65K,vi-multimodel-v2-vmlu-valid,VMLU Valid v2,vmlu,subject,"(33, 'Middle School History', 'Humanity')",local,complete_local_score,14,14,14,14,0,0,100.0,12,85.71,,,,,,,,,,,,,,,,0,0,,,,Group/subject breakdown from source summary.
breakdown,vi-multimodel-expansion-v2,2,vmlu_v2,vmlu,qwen3-5-9b-65k,Qwen3.5-9B-65K,vi-multimodel-v2-vmlu-valid,VMLU Valid v2,vmlu,subject,"(34, 'Middle School Literature', 'Humanity')",local,complete_local_score,13,13,13,13,0,0,100.0,5,38.46,,,,,,,,,,,,,,,,0,0,,,,Group/subject breakdown from source summary.
breakdown,vi-multimodel-expansion-v2,2,vmlu_v2,vmlu,qwen3-5-9b-65k,Qwen3.5-9B-65K,vi-multimodel-v2-vmlu-valid,VMLU Valid v2,vmlu,subject,"(35, 'High School History', 'Humanity')",local,complete_local_score,14,14,14,14,0,0,100.0,11,78.57,,,,,,,,,,,,,,,,0,0,,,,Group/subject breakdown from source summary.
breakdown,vi-multimodel-expansion-v2,2,vmlu_v2,vmlu,qwen3-5-9b-65k,Qwen3.5-9B-65K,vi-multimodel-v2-vmlu-valid,VMLU Valid v2,vmlu,subject,"(36, 'High School Literature', 'Humanity')",local,complete_local_score,14,14,14,14,0,0,100.0,7,50.00,,,,,,,,,,,,,,,,0,0,,,,Group/subject breakdown from source summary.
breakdown,vi-multimodel-expansion-v2,2,vmlu_v2,vmlu,qwen3-5-9b-65k,Qwen3.5-9B-65K,vi-multimodel-v2-vmlu-valid,VMLU Valid v2,vmlu,subject,"(37, 'Administrative Law', 'Humanity')",local,complete_local_score,7,7,7,7,0,0,100.0,3,42.86,,,,,,,,,,,,,,,,0,0,,,,Group/subject breakdown from source summary.
breakdown,vi-multimodel-expansion-v2,2,vmlu_v2,vmlu,qwen3-5-9b-65k,Qwen3.5-9B-65K,vi-multimodel-v2-vmlu-valid,VMLU Valid v2,vmlu,subject,"(38, 'Business Law', 'Humanity')",local,complete_local_score,13,13,13,13,0,0,100.0,10,76.92,,,,,,,,,,,,,,,,0,0,,,,Group/subject breakdown from source summary.
breakdown,vi-multimodel-expansion-v2,2,vmlu_v2,vmlu,qwen3-5-9b-65k,Qwen3.5-9B-65K,vi-multimodel-v2-vmlu-valid,VMLU Valid v2,vmlu,subject,"(39, 'Civil Law', 'Humanity')",local,complete_local_score,14,14,14,14,0,0,100.0,6,42.86,,,,,,,,,,,,,,,,0,0,,,,Group/subject breakdown from source summary.
breakdown,vi-multimodel-expansion-v2,2,vmlu_v2,vmlu,qwen3-5-9b-65k,Qwen3.5-9B-65K,vi-multimodel-v2-vmlu-valid,VMLU Valid v2,vmlu,subject,"(4, 'Middle School Chemistry', 'STEM')",local,complete_local_score,14,14,14,14,0,0,100.0,14,100.00,,,,,,,,,,,,,,,,0,0,,,,Group/subject breakdown from source summary.
breakdown,vi-multimodel-expansion-v2,2,vmlu_v2,vmlu,qwen3-5-9b-65k,Qwen3.5-9B-65K,vi-multimodel-v2-vmlu-valid,VMLU Valid v2,vmlu,subject,"(40, 'Criminal Law', 'Humanity')",local,complete_local_score,12,12,12,12,0,0,100.0,5,41.67,,,,,,,,,,,,,,,,0,0,,,,Group/subject breakdown from source summary.
breakdown,vi-multimodel-expansion-v2,2,vmlu_v2,vmlu,qwen3-5-9b-65k,Qwen3.5-9B-65K,vi-multimodel-v2-vmlu-valid,VMLU Valid v2,vmlu,subject,"(41, 'Economic Law', 'Humanity')",local,complete_local_score,12,12,12,12,0,0,100.0,6,50.00,,,,,,,,,,,,,,,,0,0,,,,Group/subject breakdown from source summary.
breakdown,vi-multimodel-expansion-v2,2,vmlu_v2,vmlu,qwen3-5-9b-65k,Qwen3.5-9B-65K,vi-multimodel-v2-vmlu-valid,VMLU Valid v2,vmlu,subject,"(42, 'Education Law', 'Humanity')",local,complete_local_score,12,12,12,12,0,0,100.0,8,66.67,,,,,,,,,,,,,,,,0,0,,,,Group/subject breakdown from source summary.
breakdown,vi-multimodel-expansion-v2,2,vmlu_v2,vmlu,qwen3-5-9b-65k,Qwen3.5-9B-65K,vi-multimodel-v2-vmlu-valid,VMLU Valid v2,vmlu,subject,"(43, 'History of World Civilization', 'Humanity')",local,complete_local_score,14,14,14,14,0,0,100.0,10,71.43,,,,,,,,,,,,,,,,0,0,,,,Group/subject breakdown from source summary.
breakdown,vi-multimodel-expansion-v2,2,vmlu_v2,vmlu,qwen3-5-9b-65k,Qwen3.5-9B-65K,vi-multimodel-v2-vmlu-valid,VMLU Valid v2,vmlu,subject,"(44, 'Idealogical and Moral Cultivation', 'Humanity')",local,complete_local_score,14,14,14,14,0,0,100.0,12,85.71,,,,,,,,,,,,,,,,0,0,,,,Group/subject breakdown from source summary.
breakdown,vi-multimodel-expansion-v2,2,vmlu_v2,vmlu,qwen3-5-9b-65k,Qwen3.5-9B-65K,vi-multimodel-v2-vmlu-valid,VMLU Valid v2,vmlu,subject,"(45, 'Introduction to Laws', 'Humanity')",local,complete_local_score,9,9,9,9,0,0,100.0,6,66.67,,,,,,,,,,,,,,,,0,0,,,,Group/subject breakdown from source summary.
breakdown,vi-multimodel-expansion-v2,2,vmlu_v2,vmlu,qwen3-5-9b-65k,Qwen3.5-9B-65K,vi-multimodel-v2-vmlu-valid,VMLU Valid v2,vmlu,subject,"(46, 'Introduction to Vietnam Culture', 'Humanity')",local,complete_local_score,14,14,14,14,0,0,100.0,7,50.00,,,,,,,,,,,,,,,,0,0,,,,Group/subject breakdown from source summary.
breakdown,vi-multimodel-expansion-v2,2,vmlu_v2,vmlu,qwen3-5-9b-65k,Qwen3.5-9B-65K,vi-multimodel-v2-vmlu-valid,VMLU Valid v2,vmlu,subject,"(47, 'Logic', 'Humanity')",local,complete_local_score,13,13,13,13,0,0,100.0,8,61.54,,,,,,,,,,,,,,,,0,0,,,,Group/subject breakdown from source summary.
breakdown,vi-multimodel-expansion-v2,2,vmlu_v2,vmlu,qwen3-5-9b-65k,Qwen3.5-9B-65K,vi-multimodel-v2-vmlu-valid,VMLU Valid v2,vmlu,subject,"(48, 'Revolutionary Policy of the Vietnamese Commununist Part', 'Humanity')",local,complete_local_score,14,14,14,14,0,0,100.0,10,71.43,,,,,,,,,,,,,,,,0,0,,,,Group/subject breakdown from source summary.
breakdown,vi-multimodel-expansion-v2,2,vmlu_v2,vmlu,qwen3-5-9b-65k,Qwen3.5-9B-65K,vi-multimodel-v2-vmlu-valid,VMLU Valid v2,vmlu,subject,"(49, 'Vietnamese Language and Literature', 'Humanity')",local,complete_local_score,13,13,13,13,0,0,100.0,9,69.23,,,,,,,,,,,,,,,,0,0,,,,Group/subject breakdown from source summary.
breakdown,vi-multimodel-expansion-v2,2,vmlu_v2,vmlu,qwen3-5-9b-65k,Qwen3.5-9B-65K,vi-multimodel-v2-vmlu-valid,VMLU Valid v2,vmlu,subject,"(5, 'Middle School Mathematics', 'STEM')",local,complete_local_score,8,8,8,8,0,0,100.0,4,50.00,,,,,,,,,,,,,,,,0,0,,,,Group/subject breakdown from source summary.
breakdown,vi-multimodel-expansion-v2,2,vmlu_v2,vmlu,qwen3-5-9b-65k,Qwen3.5-9B-65K,vi-multimodel-v2-vmlu-valid,VMLU Valid v2,vmlu,subject,"(50, 'Accountant', 'Other')",local,complete_local_score,13,13,13,13,0,0,100.0,6,46.15,,,,,,,,,,,,,,,,0,0,,,,Group/subject breakdown from source summary.
breakdown,vi-multimodel-expansion-v2,2,vmlu_v2,vmlu,qwen3-5-9b-65k,Qwen3.5-9B-65K,vi-multimodel-v2-vmlu-valid,VMLU Valid v2,vmlu,subject,"(51, 'Clinical Pharmacology', 'Other')",local,complete_local_score,14,14,14,14,0,0,100.0,12,85.71,,,,,,,,,,,,,,,,0,0,,,,Group/subject breakdown from source summary.
breakdown,vi-multimodel-expansion-v2,2,vmlu_v2,vmlu,qwen3-5-9b-65k,Qwen3.5-9B-65K,vi-multimodel-v2-vmlu-valid,VMLU Valid v2,vmlu,subject,"(52, 'Environmental Engineering', 'Other')",local,complete_local_score,13,13,13,13,0,0,100.0,10,76.92,,,,,,,,,,,,,,,,0,0,,,,Group/subject breakdown from source summary.
breakdown,vi-multimodel-expansion-v2,2,vmlu_v2,vmlu,qwen3-5-9b-65k,Qwen3.5-9B-65K,vi-multimodel-v2-vmlu-valid,VMLU Valid v2,vmlu,subject,"(53, 'Internal Basic Medicine', 'Other')",local,complete_local_score,13,13,13,13,0,0,100.0,8,61.54,,,,,,,,,,,,,,,,0,0,,,,Group/subject breakdown from source summary.
breakdown,vi-multimodel-expansion-v2,2,vmlu_v2,vmlu,qwen3-5-9b-65k,Qwen3.5-9B-65K,vi-multimodel-v2-vmlu-valid,VMLU Valid v2,vmlu,subject,"(54, 'Preschool Pedagogy', 'Other')",local,complete_local_score,7,7,7,7,0,0,100.0,1,14.29,,,,,,,,,,,,,,,,0,0,,,,Group/subject breakdown from source summary.
breakdown,vi-multimodel-expansion-v2,2,vmlu_v2,vmlu,qwen3-5-9b-65k,Qwen3.5-9B-65K,vi-multimodel-v2-vmlu-valid,VMLU Valid v2,vmlu,subject,"(55, 'Tax Accountant', 'Other')",local,complete_local_score,13,13,13,13,0,0,100.0,10,76.92,,,,,,,,,,,,,,,,0,0,,,,Group/subject breakdown from source summary.
breakdown,vi-multimodel-expansion-v2,2,vmlu_v2,vmlu,qwen3-5-9b-65k,Qwen3.5-9B-65K,vi-multimodel-v2-vmlu-valid,VMLU Valid v2,vmlu,subject,"(56, 'Tax Civil Servant', 'Other')",local,complete_local_score,13,13,13,13,0,0,100.0,6,46.15,,,,,,,,,,,,,,,,0,0,,,,Group/subject breakdown from source summary.
breakdown,vi-multimodel-expansion-v2,2,vmlu_v2,vmlu,qwen3-5-9b-65k,Qwen3.5-9B-65K,vi-multimodel-v2-vmlu-valid,VMLU Valid v2,vmlu,subject,"(57, 'Civil Servant', 'Other')",local,complete_local_score,13,13,13,13,0,0,100.0,7,53.85,,,,,,,,,,,,,,,,0,0,,,,Group/subject breakdown from source summary.
breakdown,vi-multimodel-expansion-v2,2,vmlu_v2,vmlu,qwen3-5-9b-65k,Qwen3.5-9B-65K,vi-multimodel-v2-vmlu-valid,VMLU Valid v2,vmlu,subject,"(58, 'Driving License Certificate', 'Other')",local,complete_local_score,13,13,13,13,0,0,100.0,13,100.00,,,,,,,,,,,,,,,,0,0,,,,Group/subject breakdown from source summary.
breakdown,vi-multimodel-expansion-v2,2,vmlu_v2,vmlu,qwen3-5-9b-65k,Qwen3.5-9B-65K,vi-multimodel-v2-vmlu-valid,VMLU Valid v2,vmlu,subject,"(6, 'Middle School Physics', 'STEM')",local,complete_local_score,14,14,14,14,0,0,100.0,13,92.86,,,,,,,,,,,,,,,,0,0,,,,Group/subject breakdown from source summary.
breakdown,vi-multimodel-expansion-v2,2,vmlu_v2,vmlu,qwen3-5-9b-65k,Qwen3.5-9B-65K,vi-multimodel-v2-vmlu-valid,VMLU Valid v2,vmlu,subject,"(7, 'High School Biology', 'STEM')",local,complete_local_score,14,14,14,14,0,0,100.0,13,92.86,,,,,,,,,,,,,,,,0,0,,,,Group/subject breakdown from source summary.
breakdown,vi-multimodel-expansion-v2,2,vmlu_v2,vmlu,qwen3-5-9b-65k,Qwen3.5-9B-65K,vi-multimodel-v2-vmlu-valid,VMLU Valid v2,vmlu,subject,"(8, 'High School Chemistry', 'STEM')",local,complete_local_score,14,14,14,14,0,0,100.0,13,92.86,,,,,,,,,,,,,,,,0,0,,,,Group/subject breakdown from source summary.
breakdown,vi-multimodel-expansion-v2,2,vmlu_v2,vmlu,qwen3-5-9b-65k,Qwen3.5-9B-65K,vi-multimodel-v2-vmlu-valid,VMLU Valid v2,vmlu,subject,"(9, 'High School Mathematics', 'STEM')",local,complete_local_score,11,11,11,11,0,0,100.0,7,63.64,,,,,,,,,,,,,,,,0,0,,,,Group/subject breakdown from source summary.
historical_server_score,historical-vmlu-server,,MC-7,historical_server,qwen3-5-9b-28k,Qwen3.5-9B-28K,vmlu-test-qwen35-28k-mc7,VMLU Test historical server score,test,,,withheld,server_scored_historical,9833,9833,9833,9833,0,0,100,,,67.87,,,,,,,,,,,,,,,,,,,docs/vmlu-leaderboard-qwen35.md (historical MC-7),Official server score documented in docs/vmlu-leaderboard-qwen35.md; submitted 2026-09-20 under MC-7. Different model/condition from the expansion-v2 Muse/MiMo runs.
server_breakdown,vi-multimodel-expansion-v2,2,vmlu_v2_server_scored,vmlu,muse-spark-1-3-contributor,Muse Spark 1.3 Contributor,vi-multimodel-v2-vmlu-test,VMLU Test v2 server breakdown,test,category,Other,withheld,server_scored_user_provided,,,,,,,,,,83.3,,,,,,,,,,,,,,,,,,,User-provided VMLU server result JSON,Category/subject server score; per-row denominator and correct count were not supplied.
server_breakdown,vi-multimodel-expansion-v2,2,vmlu_v2_server_scored,vmlu,muse-spark-1-3-contributor,Muse Spark 1.3 Contributor,vi-multimodel-v2-vmlu-test,VMLU Test v2 server breakdown,test,subject,tax_accountant,withheld,server_scored_user_provided,,,,,,,,,,81.61,,,,,,,,,,,,,,,,,,,User-provided VMLU server result JSON,Category/subject server score; per-row denominator and correct count were not supplied.
server_breakdown,vi-multimodel-expansion-v2,2,vmlu_v2_server_scored,vmlu,muse-spark-1-3-contributor,Muse Spark 1.3 Contributor,vi-multimodel-v2-vmlu-test,VMLU Test v2 server breakdown,test,subject,tax_civil_servant,withheld,server_scored_user_provided,,,,,,,,,,92.98,,,,,,,,,,,,,,,,,,,User-provided VMLU server result JSON,Category/subject server score; per-row denominator and correct count were not supplied.
server_breakdown,vi-multimodel-expansion-v2,2,vmlu_v2_server_scored,vmlu,muse-spark-1-3-contributor,Muse Spark 1.3 Contributor,vi-multimodel-v2-vmlu-test,VMLU Test v2 server breakdown,test,subject,accountant,withheld,server_scored_user_provided,,,,,,,,,,85.12,,,,,,,,,,,,,,,,,,,User-provided VMLU server result JSON,Category/subject server score; per-row denominator and correct count were not supplied.
server_breakdown,vi-multimodel-expansion-v2,2,vmlu_v2_server_scored,vmlu,muse-spark-1-3-contributor,Muse Spark 1.3 Contributor,vi-multimodel-v2-vmlu-test,VMLU Test v2 server breakdown,test,subject,civil_servant,withheld,server_scored_user_provided,,,,,,,,,,90.06,,,,,,,,,,,,,,,,,,,User-provided VMLU server result JSON,Category/subject server score; per-row denominator and correct count were not supplied.
server_breakdown,vi-multimodel-expansion-v2,2,vmlu_v2_server_scored,vmlu,muse-spark-1-3-contributor,Muse Spark 1.3 Contributor,vi-multimodel-v2-vmlu-test,VMLU Test v2 server breakdown,test,subject,clinical_pharmacology,withheld,server_scored_user_provided,,,,,,,,,,87.22,,,,,,,,,,,,,,,,,,,User-provided VMLU server result JSON,Category/subject server score; per-row denominator and correct count were not supplied.
server_breakdown,vi-multimodel-expansion-v2,2,vmlu_v2_server_scored,vmlu,muse-spark-1-3-contributor,Muse Spark 1.3 Contributor,vi-multimodel-v2-vmlu-test,VMLU Test v2 server breakdown,test,subject,driving_license_certificate,withheld,server_scored_user_provided,,,,,,,,,,100.0,,,,,,,,,,,,,,,,,,,User-provided VMLU server result JSON,Category/subject server score; per-row denominator and correct count were not supplied.
server_breakdown,vi-multimodel-expansion-v2,2,vmlu_v2_server_scored,vmlu,muse-spark-1-3-contributor,Muse Spark 1.3 Contributor,vi-multimodel-v2-vmlu-test,VMLU Test v2 server breakdown,test,subject,environmental_engineering,withheld,server_scored_user_provided,,,,,,,,,,59.06,,,,,,,,,,,,,,,,,,,User-provided VMLU server result JSON,Category/subject server score; per-row denominator and correct count were not supplied.
server_breakdown,vi-multimodel-expansion-v2,2,vmlu_v2_server_scored,vmlu,muse-spark-1-3-contributor,Muse Spark 1.3 Contributor,vi-multimodel-v2-vmlu-test,VMLU Test v2 server breakdown,test,subject,internal_basic_medicine,withheld,server_scored_user_provided,,,,,,,,,,83.04,,,,,,,,,,,,,,,,,,,User-provided VMLU server result JSON,Category/subject server score; per-row denominator and correct count were not supplied.
server_breakdown,vi-multimodel-expansion-v2,2,vmlu_v2_server_scored,vmlu,muse-spark-1-3-contributor,Muse Spark 1.3 Contributor,vi-multimodel-v2-vmlu-test,VMLU Test v2 server breakdown,test,subject,preschool_pedagogy,withheld,server_scored_user_provided,,,,,,,,,,70.59,,,,,,,,,,,,,,,,,,,User-provided VMLU server result JSON,Category/subject server score; per-row denominator and correct count were not supplied.
server_breakdown,vi-multimodel-expansion-v2,2,vmlu_v2_server_scored,vmlu,muse-spark-1-3-contributor,Muse Spark 1.3 Contributor,vi-multimodel-v2-vmlu-test,VMLU Test v2 server breakdown,test,category,Social Science,withheld,server_scored_user_provided,,,,,,,,,,87.42,,,,,,,,,,,,,,,,,,,User-provided VMLU server result JSON,Category/subject server score; per-row denominator and correct count were not supplied.
server_breakdown,vi-multimodel-expansion-v2,2,vmlu_v2_server_scored,vmlu,muse-spark-1-3-contributor,Muse Spark 1.3 Contributor,vi-multimodel-v2-vmlu-test,VMLU Test v2 server breakdown,test,subject,business_administration,withheld,server_scored_user_provided,,,,,,,,,,68.97,,,,,,,,,,,,,,,,,,,User-provided VMLU server result JSON,Category/subject server score; per-row denominator and correct count were not supplied.
server_breakdown,vi-multimodel-expansion-v2,2,vmlu_v2_server_scored,vmlu,muse-spark-1-3-contributor,Muse Spark 1.3 Contributor,vi-multimodel-v2-vmlu-test,VMLU Test v2 server breakdown,test,subject,high_school_civil_education,withheld,server_scored_user_provided,,,,,,,,,,93.89,,,,,,,,,,,,,,,,,,,User-provided VMLU server result JSON,Category/subject server score; per-row denominator and correct count were not supplied.
server_breakdown,vi-multimodel-expansion-v2,2,vmlu_v2_server_scored,vmlu,muse-spark-1-3-contributor,Muse Spark 1.3 Contributor,vi-multimodel-v2-vmlu-test,VMLU Test v2 server breakdown,test,subject,high_school_geography,withheld,server_scored_user_provided,,,,,,,,,,77.16,,,,,,,,,,,,,,,,,,,User-provided VMLU server result JSON,Category/subject server score; per-row denominator and correct count were not supplied.
server_breakdown,vi-multimodel-expansion-v2,2,vmlu_v2_server_scored,vmlu,muse-spark-1-3-contributor,Muse Spark 1.3 Contributor,vi-multimodel-v2-vmlu-test,VMLU Test v2 server breakdown,test,subject,ho_chi_minh_ideology,withheld,server_scored_user_provided,,,,,,,,,,94.41,,,,,,,,,,,,,,,,,,,User-provided VMLU server result JSON,Category/subject server score; per-row denominator and correct count were not supplied.
server_breakdown,vi-multimodel-expansion-v2,2,vmlu_v2_server_scored,vmlu,muse-spark-1-3-contributor,Muse Spark 1.3 Contributor,vi-multimodel-v2-vmlu-test,VMLU Test v2 server breakdown,test,subject,macroeconomics,withheld,server_scored_user_provided,,,,,,,,,,86.11,,,,,,,,,,,,,,,,,,,User-provided VMLU server result JSON,Category/subject server score; per-row denominator and correct count were not supplied.
server_breakdown,vi-multimodel-expansion-v2,2,vmlu_v2_server_scored,vmlu,muse-spark-1-3-contributor,Muse Spark 1.3 Contributor,vi-multimodel-v2-vmlu-test,VMLU Test v2 server breakdown,test,subject,microeconomics,withheld,server_scored_user_provided,,,,,,,,,,97.22,,,,,,,,,,,,,,,,,,,User-provided VMLU server result JSON,Category/subject server score; per-row denominator and correct count were not supplied.
server_breakdown,vi-multimodel-expansion-v2,2,vmlu_v2_server_scored,vmlu,muse-spark-1-3-contributor,Muse Spark 1.3 Contributor,vi-multimodel-v2-vmlu-test,VMLU Test v2 server breakdown,test,subject,middle_school_civil_education,withheld,server_scored_user_provided,,,,,,,,,,93.26,,,,,,,,,,,,,,,,,,,User-provided VMLU server result JSON,Category/subject server score; per-row denominator and correct count were not supplied.
server_breakdown,vi-multimodel-expansion-v2,2,vmlu_v2_server_scored,vmlu,muse-spark-1-3-contributor,Muse Spark 1.3 Contributor,vi-multimodel-v2-vmlu-test,VMLU Test v2 server breakdown,test,subject,middle_school_geography,withheld,server_scored_user_provided,,,,,,,,,,87.76,,,,,,,,,,,,,,,,,,,User-provided VMLU server result JSON,Category/subject server score; per-row denominator and correct count were not supplied.
server_breakdown,vi-multimodel-expansion-v2,2,vmlu_v2_server_scored,vmlu,muse-spark-1-3-contributor,Muse Spark 1.3 Contributor,vi-multimodel-v2-vmlu-test,VMLU Test v2 server breakdown,test,subject,principles_of_marxism_and_leninism,withheld,server_scored_user_provided,,,,,,,,,,88.33,,,,,,,,,,,,,,,,,,,User-provided VMLU server result JSON,Category/subject server score; per-row denominator and correct count were not supplied.
server_breakdown,vi-multimodel-expansion-v2,2,vmlu_v2_server_scored,vmlu,muse-spark-1-3-contributor,Muse Spark 1.3 Contributor,vi-multimodel-v2-vmlu-test,VMLU Test v2 server breakdown,test,subject,sociology,withheld,server_scored_user_provided,,,,,,,,,,87.08,,,,,,,,,,,,,,,,,,,User-provided VMLU server result JSON,Category/subject server score; per-row denominator and correct count were not supplied.
server_breakdown,vi-multimodel-expansion-v2,2,vmlu_v2_server_scored,vmlu,muse-spark-1-3-contributor,Muse Spark 1.3 Contributor,vi-multimodel-v2-vmlu-test,VMLU Test v2 server breakdown,test,category,STEM,withheld,server_scored_user_provided,,,,,,,,,,88.98,,,,,,,,,,,,,,,,,,,User-provided VMLU server result JSON,Category/subject server score; per-row denominator and correct count were not supplied.
server_breakdown,vi-multimodel-expansion-v2,2,vmlu_v2_server_scored,vmlu,muse-spark-1-3-contributor,Muse Spark 1.3 Contributor,vi-multimodel-v2-vmlu-test,VMLU Test v2 server breakdown,test,subject,computer_network,withheld,server_scored_user_provided,,,,,,,,,,88.27,,,,,,,,,,,,,,,,,,,User-provided VMLU server result JSON,Category/subject server score; per-row denominator and correct count were not supplied.
server_breakdown,vi-multimodel-expansion-v2,2,vmlu_v2_server_scored,vmlu,muse-spark-1-3-contributor,Muse Spark 1.3 Contributor,vi-multimodel-v2-vmlu-test,VMLU Test v2 server breakdown,test,subject,discrete_mathematics,withheld,server_scored_user_provided,,,,,,,,,,93.33,,,,,,,,,,,,,,,,,,,User-provided VMLU server result JSON,Category/subject server score; per-row denominator and correct count were not supplied.
server_breakdown,vi-multimodel-expansion-v2,2,vmlu_v2_server_scored,vmlu,muse-spark-1-3-contributor,Muse Spark 1.3 Contributor,vi-multimodel-v2-vmlu-test,VMLU Test v2 server breakdown,test,subject,electrical_engineering,withheld,server_scored_user_provided,,,,,,,,,,77.27,,,,,,,,,,,,,,,,,,,User-provided VMLU server result JSON,Category/subject server score; per-row denominator and correct count were not supplied.
server_breakdown,vi-multimodel-expansion-v2,2,vmlu_v2_server_scored,vmlu,muse-spark-1-3-contributor,Muse Spark 1.3 Contributor,vi-multimodel-v2-vmlu-test,VMLU Test v2 server breakdown,test,subject,elementary_mathematics,withheld,server_scored_user_provided,,,,,,,,,,95.56,,,,,,,,,,,,,,,,,,,User-provided VMLU server result JSON,Category/subject server score; per-row denominator and correct count were not supplied.
server_breakdown,vi-multimodel-expansion-v2,2,vmlu_v2_server_scored,vmlu,muse-spark-1-3-contributor,Muse Spark 1.3 Contributor,vi-multimodel-v2-vmlu-test,VMLU Test v2 server breakdown,test,subject,elementary_science,withheld,server_scored_user_provided,,,,,,,,,,95.56,,,,,,,,,,,,,,,,,,,User-provided VMLU server result JSON,Category/subject server score; per-row denominator and correct count were not supplied.
server_breakdown,vi-multimodel-expansion-v2,2,vmlu_v2_server_scored,vmlu,muse-spark-1-3-contributor,Muse Spark 1.3 Contributor,vi-multimodel-v2-vmlu-test,VMLU Test v2 server breakdown,test,subject,high_school_biology,withheld,server_scored_user_provided,,,,,,,,,,77.22,,,,,,,,,,,,,,,,,,,User-provided VMLU server result JSON,Category/subject server score; per-row denominator and correct count were not supplied.
server_breakdown,vi-multimodel-expansion-v2,2,vmlu_v2_server_scored,vmlu,muse-spark-1-3-contributor,Muse Spark 1.3 Contributor,vi-multimodel-v2-vmlu-test,VMLU Test v2 server breakdown,test,subject,high_school_chemistry,withheld,server_scored_user_provided,,,,,,,,,,84.44,,,,,,,,,,,,,,,,,,,User-provided VMLU server result JSON,Category/subject server score; per-row denominator and correct count were not supplied.
server_breakdown,vi-multimodel-expansion-v2,2,vmlu_v2_server_scored,vmlu,muse-spark-1-3-contributor,Muse Spark 1.3 Contributor,vi-multimodel-v2-vmlu-test,VMLU Test v2 server breakdown,test,subject,high_school_mathematics,withheld,server_scored_user_provided,,,,,,,,,,86.49,,,,,,,,,,,,,,,,,,,User-provided VMLU server result JSON,Category/subject server score; per-row denominator and correct count were not supplied.
server_breakdown,vi-multimodel-expansion-v2,2,vmlu_v2_server_scored,vmlu,muse-spark-1-3-contributor,Muse Spark 1.3 Contributor,vi-multimodel-v2-vmlu-test,VMLU Test v2 server breakdown,test,subject,high_school_physics,withheld,server_scored_user_provided,,,,,,,,,,81.67,,,,,,,,,,,,,,,,,,,User-provided VMLU server result JSON,Category/subject server score; per-row denominator and correct count were not supplied.
server_breakdown,vi-multimodel-expansion-v2,2,vmlu_v2_server_scored,vmlu,muse-spark-1-3-contributor,Muse Spark 1.3 Contributor,vi-multimodel-v2-vmlu-test,VMLU Test v2 server breakdown,test,subject,statistics_and_probability,withheld,server_scored_user_provided,,,,,,,,,,97.7,,,,,,,,,,,,,,,,,,,User-provided VMLU server result JSON,Category/subject server score; per-row denominator and correct count were not supplied.
server_breakdown,vi-multimodel-expansion-v2,2,vmlu_v2_server_scored,vmlu,muse-spark-1-3-contributor,Muse Spark 1.3 Contributor,vi-multimodel-v2-vmlu-test,VMLU Test v2 server breakdown,test,subject,introduction_to_chemistry,withheld,server_scored_user_provided,,,,,,,,,,93.3,,,,,,,,,,,,,,,,,,,User-provided VMLU server result JSON,Category/subject server score; per-row denominator and correct count were not supplied.
server_breakdown,vi-multimodel-expansion-v2,2,vmlu_v2_server_scored,vmlu,muse-spark-1-3-contributor,Muse Spark 1.3 Contributor,vi-multimodel-v2-vmlu-test,VMLU Test v2 server breakdown,test,subject,introduction_to_physics,withheld,server_scored_user_provided,,,,,,,,,,95.95,,,,,,,,,,,,,,,,,,,User-provided VMLU server result JSON,Category/subject server score; per-row denominator and correct count were not supplied.
server_breakdown,vi-multimodel-expansion-v2,2,vmlu_v2_server_scored,vmlu,muse-spark-1-3-contributor,Muse Spark 1.3 Contributor,vi-multimodel-v2-vmlu-test,VMLU Test v2 server breakdown,test,subject,introduction_to_programming,withheld,server_scored_user_provided,,,,,,,,,,82.12,,,,,,,,,,,,,,,,,,,User-provided VMLU server result JSON,Category/subject server score; per-row denominator and correct count were not supplied.
server_breakdown,vi-multimodel-expansion-v2,2,vmlu_v2_server_scored,vmlu,muse-spark-1-3-contributor,Muse Spark 1.3 Contributor,vi-multimodel-v2-vmlu-test,VMLU Test v2 server breakdown,test,subject,metrology_engineer,withheld,server_scored_user_provided,,,,,,,,,,82.27,,,,,,,,,,,,,,,,,,,User-provided VMLU server result JSON,Category/subject server score; per-row denominator and correct count were not supplied.
server_breakdown,vi-multimodel-expansion-v2,2,vmlu_v2_server_scored,vmlu,muse-spark-1-3-contributor,Muse Spark 1.3 Contributor,vi-multimodel-v2-vmlu-test,VMLU Test v2 server breakdown,test,subject,middle_school_biology,withheld,server_scored_user_provided,,,,,,,,,,92.94,,,,,,,,,,,,,,,,,,,User-provided VMLU server result JSON,Category/subject server score; per-row denominator and correct count were not supplied.
server_breakdown,vi-multimodel-expansion-v2,2,vmlu_v2_server_scored,vmlu,muse-spark-1-3-contributor,Muse Spark 1.3 Contributor,vi-multimodel-v2-vmlu-test,VMLU Test v2 server breakdown,test,subject,middle_school_chemistry,withheld,server_scored_user_provided,,,,,,,,,,94.44,,,,,,,,,,,,,,,,,,,User-provided VMLU server result JSON,Category/subject server score; per-row denominator and correct count were not supplied.
server_breakdown,vi-multimodel-expansion-v2,2,vmlu_v2_server_scored,vmlu,muse-spark-1-3-contributor,Muse Spark 1.3 Contributor,vi-multimodel-v2-vmlu-test,VMLU Test v2 server breakdown,test,subject,middle_school_mathematics,withheld,server_scored_user_provided,,,,,,,,,,88.89,,,,,,,,,,,,,,,,,,,User-provided VMLU server result JSON,Category/subject server score; per-row denominator and correct count were not supplied.
server_breakdown,vi-multimodel-expansion-v2,2,vmlu_v2_server_scored,vmlu,muse-spark-1-3-contributor,Muse Spark 1.3 Contributor,vi-multimodel-v2-vmlu-test,VMLU Test v2 server breakdown,test,subject,middle_school_physics,withheld,server_scored_user_provided,,,,,,,,,,94.44,,,,,,,,,,,,,,,,,,,User-provided VMLU server result JSON,Category/subject server score; per-row denominator and correct count were not supplied.
server_breakdown,vi-multimodel-expansion-v2,2,vmlu_v2_server_scored,vmlu,muse-spark-1-3-contributor,Muse Spark 1.3 Contributor,vi-multimodel-v2-vmlu-test,VMLU Test v2 server breakdown,test,subject,operating_system,withheld,server_scored_user_provided,,,,,,,,,,82.78,,,,,,,,,,,,,,,,,,,User-provided VMLU server result JSON,Category/subject server score; per-row denominator and correct count were not supplied.
server_breakdown,vi-multimodel-expansion-v2,2,vmlu_v2_server_scored,vmlu,muse-spark-1-3-contributor,Muse Spark 1.3 Contributor,vi-multimodel-v2-vmlu-test,VMLU Test v2 server breakdown,test,subject,applied_informatics,withheld,server_scored_user_provided,,,,,,,,,,90.0,,,,,,,,,,,,,,,,,,,User-provided VMLU server result JSON,Category/subject server score; per-row denominator and correct count were not supplied.
server_breakdown,vi-multimodel-expansion-v2,2,vmlu_v2_server_scored,vmlu,muse-spark-1-3-contributor,Muse Spark 1.3 Contributor,vi-multimodel-v2-vmlu-test,VMLU Test v2 server breakdown,test,subject,computer_architecture,withheld,server_scored_user_provided,,,,,,,,,,93.89,,,,,,,,,,,,,,,,,,,User-provided VMLU server result JSON,Category/subject server score; per-row denominator and correct count were not supplied.
server_breakdown,vi-multimodel-expansion-v2,2,vmlu_v2_server_scored,vmlu,muse-spark-1-3-contributor,Muse Spark 1.3 Contributor,vi-multimodel-v2-vmlu-test,VMLU Test v2 server breakdown,test,category,Humanity,withheld,server_scored_user_provided,,,,,,,,,,86.45,,,,,,,,,,,,,,,,,,,User-provided VMLU server result JSON,Category/subject server score; per-row denominator and correct count were not supplied.
server_breakdown,vi-multimodel-expansion-v2,2,vmlu_v2_server_scored,vmlu,muse-spark-1-3-contributor,Muse Spark 1.3 Contributor,vi-multimodel-v2-vmlu-test,VMLU Test v2 server breakdown,test,subject,history_of_world_civilization,withheld,server_scored_user_provided,,,,,,,,,,93.89,,,,,,,,,,,,,,,,,,,User-provided VMLU server result JSON,Category/subject server score; per-row denominator and correct count were not supplied.
server_breakdown,vi-multimodel-expansion-v2,2,vmlu_v2_server_scored,vmlu,muse-spark-1-3-contributor,Muse Spark 1.3 Contributor,vi-multimodel-v2-vmlu-test,VMLU Test v2 server breakdown,test,subject,idealogical_and_moral_cultivation,withheld,server_scored_user_provided,,,,,,,,,,95.56,,,,,,,,,,,,,,,,,,,User-provided VMLU server result JSON,Category/subject server score; per-row denominator and correct count were not supplied.
server_breakdown,vi-multimodel-expansion-v2,2,vmlu_v2_server_scored,vmlu,muse-spark-1-3-contributor,Muse Spark 1.3 Contributor,vi-multimodel-v2-vmlu-test,VMLU Test v2 server breakdown,test,subject,introduction_to_laws,withheld,server_scored_user_provided,,,,,,,,,,84.92,,,,,,,,,,,,,,,,,,,User-provided VMLU server result JSON,Category/subject server score; per-row denominator and correct count were not supplied.
server_breakdown,vi-multimodel-expansion-v2,2,vmlu_v2_server_scored,vmlu,muse-spark-1-3-contributor,Muse Spark 1.3 Contributor,vi-multimodel-v2-vmlu-test,VMLU Test v2 server breakdown,test,subject,introduction_to_vietnam_culture,withheld,server_scored_user_provided,,,,,,,,,,80.56,,,,,,,,,,,,,,,,,,,User-provided VMLU server result JSON,Category/subject server score; per-row denominator and correct count were not supplied.
server_breakdown,vi-multimodel-expansion-v2,2,vmlu_v2_server_scored,vmlu,muse-spark-1-3-contributor,Muse Spark 1.3 Contributor,vi-multimodel-v2-vmlu-test,VMLU Test v2 server breakdown,test,subject,logic,withheld,server_scored_user_provided,,,,,,,,,,81.03,,,,,,,,,,,,,,,,,,,User-provided VMLU server result JSON,Category/subject server score; per-row denominator and correct count were not supplied.
server_breakdown,vi-multimodel-expansion-v2,2,vmlu_v2_server_scored,vmlu,muse-spark-1-3-contributor,Muse Spark 1.3 Contributor,vi-multimodel-v2-vmlu-test,VMLU Test v2 server breakdown,test,subject,middle_school_history,withheld,server_scored_user_provided,,,,,,,,,,92.78,,,,,,,,,,,,,,,,,,,User-provided VMLU server result JSON,Category/subject server score; per-row denominator and correct count were not supplied.
server_breakdown,vi-multimodel-expansion-v2,2,vmlu_v2_server_scored,vmlu,muse-spark-1-3-contributor,Muse Spark 1.3 Contributor,vi-multimodel-v2-vmlu-test,VMLU Test v2 server breakdown,test,subject,middle_school_literature,withheld,server_scored_user_provided,,,,,,,,,,83.33,,,,,,,,,,,,,,,,,,,User-provided VMLU server result JSON,Category/subject server score; per-row denominator and correct count were not supplied.
server_breakdown,vi-multimodel-expansion-v2,2,vmlu_v2_server_scored,vmlu,muse-spark-1-3-contributor,Muse Spark 1.3 Contributor,vi-multimodel-v2-vmlu-test,VMLU Test v2 server breakdown,test,subject,revolutionary_policy_of_the_vietnamese_commununist_part,withheld,server_scored_user_provided,,,,,,,,,,85.56,,,,,,,,,,,,,,,,,,,User-provided VMLU server result JSON,Category/subject server score; per-row denominator and correct count were not supplied.
server_breakdown,vi-multimodel-expansion-v2,2,vmlu_v2_server_scored,vmlu,muse-spark-1-3-contributor,Muse Spark 1.3 Contributor,vi-multimodel-v2-vmlu-test,VMLU Test v2 server breakdown,test,subject,vietnamese_language_and_literature,withheld,server_scored_user_provided,,,,,,,,,,79.89,,,,,,,,,,,,,,,,,,,User-provided VMLU server result JSON,Category/subject server score; per-row denominator and correct count were not supplied.
server_breakdown,vi-multimodel-expansion-v2,2,vmlu_v2_server_scored,vmlu,muse-spark-1-3-contributor,Muse Spark 1.3 Contributor,vi-multimodel-v2-vmlu-test,VMLU Test v2 server breakdown,test,subject,administrative_law,withheld,server_scored_user_provided,,,,,,,,,,65.56,,,,,,,,,,,,,,,,,,,User-provided VMLU server result JSON,Category/subject server score; per-row denominator and correct count were not supplied.
server_breakdown,vi-multimodel-expansion-v2,2,vmlu_v2_server_scored,vmlu,muse-spark-1-3-contributor,Muse Spark 1.3 Contributor,vi-multimodel-v2-vmlu-test,VMLU Test v2 server breakdown,test,subject,business_law,withheld,server_scored_user_provided,,,,,,,,,,90.5,,,,,,,,,,,,,,,,,,,User-provided VMLU server result JSON,Category/subject server score; per-row denominator and correct count were not supplied.
server_breakdown,vi-multimodel-expansion-v2,2,vmlu_v2_server_scored,vmlu,muse-spark-1-3-contributor,Muse Spark 1.3 Contributor,vi-multimodel-v2-vmlu-test,VMLU Test v2 server breakdown,test,subject,civil_law,withheld,server_scored_user_provided,,,,,,,,,,93.33,,,,,,,,,,,,,,,,,,,User-provided VMLU server result JSON,Category/subject server score; per-row denominator and correct count were not supplied.
server_breakdown,vi-multimodel-expansion-v2,2,vmlu_v2_server_scored,vmlu,muse-spark-1-3-contributor,Muse Spark 1.3 Contributor,vi-multimodel-v2-vmlu-test,VMLU Test v2 server breakdown,test,subject,criminal_law,withheld,server_scored_user_provided,,,,,,,,,,92.02,,,,,,,,,,,,,,,,,,,User-provided VMLU server result JSON,Category/subject server score; per-row denominator and correct count were not supplied.
server_breakdown,vi-multimodel-expansion-v2,2,vmlu_v2_server_scored,vmlu,muse-spark-1-3-contributor,Muse Spark 1.3 Contributor,vi-multimodel-v2-vmlu-test,VMLU Test v2 server breakdown,test,subject,economic_law,withheld,server_scored_user_provided,,,,,,,,,,81.99,,,,,,,,,,,,,,,,,,,User-provided VMLU server result JSON,Category/subject server score; per-row denominator and correct count were not supplied.
server_breakdown,vi-multimodel-expansion-v2,2,vmlu_v2_server_scored,vmlu,muse-spark-1-3-contributor,Muse Spark 1.3 Contributor,vi-multimodel-v2-vmlu-test,VMLU Test v2 server breakdown,test,subject,education_law,withheld,server_scored_user_provided,,,,,,,,,,83.73,,,,,,,,,,,,,,,,,,,User-provided VMLU server result JSON,Category/subject server score; per-row denominator and correct count were not supplied.
server_breakdown,vi-multimodel-expansion-v2,2,vmlu_v2_server_scored,vmlu,muse-spark-1-3-contributor,Muse Spark 1.3 Contributor,vi-multimodel-v2-vmlu-test,VMLU Test v2 server breakdown,test,subject,elementary_history,withheld,server_scored_user_provided,,,,,,,,,,90.96,,,,,,,,,,,,,,,,,,,User-provided VMLU server result JSON,Category/subject server score; per-row denominator and correct count were not supplied.
server_breakdown,vi-multimodel-expansion-v2,2,vmlu_v2_server_scored,vmlu,muse-spark-1-3-contributor,Muse Spark 1.3 Contributor,vi-multimodel-v2-vmlu-test,VMLU Test v2 server breakdown,test,subject,high_school_history,withheld,server_scored_user_provided,,,,,,,,,,89.44,,,,,,,,,,,,,,,,,,,User-provided VMLU server result JSON,Category/subject server score; per-row denominator and correct count were not supplied.
server_breakdown,vi-multimodel-expansion-v2,2,vmlu_v2_server_scored,vmlu,muse-spark-1-3-contributor,Muse Spark 1.3 Contributor,vi-multimodel-v2-vmlu-test,VMLU Test v2 server breakdown,test,subject,high_school_literature,withheld,server_scored_user_provided,,,,,,,,,,91.11,,,,,,,,,,,,,,,,,,,User-provided VMLU server result JSON,Category/subject server score; per-row denominator and correct count were not supplied.
server_breakdown,vi-multimodel-expansion-v2,2,vmlu_v2_server_scored,vmlu,mimo-v2-6-flash,MiMo V2.6 Flash,vi-multimodel-v2-vmlu-test,VMLU Test v2 server breakdown,test,category,Social Science,withheld,server_scored_user_provided,,,,,,,,,,80.21,,,,,,,,,,,,,,,,,,,User-provided VMLU server result JSON,Category/subject server score; per-row denominator and correct count were not supplied.
server_breakdown,vi-multimodel-expansion-v2,2,vmlu_v2_server_scored,vmlu,mimo-v2-6-flash,MiMo V2.6 Flash,vi-multimodel-v2-vmlu-test,VMLU Test v2 server breakdown,test,subject,middle_school_civil_education,withheld,server_scored_user_provided,,,,,,,,,,88.2,,,,,,,,,,,,,,,,,,,User-provided VMLU server result JSON,Category/subject server score; per-row denominator and correct count were not supplied.
server_breakdown,vi-multimodel-expansion-v2,2,vmlu_v2_server_scored,vmlu,mimo-v2-6-flash,MiMo V2.6 Flash,vi-multimodel-v2-vmlu-test,VMLU Test v2 server breakdown,test,subject,middle_school_geography,withheld,server_scored_user_provided,,,,,,,,,,82.99,,,,,,,,,,,,,,,,,,,User-provided VMLU server result JSON,Category/subject server score; per-row denominator and correct count were not supplied.
server_breakdown,vi-multimodel-expansion-v2,2,vmlu_v2_server_scored,vmlu,mimo-v2-6-flash,MiMo V2.6 Flash,vi-multimodel-v2-vmlu-test,VMLU Test v2 server breakdown,test,subject,principles_of_marxism_and_leninism,withheld,server_scored_user_provided,,,,,,,,,,86.11,,,,,,,,,,,,,,,,,,,User-provided VMLU server result JSON,Category/subject server score; per-row denominator and correct count were not supplied.
server_breakdown,vi-multimodel-expansion-v2,2,vmlu_v2_server_scored,vmlu,mimo-v2-6-flash,MiMo V2.6 Flash,vi-multimodel-v2-vmlu-test,VMLU Test v2 server breakdown,test,subject,sociology,withheld,server_scored_user_provided,,,,,,,,,,79.78,,,,,,,,,,,,,,,,,,,User-provided VMLU server result JSON,Category/subject server score; per-row denominator and correct count were not supplied.
server_breakdown,vi-multimodel-expansion-v2,2,vmlu_v2_server_scored,vmlu,mimo-v2-6-flash,MiMo V2.6 Flash,vi-multimodel-v2-vmlu-test,VMLU Test v2 server breakdown,test,subject,business_administration,withheld,server_scored_user_provided,,,,,,,,,,66.67,,,,,,,,,,,,,,,,,,,User-provided VMLU server result JSON,Category/subject server score; per-row denominator and correct count were not supplied.
server_breakdown,vi-multimodel-expansion-v2,2,vmlu_v2_server_scored,vmlu,mimo-v2-6-flash,MiMo V2.6 Flash,vi-multimodel-v2-vmlu-test,VMLU Test v2 server breakdown,test,subject,high_school_civil_education,withheld,server_scored_user_provided,,,,,,,,,,87.22,,,,,,,,,,,,,,,,,,,User-provided VMLU server result JSON,Category/subject server score; per-row denominator and correct count were not supplied.
server_breakdown,vi-multimodel-expansion-v2,2,vmlu_v2_server_scored,vmlu,mimo-v2-6-flash,MiMo V2.6 Flash,vi-multimodel-v2-vmlu-test,VMLU Test v2 server breakdown,test,subject,high_school_geography,withheld,server_scored_user_provided,,,,,,,,,,67.9,,,,,,,,,,,,,,,,,,,User-provided VMLU server result JSON,Category/subject server score; per-row denominator and correct count were not supplied.
server_breakdown,vi-multimodel-expansion-v2,2,vmlu_v2_server_scored,vmlu,mimo-v2-6-flash,MiMo V2.6 Flash,vi-multimodel-v2-vmlu-test,VMLU Test v2 server breakdown,test,subject,ho_chi_minh_ideology,withheld,server_scored_user_provided,,,,,,,,,,75.42,,,,,,,,,,,,,,,,,,,User-provided VMLU server result JSON,Category/subject server score; per-row denominator and correct count were not supplied.
server_breakdown,vi-multimodel-expansion-v2,2,vmlu_v2_server_scored,vmlu,mimo-v2-6-flash,MiMo V2.6 Flash,vi-multimodel-v2-vmlu-test,VMLU Test v2 server breakdown,test,subject,macroeconomics,withheld,server_scored_user_provided,,,,,,,,,,77.22,,,,,,,,,,,,,,,,,,,User-provided VMLU server result JSON,Category/subject server score; per-row denominator and correct count were not supplied.
server_breakdown,vi-multimodel-expansion-v2,2,vmlu_v2_server_scored,vmlu,mimo-v2-6-flash,MiMo V2.6 Flash,vi-multimodel-v2-vmlu-test,VMLU Test v2 server breakdown,test,subject,microeconomics,withheld,server_scored_user_provided,,,,,,,,,,90.56,,,,,,,,,,,,,,,,,,,User-provided VMLU server result JSON,Category/subject server score; per-row denominator and correct count were not supplied.
server_breakdown,vi-multimodel-expansion-v2,2,vmlu_v2_server_scored,vmlu,mimo-v2-6-flash,MiMo V2.6 Flash,vi-multimodel-v2-vmlu-test,VMLU Test v2 server breakdown,test,category,STEM,withheld,server_scored_user_provided,,,,,,,,,,81.22,,,,,,,,,,,,,,,,,,,User-provided VMLU server result JSON,Category/subject server score; per-row denominator and correct count were not supplied.
server_breakdown,vi-multimodel-expansion-v2,2,vmlu_v2_server_scored,vmlu,mimo-v2-6-flash,MiMo V2.6 Flash,vi-multimodel-v2-vmlu-test,VMLU Test v2 server breakdown,test,subject,applied_informatics,withheld,server_scored_user_provided,,,,,,,,,,85.0,,,,,,,,,,,,,,,,,,,User-provided VMLU server result JSON,Category/subject server score; per-row denominator and correct count were not supplied.
server_breakdown,vi-multimodel-expansion-v2,2,vmlu_v2_server_scored,vmlu,mimo-v2-6-flash,MiMo V2.6 Flash,vi-multimodel-v2-vmlu-test,VMLU Test v2 server breakdown,test,subject,computer_architecture,withheld,server_scored_user_provided,,,,,,,,,,85.0,,,,,,,,,,,,,,,,,,,User-provided VMLU server result JSON,Category/subject server score; per-row denominator and correct count were not supplied.
server_breakdown,vi-multimodel-expansion-v2,2,vmlu_v2_server_scored,vmlu,mimo-v2-6-flash,MiMo V2.6 Flash,vi-multimodel-v2-vmlu-test,VMLU Test v2 server breakdown,test,subject,computer_network,withheld,server_scored_user_provided,,,,,,,,,,84.36,,,,,,,,,,,,,,,,,,,User-provided VMLU server result JSON,Category/subject server score; per-row denominator and correct count were not supplied.
server_breakdown,vi-multimodel-expansion-v2,2,vmlu_v2_server_scored,vmlu,mimo-v2-6-flash,MiMo V2.6 Flash,vi-multimodel-v2-vmlu-test,VMLU Test v2 server breakdown,test,subject,discrete_mathematics,withheld,server_scored_user_provided,,,,,,,,,,90.3,,,,,,,,,,,,,,,,,,,User-provided VMLU server result JSON,Category/subject server score; per-row denominator and correct count were not supplied.
server_breakdown,vi-multimodel-expansion-v2,2,vmlu_v2_server_scored,vmlu,mimo-v2-6-flash,MiMo V2.6 Flash,vi-multimodel-v2-vmlu-test,VMLU Test v2 server breakdown,test,subject,electrical_engineering,withheld,server_scored_user_provided,,,,,,,,,,67.61,,,,,,,,,,,,,,,,,,,User-provided VMLU server result JSON,Category/subject server score; per-row denominator and correct count were not supplied.
server_breakdown,vi-multimodel-expansion-v2,2,vmlu_v2_server_scored,vmlu,mimo-v2-6-flash,MiMo V2.6 Flash,vi-multimodel-v2-vmlu-test,VMLU Test v2 server breakdown,test,subject,elementary_mathematics,withheld,server_scored_user_provided,,,,,,,,,,90.56,,,,,,,,,,,,,,,,,,,User-provided VMLU server result JSON,Category/subject server score; per-row denominator and correct count were not supplied.
server_breakdown,vi-multimodel-expansion-v2,2,vmlu_v2_server_scored,vmlu,mimo-v2-6-flash,MiMo V2.6 Flash,vi-multimodel-v2-vmlu-test,VMLU Test v2 server breakdown,test,subject,elementary_science,withheld,server_scored_user_provided,,,,,,,,,,92.22,,,,,,,,,,,,,,,,,,,User-provided VMLU server result JSON,Category/subject server score; per-row denominator and correct count were not supplied.
server_breakdown,vi-multimodel-expansion-v2,2,vmlu_v2_server_scored,vmlu,mimo-v2-6-flash,MiMo V2.6 Flash,vi-multimodel-v2-vmlu-test,VMLU Test v2 server breakdown,test,subject,high_school_biology,withheld,server_scored_user_provided,,,,,,,,,,64.44,,,,,,,,,,,,,,,,,,,User-provided VMLU server result JSON,Category/subject server score; per-row denominator and correct count were not supplied.
server_breakdown,vi-multimodel-expansion-v2,2,vmlu_v2_server_scored,vmlu,mimo-v2-6-flash,MiMo V2.6 Flash,vi-multimodel-v2-vmlu-test,VMLU Test v2 server breakdown,test,subject,high_school_chemistry,withheld,server_scored_user_provided,,,,,,,,,,70.0,,,,,,,,,,,,,,,,,,,User-provided VMLU server result JSON,Category/subject server score; per-row denominator and correct count were not supplied.
server_breakdown,vi-multimodel-expansion-v2,2,vmlu_v2_server_scored,vmlu,mimo-v2-6-flash,MiMo V2.6 Flash,vi-multimodel-v2-vmlu-test,VMLU Test v2 server breakdown,test,subject,high_school_mathematics,withheld,server_scored_user_provided,,,,,,,,,,78.38,,,,,,,,,,,,,,,,,,,User-provided VMLU server result JSON,Category/subject server score; per-row denominator and correct count were not supplied.
server_breakdown,vi-multimodel-expansion-v2,2,vmlu_v2_server_scored,vmlu,mimo-v2-6-flash,MiMo V2.6 Flash,vi-multimodel-v2-vmlu-test,VMLU Test v2 server breakdown,test,subject,high_school_physics,withheld,server_scored_user_provided,,,,,,,,,,73.33,,,,,,,,,,,,,,,,,,,User-provided VMLU server result JSON,Category/subject server score; per-row denominator and correct count were not supplied.
server_breakdown,vi-multimodel-expansion-v2,2,vmlu_v2_server_scored,vmlu,mimo-v2-6-flash,MiMo V2.6 Flash,vi-multimodel-v2-vmlu-test,VMLU Test v2 server breakdown,test,subject,introduction_to_chemistry,withheld,server_scored_user_provided,,,,,,,,,,83.8,,,,,,,,,,,,,,,,,,,User-provided VMLU server result JSON,Category/subject server score; per-row denominator and correct count were not supplied.
server_breakdown,vi-multimodel-expansion-v2,2,vmlu_v2_server_scored,vmlu,mimo-v2-6-flash,MiMo V2.6 Flash,vi-multimodel-v2-vmlu-test,VMLU Test v2 server breakdown,test,subject,introduction_to_physics,withheld,server_scored_user_provided,,,,,,,,,,89.6,,,,,,,,,,,,,,,,,,,User-provided VMLU server result JSON,Category/subject server score; per-row denominator and correct count were not supplied.
server_breakdown,vi-multimodel-expansion-v2,2,vmlu_v2_server_scored,vmlu,mimo-v2-6-flash,MiMo V2.6 Flash,vi-multimodel-v2-vmlu-test,VMLU Test v2 server breakdown,test,subject,introduction_to_programming,withheld,server_scored_user_provided,,,,,,,,,,80.45,,,,,,,,,,,,,,,,,,,User-provided VMLU server result JSON,Category/subject server score; per-row denominator and correct count were not supplied.
server_breakdown,vi-multimodel-expansion-v2,2,vmlu_v2_server_scored,vmlu,mimo-v2-6-flash,MiMo V2.6 Flash,vi-multimodel-v2-vmlu-test,VMLU Test v2 server breakdown,test,subject,metrology_engineer,withheld,server_scored_user_provided,,,,,,,,,,73.05,,,,,,,,,,,,,,,,,,,User-provided VMLU server result JSON,Category/subject server score; per-row denominator and correct count were not supplied.
server_breakdown,vi-multimodel-expansion-v2,2,vmlu_v2_server_scored,vmlu,mimo-v2-6-flash,MiMo V2.6 Flash,vi-multimodel-v2-vmlu-test,VMLU Test v2 server breakdown,test,subject,middle_school_biology,withheld,server_scored_user_provided,,,,,,,,,,84.71,,,,,,,,,,,,,,,,,,,User-provided VMLU server result JSON,Category/subject server score; per-row denominator and correct count were not supplied.
server_breakdown,vi-multimodel-expansion-v2,2,vmlu_v2_server_scored,vmlu,mimo-v2-6-flash,MiMo V2.6 Flash,vi-multimodel-v2-vmlu-test,VMLU Test v2 server breakdown,test,subject,middle_school_chemistry,withheld,server_scored_user_provided,,,,,,,,,,82.78,,,,,,,,,,,,,,,,,,,User-provided VMLU server result JSON,Category/subject server score; per-row denominator and correct count were not supplied.
server_breakdown,vi-multimodel-expansion-v2,2,vmlu_v2_server_scored,vmlu,mimo-v2-6-flash,MiMo V2.6 Flash,vi-multimodel-v2-vmlu-test,VMLU Test v2 server breakdown,test,subject,middle_school_mathematics,withheld,server_scored_user_provided,,,,,,,,,,77.78,,,,,,,,,,,,,,,,,,,User-provided VMLU server result JSON,Category/subject server score; per-row denominator and correct count were not supplied.
server_breakdown,vi-multimodel-expansion-v2,2,vmlu_v2_server_scored,vmlu,mimo-v2-6-flash,MiMo V2.6 Flash,vi-multimodel-v2-vmlu-test,VMLU Test v2 server breakdown,test,subject,middle_school_physics,withheld,server_scored_user_provided,,,,,,,,,,90.56,,,,,,,,,,,,,,,,,,,User-provided VMLU server result JSON,Category/subject server score; per-row denominator and correct count were not supplied.
server_breakdown,vi-multimodel-expansion-v2,2,vmlu_v2_server_scored,vmlu,mimo-v2-6-flash,MiMo V2.6 Flash,vi-multimodel-v2-vmlu-test,VMLU Test v2 server breakdown,test,subject,operating_system,withheld,server_scored_user_provided,,,,,,,,,,78.33,,,,,,,,,,,,,,,,,,,User-provided VMLU server result JSON,Category/subject server score; per-row denominator and correct count were not supplied.
server_breakdown,vi-multimodel-expansion-v2,2,vmlu_v2_server_scored,vmlu,mimo-v2-6-flash,MiMo V2.6 Flash,vi-multimodel-v2-vmlu-test,VMLU Test v2 server breakdown,test,subject,statistics_and_probability,withheld,server_scored_user_provided,,,,,,,,,,83.33,,,,,,,,,,,,,,,,,,,User-provided VMLU server result JSON,Category/subject server score; per-row denominator and correct count were not supplied.
server_breakdown,vi-multimodel-expansion-v2,2,vmlu_v2_server_scored,vmlu,mimo-v2-6-flash,MiMo V2.6 Flash,vi-multimodel-v2-vmlu-test,VMLU Test v2 server breakdown,test,category,Other,withheld,server_scored_user_provided,,,,,,,,,,68.32,,,,,,,,,,,,,,,,,,,User-provided VMLU server result JSON,Category/subject server score; per-row denominator and correct count were not supplied.
server_breakdown,vi-multimodel-expansion-v2,2,vmlu_v2_server_scored,vmlu,mimo-v2-6-flash,MiMo V2.6 Flash,vi-multimodel-v2-vmlu-test,VMLU Test v2 server breakdown,test,subject,accountant,withheld,server_scored_user_provided,,,,,,,,,,77.98,,,,,,,,,,,,,,,,,,,User-provided VMLU server result JSON,Category/subject server score; per-row denominator and correct count were not supplied.
server_breakdown,vi-multimodel-expansion-v2,2,vmlu_v2_server_scored,vmlu,mimo-v2-6-flash,MiMo V2.6 Flash,vi-multimodel-v2-vmlu-test,VMLU Test v2 server breakdown,test,subject,civil_servant,withheld,server_scored_user_provided,,,,,,,,,,57.89,,,,,,,,,,,,,,,,,,,User-provided VMLU server result JSON,Category/subject server score; per-row denominator and correct count were not supplied.
server_breakdown,vi-multimodel-expansion-v2,2,vmlu_v2_server_scored,vmlu,mimo-v2-6-flash,MiMo V2.6 Flash,vi-multimodel-v2-vmlu-test,VMLU Test v2 server breakdown,test,subject,clinical_pharmacology,withheld,server_scored_user_provided,,,,,,,,,,81.67,,,,,,,,,,,,,,,,,,,User-provided VMLU server result JSON,Category/subject server score; per-row denominator and correct count were not supplied.
server_breakdown,vi-multimodel-expansion-v2,2,vmlu_v2_server_scored,vmlu,mimo-v2-6-flash,MiMo V2.6 Flash,vi-multimodel-v2-vmlu-test,VMLU Test v2 server breakdown,test,subject,driving_license_certificate,withheld,server_scored_user_provided,,,,,,,,,,88.89,,,,,,,,,,,,,,,,,,,User-provided VMLU server result JSON,Category/subject server score; per-row denominator and correct count were not supplied.
server_breakdown,vi-multimodel-expansion-v2,2,vmlu_v2_server_scored,vmlu,mimo-v2-6-flash,MiMo V2.6 Flash,vi-multimodel-v2-vmlu-test,VMLU Test v2 server breakdown,test,subject,environmental_engineering,withheld,server_scored_user_provided,,,,,,,,,,58.48,,,,,,,,,,,,,,,,,,,User-provided VMLU server result JSON,Category/subject server score; per-row denominator and correct count were not supplied.
server_breakdown,vi-multimodel-expansion-v2,2,vmlu_v2_server_scored,vmlu,mimo-v2-6-flash,MiMo V2.6 Flash,vi-multimodel-v2-vmlu-test,VMLU Test v2 server breakdown,test,subject,internal_basic_medicine,withheld,server_scored_user_provided,,,,,,,,,,73.68,,,,,,,,,,,,,,,,,,,User-provided VMLU server result JSON,Category/subject server score; per-row denominator and correct count were not supplied.
server_breakdown,vi-multimodel-expansion-v2,2,vmlu_v2_server_scored,vmlu,mimo-v2-6-flash,MiMo V2.6 Flash,vi-multimodel-v2-vmlu-test,VMLU Test v2 server breakdown,test,subject,preschool_pedagogy,withheld,server_scored_user_provided,,,,,,,,,,57.84,,,,,,,,,,,,,,,,,,,User-provided VMLU server result JSON,Category/subject server score; per-row denominator and correct count were not supplied.
server_breakdown,vi-multimodel-expansion-v2,2,vmlu_v2_server_scored,vmlu,mimo-v2-6-flash,MiMo V2.6 Flash,vi-multimodel-v2-vmlu-test,VMLU Test v2 server breakdown,test,subject,tax_accountant,withheld,server_scored_user_provided,,,,,,,,,,47.7,,,,,,,,,,,,,,,,,,,User-provided VMLU server result JSON,Category/subject server score; per-row denominator and correct count were not supplied.
server_breakdown,vi-multimodel-expansion-v2,2,vmlu_v2_server_scored,vmlu,mimo-v2-6-flash,MiMo V2.6 Flash,vi-multimodel-v2-vmlu-test,VMLU Test v2 server breakdown,test,subject,tax_civil_servant,withheld,server_scored_user_provided,,,,,,,,,,70.76,,,,,,,,,,,,,,,,,,,User-provided VMLU server result JSON,Category/subject server score; per-row denominator and correct count were not supplied.
server_breakdown,vi-multimodel-expansion-v2,2,vmlu_v2_server_scored,vmlu,mimo-v2-6-flash,MiMo V2.6 Flash,vi-multimodel-v2-vmlu-test,VMLU Test v2 server breakdown,test,category,Humanity,withheld,server_scored_user_provided,,,,,,,,,,72.05,,,,,,,,,,,,,,,,,,,User-provided VMLU server result JSON,Category/subject server score; per-row denominator and correct count were not supplied.
server_breakdown,vi-multimodel-expansion-v2,2,vmlu_v2_server_scored,vmlu,mimo-v2-6-flash,MiMo V2.6 Flash,vi-multimodel-v2-vmlu-test,VMLU Test v2 server breakdown,test,subject,civil_law,withheld,server_scored_user_provided,,,,,,,,,,77.22,,,,,,,,,,,,,,,,,,,User-provided VMLU server result JSON,Category/subject server score; per-row denominator and correct count were not supplied.
server_breakdown,vi-multimodel-expansion-v2,2,vmlu_v2_server_scored,vmlu,mimo-v2-6-flash,MiMo V2.6 Flash,vi-multimodel-v2-vmlu-test,VMLU Test v2 server breakdown,test,subject,criminal_law,withheld,server_scored_user_provided,,,,,,,,,,79.14,,,,,,,,,,,,,,,,,,,User-provided VMLU server result JSON,Category/subject server score; per-row denominator and correct count were not supplied.
server_breakdown,vi-multimodel-expansion-v2,2,vmlu_v2_server_scored,vmlu,mimo-v2-6-flash,MiMo V2.6 Flash,vi-multimodel-v2-vmlu-test,VMLU Test v2 server breakdown,test,subject,economic_law,withheld,server_scored_user_provided,,,,,,,,,,62.73,,,,,,,,,,,,,,,,,,,User-provided VMLU server result JSON,Category/subject server score; per-row denominator and correct count were not supplied.
server_breakdown,vi-multimodel-expansion-v2,2,vmlu_v2_server_scored,vmlu,mimo-v2-6-flash,MiMo V2.6 Flash,vi-multimodel-v2-vmlu-test,VMLU Test v2 server breakdown,test,subject,education_law,withheld,server_scored_user_provided,,,,,,,,,,57.83,,,,,,,,,,,,,,,,,,,User-provided VMLU server result JSON,Category/subject server score; per-row denominator and correct count were not supplied.
server_breakdown,vi-multimodel-expansion-v2,2,vmlu_v2_server_scored,vmlu,mimo-v2-6-flash,MiMo V2.6 Flash,vi-multimodel-v2-vmlu-test,VMLU Test v2 server breakdown,test,subject,elementary_history,withheld,server_scored_user_provided,,,,,,,,,,78.53,,,,,,,,,,,,,,,,,,,User-provided VMLU server result JSON,Category/subject server score; per-row denominator and correct count were not supplied.
server_breakdown,vi-multimodel-expansion-v2,2,vmlu_v2_server_scored,vmlu,mimo-v2-6-flash,MiMo V2.6 Flash,vi-multimodel-v2-vmlu-test,VMLU Test v2 server breakdown,test,subject,high_school_history,withheld,server_scored_user_provided,,,,,,,,,,75.0,,,,,,,,,,,,,,,,,,,User-provided VMLU server result JSON,Category/subject server score; per-row denominator and correct count were not supplied.
server_breakdown,vi-multimodel-expansion-v2,2,vmlu_v2_server_scored,vmlu,mimo-v2-6-flash,MiMo V2.6 Flash,vi-multimodel-v2-vmlu-test,VMLU Test v2 server breakdown,test,subject,high_school_literature,withheld,server_scored_user_provided,,,,,,,,,,69.44,,,,,,,,,,,,,,,,,,,User-provided VMLU server result JSON,Category/subject server score; per-row denominator and correct count were not supplied.
server_breakdown,vi-multimodel-expansion-v2,2,vmlu_v2_server_scored,vmlu,mimo-v2-6-flash,MiMo V2.6 Flash,vi-multimodel-v2-vmlu-test,VMLU Test v2 server breakdown,test,subject,history_of_world_civilization,withheld,server_scored_user_provided,,,,,,,,,,88.33,,,,,,,,,,,,,,,,,,,User-provided VMLU server result JSON,Category/subject server score; per-row denominator and correct count were not supplied.
server_breakdown,vi-multimodel-expansion-v2,2,vmlu_v2_server_scored,vmlu,mimo-v2-6-flash,MiMo V2.6 Flash,vi-multimodel-v2-vmlu-test,VMLU Test v2 server breakdown,test,subject,idealogical_and_moral_cultivation,withheld,server_scored_user_provided,,,,,,,,,,89.44,,,,,,,,,,,,,,,,,,,User-provided VMLU server result JSON,Category/subject server score; per-row denominator and correct count were not supplied.
server_breakdown,vi-multimodel-expansion-v2,2,vmlu_v2_server_scored,vmlu,mimo-v2-6-flash,MiMo V2.6 Flash,vi-multimodel-v2-vmlu-test,VMLU Test v2 server breakdown,test,subject,introduction_to_laws,withheld,server_scored_user_provided,,,,,,,,,,79.37,,,,,,,,,,,,,,,,,,,User-provided VMLU server result JSON,Category/subject server score; per-row denominator and correct count were not supplied.
server_breakdown,vi-multimodel-expansion-v2,2,vmlu_v2_server_scored,vmlu,mimo-v2-6-flash,MiMo V2.6 Flash,vi-multimodel-v2-vmlu-test,VMLU Test v2 server breakdown,test,subject,introduction_to_vietnam_culture,withheld,server_scored_user_provided,,,,,,,,,,71.11,,,,,,,,,,,,,,,,,,,User-provided VMLU server result JSON,Category/subject server score; per-row denominator and correct count were not supplied.
server_breakdown,vi-multimodel-expansion-v2,2,vmlu_v2_server_scored,vmlu,mimo-v2-6-flash,MiMo V2.6 Flash,vi-multimodel-v2-vmlu-test,VMLU Test v2 server breakdown,test,subject,logic,withheld,server_scored_user_provided,,,,,,,,,,63.22,,,,,,,,,,,,,,,,,,,User-provided VMLU server result JSON,Category/subject server score; per-row denominator and correct count were not supplied.
server_breakdown,vi-multimodel-expansion-v2,2,vmlu_v2_server_scored,vmlu,mimo-v2-6-flash,MiMo V2.6 Flash,vi-multimodel-v2-vmlu-test,VMLU Test v2 server breakdown,test,subject,middle_school_history,withheld,server_scored_user_provided,,,,,,,,,,76.67,,,,,,,,,,,,,,,,,,,User-provided VMLU server result JSON,Category/subject server score; per-row denominator and correct count were not supplied.
server_breakdown,vi-multimodel-expansion-v2,2,vmlu_v2_server_scored,vmlu,mimo-v2-6-flash,MiMo V2.6 Flash,vi-multimodel-v2-vmlu-test,VMLU Test v2 server breakdown,test,subject,middle_school_literature,withheld,server_scored_user_provided,,,,,,,,,,68.97,,,,,,,,,,,,,,,,,,,User-provided VMLU server result JSON,Category/subject server score; per-row denominator and correct count were not supplied.
server_breakdown,vi-multimodel-expansion-v2,2,vmlu_v2_server_scored,vmlu,mimo-v2-6-flash,MiMo V2.6 Flash,vi-multimodel-v2-vmlu-test,VMLU Test v2 server breakdown,test,subject,revolutionary_policy_of_the_vietnamese_commununist_part,withheld,server_scored_user_provided,,,,,,,,,,62.78,,,,,,,,,,,,,,,,,,,User-provided VMLU server result JSON,Category/subject server score; per-row denominator and correct count were not supplied.
server_breakdown,vi-multimodel-expansion-v2,2,vmlu_v2_server_scored,vmlu,mimo-v2-6-flash,MiMo V2.6 Flash,vi-multimodel-v2-vmlu-test,VMLU Test v2 server breakdown,test,subject,vietnamese_language_and_literature,withheld,server_scored_user_provided,,,,,,,,,,66.09,,,,,,,,,,,,,,,,,,,User-provided VMLU server result JSON,Category/subject server score; per-row denominator and correct count were not supplied.
server_breakdown,vi-multimodel-expansion-v2,2,vmlu_v2_server_scored,vmlu,mimo-v2-6-flash,MiMo V2.6 Flash,vi-multimodel-v2-vmlu-test,VMLU Test v2 server breakdown,test,subject,administrative_law,withheld,server_scored_user_provided,,,,,,,,,,53.33,,,,,,,,,,,,,,,,,,,User-provided VMLU server result JSON,Category/subject server score; per-row denominator and correct count were not supplied.
server_breakdown,vi-multimodel-expansion-v2,2,vmlu_v2_server_scored,vmlu,mimo-v2-6-flash,MiMo V2.6 Flash,vi-multimodel-v2-vmlu-test,VMLU Test v2 server breakdown,test,subject,business_law,withheld,server_scored_user_provided,,,,,,,,,,77.65,,,,,,,,,,,,,,,,,,,User-provided VMLU server result JSON,Category/subject server score; per-row denominator and correct count were not supplied.
server_breakdown,vi-multimodel-expansion-v2,2,vmlu_v2_server_scored,vmlu,mimo-v2-5,MiMo V2.5,vi-multimodel-v2-vmlu-test,VMLU Test v2 server breakdown,test,category,STEM,withheld,server_scored_user_provided,,,,,,,,,,79.63,,,,,,,,,,,,,,,,,,,User-provided VMLU server result JSON,Category/subject server score; per-row denominator and correct count were not supplied.
server_breakdown,vi-multimodel-expansion-v2,2,vmlu_v2_server_scored,vmlu,mimo-v2-5,MiMo V2.5,vi-multimodel-v2-vmlu-test,VMLU Test v2 server breakdown,test,subject,applied_informatics,withheld,server_scored_user_provided,,,,,,,,,,81.11,,,,,,,,,,,,,,,,,,,User-provided VMLU server result JSON,Category/subject server score; per-row denominator and correct count were not supplied.
server_breakdown,vi-multimodel-expansion-v2,2,vmlu_v2_server_scored,vmlu,mimo-v2-5,MiMo V2.5,vi-multimodel-v2-vmlu-test,VMLU Test v2 server breakdown,test,subject,computer_architecture,withheld,server_scored_user_provided,,,,,,,,,,85.56,,,,,,,,,,,,,,,,,,,User-provided VMLU server result JSON,Category/subject server score; per-row denominator and correct count were not supplied.
server_breakdown,vi-multimodel-expansion-v2,2,vmlu_v2_server_scored,vmlu,mimo-v2-5,MiMo V2.5,vi-multimodel-v2-vmlu-test,VMLU Test v2 server breakdown,test,subject,computer_network,withheld,server_scored_user_provided,,,,,,,,,,82.68,,,,,,,,,,,,,,,,,,,User-provided VMLU server result JSON,Category/subject server score; per-row denominator and correct count were not supplied.
server_breakdown,vi-multimodel-expansion-v2,2,vmlu_v2_server_scored,vmlu,mimo-v2-5,MiMo V2.5,vi-multimodel-v2-vmlu-test,VMLU Test v2 server breakdown,test,subject,discrete_mathematics,withheld,server_scored_user_provided,,,,,,,,,,88.48,,,,,,,,,,,,,,,,,,,User-provided VMLU server result JSON,Category/subject server score; per-row denominator and correct count were not supplied.
server_breakdown,vi-multimodel-expansion-v2,2,vmlu_v2_server_scored,vmlu,mimo-v2-5,MiMo V2.5,vi-multimodel-v2-vmlu-test,VMLU Test v2 server breakdown,test,subject,electrical_engineering,withheld,server_scored_user_provided,,,,,,,,,,67.61,,,,,,,,,,,,,,,,,,,User-provided VMLU server result JSON,Category/subject server score; per-row denominator and correct count were not supplied.
server_breakdown,vi-multimodel-expansion-v2,2,vmlu_v2_server_scored,vmlu,mimo-v2-5,MiMo V2.5,vi-multimodel-v2-vmlu-test,VMLU Test v2 server breakdown,test,subject,elementary_mathematics,withheld,server_scored_user_provided,,,,,,,,,,87.78,,,,,,,,,,,,,,,,,,,User-provided VMLU server result JSON,Category/subject server score; per-row denominator and correct count were not supplied.
server_breakdown,vi-multimodel-expansion-v2,2,vmlu_v2_server_scored,vmlu,mimo-v2-5,MiMo V2.5,vi-multimodel-v2-vmlu-test,VMLU Test v2 server breakdown,test,subject,elementary_science,withheld,server_scored_user_provided,,,,,,,,,,92.78,,,,,,,,,,,,,,,,,,,User-provided VMLU server result JSON,Category/subject server score; per-row denominator and correct count were not supplied.
server_breakdown,vi-multimodel-expansion-v2,2,vmlu_v2_server_scored,vmlu,mimo-v2-5,MiMo V2.5,vi-multimodel-v2-vmlu-test,VMLU Test v2 server breakdown,test,subject,high_school_biology,withheld,server_scored_user_provided,,,,,,,,,,65.56,,,,,,,,,,,,,,,,,,,User-provided VMLU server result JSON,Category/subject server score; per-row denominator and correct count were not supplied.
server_breakdown,vi-multimodel-expansion-v2,2,vmlu_v2_server_scored,vmlu,mimo-v2-5,MiMo V2.5,vi-multimodel-v2-vmlu-test,VMLU Test v2 server breakdown,test,subject,high_school_chemistry,withheld,server_scored_user_provided,,,,,,,,,,68.33,,,,,,,,,,,,,,,,,,,User-provided VMLU server result JSON,Category/subject server score; per-row denominator and correct count were not supplied.
server_breakdown,vi-multimodel-expansion-v2,2,vmlu_v2_server_scored,vmlu,mimo-v2-5,MiMo V2.5,vi-multimodel-v2-vmlu-test,VMLU Test v2 server breakdown,test,subject,high_school_mathematics,withheld,server_scored_user_provided,,,,,,,,,,73.65,,,,,,,,,,,,,,,,,,,User-provided VMLU server result JSON,Category/subject server score; per-row denominator and correct count were not supplied.
server_breakdown,vi-multimodel-expansion-v2,2,vmlu_v2_server_scored,vmlu,mimo-v2-5,MiMo V2.5,vi-multimodel-v2-vmlu-test,VMLU Test v2 server breakdown,test,subject,high_school_physics,withheld,server_scored_user_provided,,,,,,,,,,70.56,,,,,,,,,,,,,,,,,,,User-provided VMLU server result JSON,Category/subject server score; per-row denominator and correct count were not supplied.
server_breakdown,vi-multimodel-expansion-v2,2,vmlu_v2_server_scored,vmlu,mimo-v2-5,MiMo V2.5,vi-multimodel-v2-vmlu-test,VMLU Test v2 server breakdown,test,subject,introduction_to_chemistry,withheld,server_scored_user_provided,,,,,,,,,,82.68,,,,,,,,,,,,,,,,,,,User-provided VMLU server result JSON,Category/subject server score; per-row denominator and correct count were not supplied.
server_breakdown,vi-multimodel-expansion-v2,2,vmlu_v2_server_scored,vmlu,mimo-v2-5,MiMo V2.5,vi-multimodel-v2-vmlu-test,VMLU Test v2 server breakdown,test,subject,introduction_to_physics,withheld,server_scored_user_provided,,,,,,,,,,84.97,,,,,,,,,,,,,,,,,,,User-provided VMLU server result JSON,Category/subject server score; per-row denominator and correct count were not supplied.
server_breakdown,vi-multimodel-expansion-v2,2,vmlu_v2_server_scored,vmlu,mimo-v2-5,MiMo V2.5,vi-multimodel-v2-vmlu-test,VMLU Test v2 server breakdown,test,subject,introduction_to_programming,withheld,server_scored_user_provided,,,,,,,,,,79.33,,,,,,,,,,,,,,,,,,,User-provided VMLU server result JSON,Category/subject server score; per-row denominator and correct count were not supplied.
server_breakdown,vi-multimodel-expansion-v2,2,vmlu_v2_server_scored,vmlu,mimo-v2-5,MiMo V2.5,vi-multimodel-v2-vmlu-test,VMLU Test v2 server breakdown,test,subject,metrology_engineer,withheld,server_scored_user_provided,,,,,,,,,,68.79,,,,,,,,,,,,,,,,,,,User-provided VMLU server result JSON,Category/subject server score; per-row denominator and correct count were not supplied.
server_breakdown,vi-multimodel-expansion-v2,2,vmlu_v2_server_scored,vmlu,mimo-v2-5,MiMo V2.5,vi-multimodel-v2-vmlu-test,VMLU Test v2 server breakdown,test,subject,middle_school_biology,withheld,server_scored_user_provided,,,,,,,,,,81.76,,,,,,,,,,,,,,,,,,,User-provided VMLU server result JSON,Category/subject server score; per-row denominator and correct count were not supplied.
server_breakdown,vi-multimodel-expansion-v2,2,vmlu_v2_server_scored,vmlu,mimo-v2-5,MiMo V2.5,vi-multimodel-v2-vmlu-test,VMLU Test v2 server breakdown,test,subject,middle_school_chemistry,withheld,server_scored_user_provided,,,,,,,,,,82.22,,,,,,,,,,,,,,,,,,,User-provided VMLU server result JSON,Category/subject server score; per-row denominator and correct count were not supplied.
server_breakdown,vi-multimodel-expansion-v2,2,vmlu_v2_server_scored,vmlu,mimo-v2-5,MiMo V2.5,vi-multimodel-v2-vmlu-test,VMLU Test v2 server breakdown,test,subject,middle_school_mathematics,withheld,server_scored_user_provided,,,,,,,,,,77.78,,,,,,,,,,,,,,,,,,,User-provided VMLU server result JSON,Category/subject server score; per-row denominator and correct count were not supplied.
server_breakdown,vi-multimodel-expansion-v2,2,vmlu_v2_server_scored,vmlu,mimo-v2-5,MiMo V2.5,vi-multimodel-v2-vmlu-test,VMLU Test v2 server breakdown,test,subject,middle_school_physics,withheld,server_scored_user_provided,,,,,,,,,,85.0,,,,,,,,,,,,,,,,,,,User-provided VMLU server result JSON,Category/subject server score; per-row denominator and correct count were not supplied.
server_breakdown,vi-multimodel-expansion-v2,2,vmlu_v2_server_scored,vmlu,mimo-v2-5,MiMo V2.5,vi-multimodel-v2-vmlu-test,VMLU Test v2 server breakdown,test,subject,operating_system,withheld,server_scored_user_provided,,,,,,,,,,78.33,,,,,,,,,,,,,,,,,,,User-provided VMLU server result JSON,Category/subject server score; per-row denominator and correct count were not supplied.
server_breakdown,vi-multimodel-expansion-v2,2,vmlu_v2_server_scored,vmlu,mimo-v2-5,MiMo V2.5,vi-multimodel-v2-vmlu-test,VMLU Test v2 server breakdown,test,subject,statistics_and_probability,withheld,server_scored_user_provided,,,,,,,,,,87.36,,,,,,,,,,,,,,,,,,,User-provided VMLU server result JSON,Category/subject server score; per-row denominator and correct count were not supplied.
server_breakdown,vi-multimodel-expansion-v2,2,vmlu_v2_server_scored,vmlu,mimo-v2-5,MiMo V2.5,vi-multimodel-v2-vmlu-test,VMLU Test v2 server breakdown,test,category,Social Science,withheld,server_scored_user_provided,,,,,,,,,,79.02,,,,,,,,,,,,,,,,,,,User-provided VMLU server result JSON,Category/subject server score; per-row denominator and correct count were not supplied.
server_breakdown,vi-multimodel-expansion-v2,2,vmlu_v2_server_scored,vmlu,mimo-v2-5,MiMo V2.5,vi-multimodel-v2-vmlu-test,VMLU Test v2 server breakdown,test,subject,high_school_geography,withheld,server_scored_user_provided,,,,,,,,,,65.43,,,,,,,,,,,,,,,,,,,User-provided VMLU server result JSON,Category/subject server score; per-row denominator and correct count were not supplied.
server_breakdown,vi-multimodel-expansion-v2,2,vmlu_v2_server_scored,vmlu,mimo-v2-5,MiMo V2.5,vi-multimodel-v2-vmlu-test,VMLU Test v2 server breakdown,test,subject,ho_chi_minh_ideology,withheld,server_scored_user_provided,,,,,,,,,,65.36,,,,,,,,,,,,,,,,,,,User-provided VMLU server result JSON,Category/subject server score; per-row denominator and correct count were not supplied.
server_breakdown,vi-multimodel-expansion-v2,2,vmlu_v2_server_scored,vmlu,mimo-v2-5,MiMo V2.5,vi-multimodel-v2-vmlu-test,VMLU Test v2 server breakdown,test,subject,macroeconomics,withheld,server_scored_user_provided,,,,,,,,,,78.89,,,,,,,,,,,,,,,,,,,User-provided VMLU server result JSON,Category/subject server score; per-row denominator and correct count were not supplied.
server_breakdown,vi-multimodel-expansion-v2,2,vmlu_v2_server_scored,vmlu,mimo-v2-5,MiMo V2.5,vi-multimodel-v2-vmlu-test,VMLU Test v2 server breakdown,test,subject,microeconomics,withheld,server_scored_user_provided,,,,,,,,,,90.0,,,,,,,,,,,,,,,,,,,User-provided VMLU server result JSON,Category/subject server score; per-row denominator and correct count were not supplied.
server_breakdown,vi-multimodel-expansion-v2,2,vmlu_v2_server_scored,vmlu,mimo-v2-5,MiMo V2.5,vi-multimodel-v2-vmlu-test,VMLU Test v2 server breakdown,test,subject,middle_school_civil_education,withheld,server_scored_user_provided,,,,,,,,,,87.64,,,,,,,,,,,,,,,,,,,User-provided VMLU server result JSON,Category/subject server score; per-row denominator and correct count were not supplied.
server_breakdown,vi-multimodel-expansion-v2,2,vmlu_v2_server_scored,vmlu,mimo-v2-5,MiMo V2.5,vi-multimodel-v2-vmlu-test,VMLU Test v2 server breakdown,test,subject,middle_school_geography,withheld,server_scored_user_provided,,,,,,,,,,79.59,,,,,,,,,,,,,,,,,,,User-provided VMLU server result JSON,Category/subject server score; per-row denominator and correct count were not supplied.
server_breakdown,vi-multimodel-expansion-v2,2,vmlu_v2_server_scored,vmlu,mimo-v2-5,MiMo V2.5,vi-multimodel-v2-vmlu-test,VMLU Test v2 server breakdown,test,subject,principles_of_marxism_and_leninism,withheld,server_scored_user_provided,,,,,,,,,,84.44,,,,,,,,,,,,,,,,,,,User-provided VMLU server result JSON,Category/subject server score; per-row denominator and correct count were not supplied.
server_breakdown,vi-multimodel-expansion-v2,2,vmlu_v2_server_scored,vmlu,mimo-v2-5,MiMo V2.5,vi-multimodel-v2-vmlu-test,VMLU Test v2 server breakdown,test,subject,sociology,withheld,server_scored_user_provided,,,,,,,,,,81.46,,,,,,,,,,,,,,,,,,,User-provided VMLU server result JSON,Category/subject server score; per-row denominator and correct count were not supplied.
server_breakdown,vi-multimodel-expansion-v2,2,vmlu_v2_server_scored,vmlu,mimo-v2-5,MiMo V2.5,vi-multimodel-v2-vmlu-test,VMLU Test v2 server breakdown,test,subject,business_administration,withheld,server_scored_user_provided,,,,,,,,,,72.41,,,,,,,,,,,,,,,,,,,User-provided VMLU server result JSON,Category/subject server score; per-row denominator and correct count were not supplied.
server_breakdown,vi-multimodel-expansion-v2,2,vmlu_v2_server_scored,vmlu,mimo-v2-5,MiMo V2.5,vi-multimodel-v2-vmlu-test,VMLU Test v2 server breakdown,test,subject,high_school_civil_education,withheld,server_scored_user_provided,,,,,,,,,,85.0,,,,,,,,,,,,,,,,,,,User-provided VMLU server result JSON,Category/subject server score; per-row denominator and correct count were not supplied.
server_breakdown,vi-multimodel-expansion-v2,2,vmlu_v2_server_scored,vmlu,mimo-v2-5,MiMo V2.5,vi-multimodel-v2-vmlu-test,VMLU Test v2 server breakdown,test,category,Other,withheld,server_scored_user_provided,,,,,,,,,,67.84,,,,,,,,,,,,,,,,,,,User-provided VMLU server result JSON,Category/subject server score; per-row denominator and correct count were not supplied.
server_breakdown,vi-multimodel-expansion-v2,2,vmlu_v2_server_scored,vmlu,mimo-v2-5,MiMo V2.5,vi-multimodel-v2-vmlu-test,VMLU Test v2 server breakdown,test,subject,preschool_pedagogy,withheld,server_scored_user_provided,,,,,,,,,,56.86,,,,,,,,,,,,,,,,,,,User-provided VMLU server result JSON,Category/subject server score; per-row denominator and correct count were not supplied.
server_breakdown,vi-multimodel-expansion-v2,2,vmlu_v2_server_scored,vmlu,mimo-v2-5,MiMo V2.5,vi-multimodel-v2-vmlu-test,VMLU Test v2 server breakdown,test,subject,tax_civil_servant,withheld,server_scored_user_provided,,,,,,,,,,68.42,,,,,,,,,,,,,,,,,,,User-provided VMLU server result JSON,Category/subject server score; per-row denominator and correct count were not supplied.
server_breakdown,vi-multimodel-expansion-v2,2,vmlu_v2_server_scored,vmlu,mimo-v2-5,MiMo V2.5,vi-multimodel-v2-vmlu-test,VMLU Test v2 server breakdown,test,subject,civil_servant,withheld,server_scored_user_provided,,,,,,,,,,56.73,,,,,,,,,,,,,,,,,,,User-provided VMLU server result JSON,Category/subject server score; per-row denominator and correct count were not supplied.
server_breakdown,vi-multimodel-expansion-v2,2,vmlu_v2_server_scored,vmlu,mimo-v2-5,MiMo V2.5,vi-multimodel-v2-vmlu-test,VMLU Test v2 server breakdown,test,subject,accountant,withheld,server_scored_user_provided,,,,,,,,,,77.98,,,,,,,,,,,,,,,,,,,User-provided VMLU server result JSON,Category/subject server score; per-row denominator and correct count were not supplied.
server_breakdown,vi-multimodel-expansion-v2,2,vmlu_v2_server_scored,vmlu,mimo-v2-5,MiMo V2.5,vi-multimodel-v2-vmlu-test,VMLU Test v2 server breakdown,test,subject,tax_accountant,withheld,server_scored_user_provided,,,,,,,,,,56.32,,,,,,,,,,,,,,,,,,,User-provided VMLU server result JSON,Category/subject server score; per-row denominator and correct count were not supplied.
server_breakdown,vi-multimodel-expansion-v2,2,vmlu_v2_server_scored,vmlu,mimo-v2-5,MiMo V2.5,vi-multimodel-v2-vmlu-test,VMLU Test v2 server breakdown,test,subject,clinical_pharmacology,withheld,server_scored_user_provided,,,,,,,,,,76.11,,,,,,,,,,,,,,,,,,,User-provided VMLU server result JSON,Category/subject server score; per-row denominator and correct count were not supplied.
server_breakdown,vi-multimodel-expansion-v2,2,vmlu_v2_server_scored,vmlu,mimo-v2-5,MiMo V2.5,vi-multimodel-v2-vmlu-test,VMLU Test v2 server breakdown,test,subject,driving_license_certificate,withheld,server_scored_user_provided,,,,,,,,,,84.8,,,,,,,,,,,,,,,,,,,User-provided VMLU server result JSON,Category/subject server score; per-row denominator and correct count were not supplied.
server_breakdown,vi-multimodel-expansion-v2,2,vmlu_v2_server_scored,vmlu,mimo-v2-5,MiMo V2.5,vi-multimodel-v2-vmlu-test,VMLU Test v2 server breakdown,test,subject,environmental_engineering,withheld,server_scored_user_provided,,,,,,,,,,58.48,,,,,,,,,,,,,,,,,,,User-provided VMLU server result JSON,Category/subject server score; per-row denominator and correct count were not supplied.
server_breakdown,vi-multimodel-expansion-v2,2,vmlu_v2_server_scored,vmlu,mimo-v2-5,MiMo V2.5,vi-multimodel-v2-vmlu-test,VMLU Test v2 server breakdown,test,subject,internal_basic_medicine,withheld,server_scored_user_provided,,,,,,,,,,74.85,,,,,,,,,,,,,,,,,,,User-provided VMLU server result JSON,Category/subject server score; per-row denominator and correct count were not supplied.
server_breakdown,vi-multimodel-expansion-v2,2,vmlu_v2_server_scored,vmlu,mimo-v2-5,MiMo V2.5,vi-multimodel-v2-vmlu-test,VMLU Test v2 server breakdown,test,category,Humanity,withheld,server_scored_user_provided,,,,,,,,,,72.94,,,,,,,,,,,,,,,,,,,User-provided VMLU server result JSON,Category/subject server score; per-row denominator and correct count were not supplied.
server_breakdown,vi-multimodel-expansion-v2,2,vmlu_v2_server_scored,vmlu,mimo-v2-5,MiMo V2.5,vi-multimodel-v2-vmlu-test,VMLU Test v2 server breakdown,test,subject,high_school_literature,withheld,server_scored_user_provided,,,,,,,,,,71.11,,,,,,,,,,,,,,,,,,,User-provided VMLU server result JSON,Category/subject server score; per-row denominator and correct count were not supplied.
server_breakdown,vi-multimodel-expansion-v2,2,vmlu_v2_server_scored,vmlu,mimo-v2-5,MiMo V2.5,vi-multimodel-v2-vmlu-test,VMLU Test v2 server breakdown,test,subject,history_of_world_civilization,withheld,server_scored_user_provided,,,,,,,,,,86.67,,,,,,,,,,,,,,,,,,,User-provided VMLU server result JSON,Category/subject server score; per-row denominator and correct count were not supplied.
server_breakdown,vi-multimodel-expansion-v2,2,vmlu_v2_server_scored,vmlu,mimo-v2-5,MiMo V2.5,vi-multimodel-v2-vmlu-test,VMLU Test v2 server breakdown,test,subject,idealogical_and_moral_cultivation,withheld,server_scored_user_provided,,,,,,,,,,85.0,,,,,,,,,,,,,,,,,,,User-provided VMLU server result JSON,Category/subject server score; per-row denominator and correct count were not supplied.
server_breakdown,vi-multimodel-expansion-v2,2,vmlu_v2_server_scored,vmlu,mimo-v2-5,MiMo V2.5,vi-multimodel-v2-vmlu-test,VMLU Test v2 server breakdown,test,subject,introduction_to_laws,withheld,server_scored_user_provided,,,,,,,,,,84.92,,,,,,,,,,,,,,,,,,,User-provided VMLU server result JSON,Category/subject server score; per-row denominator and correct count were not supplied.
server_breakdown,vi-multimodel-expansion-v2,2,vmlu_v2_server_scored,vmlu,mimo-v2-5,MiMo V2.5,vi-multimodel-v2-vmlu-test,VMLU Test v2 server breakdown,test,subject,introduction_to_vietnam_culture,withheld,server_scored_user_provided,,,,,,,,,,74.44,,,,,,,,,,,,,,,,,,,User-provided VMLU server result JSON,Category/subject server score; per-row denominator and correct count were not supplied.
server_breakdown,vi-multimodel-expansion-v2,2,vmlu_v2_server_scored,vmlu,mimo-v2-5,MiMo V2.5,vi-multimodel-v2-vmlu-test,VMLU Test v2 server breakdown,test,subject,logic,withheld,server_scored_user_provided,,,,,,,,,,64.94,,,,,,,,,,,,,,,,,,,User-provided VMLU server result JSON,Category/subject server score; per-row denominator and correct count were not supplied.
server_breakdown,vi-multimodel-expansion-v2,2,vmlu_v2_server_scored,vmlu,mimo-v2-5,MiMo V2.5,vi-multimodel-v2-vmlu-test,VMLU Test v2 server breakdown,test,subject,middle_school_history,withheld,server_scored_user_provided,,,,,,,,,,79.44,,,,,,,,,,,,,,,,,,,User-provided VMLU server result JSON,Category/subject server score; per-row denominator and correct count were not supplied.
server_breakdown,vi-multimodel-expansion-v2,2,vmlu_v2_server_scored,vmlu,mimo-v2-5,MiMo V2.5,vi-multimodel-v2-vmlu-test,VMLU Test v2 server breakdown,test,subject,middle_school_literature,withheld,server_scored_user_provided,,,,,,,,,,68.97,,,,,,,,,,,,,,,,,,,User-provided VMLU server result JSON,Category/subject server score; per-row denominator and correct count were not supplied.
server_breakdown,vi-multimodel-expansion-v2,2,vmlu_v2_server_scored,vmlu,mimo-v2-5,MiMo V2.5,vi-multimodel-v2-vmlu-test,VMLU Test v2 server breakdown,test,subject,revolutionary_policy_of_the_vietnamese_commununist_part,withheld,server_scored_user_provided,,,,,,,,,,63.89,,,,,,,,,,,,,,,,,,,User-provided VMLU server result JSON,Category/subject server score; per-row denominator and correct count were not supplied.
server_breakdown,vi-multimodel-expansion-v2,2,vmlu_v2_server_scored,vmlu,mimo-v2-5,MiMo V2.5,vi-multimodel-v2-vmlu-test,VMLU Test v2 server breakdown,test,subject,vietnamese_language_and_literature,withheld,server_scored_user_provided,,,,,,,,,,62.64,,,,,,,,,,,,,,,,,,,User-provided VMLU server result JSON,Category/subject server score; per-row denominator and correct count were not supplied.
server_breakdown,vi-multimodel-expansion-v2,2,vmlu_v2_server_scored,vmlu,mimo-v2-5,MiMo V2.5,vi-multimodel-v2-vmlu-test,VMLU Test v2 server breakdown,test,subject,administrative_law,withheld,server_scored_user_provided,,,,,,,,,,51.11,,,,,,,,,,,,,,,,,,,User-provided VMLU server result JSON,Category/subject server score; per-row denominator and correct count were not supplied.
server_breakdown,vi-multimodel-expansion-v2,2,vmlu_v2_server_scored,vmlu,mimo-v2-5,MiMo V2.5,vi-multimodel-v2-vmlu-test,VMLU Test v2 server breakdown,test,subject,business_law,withheld,server_scored_user_provided,,,,,,,,,,80.45,,,,,,,,,,,,,,,,,,,User-provided VMLU server result JSON,Category/subject server score; per-row denominator and correct count were not supplied.
server_breakdown,vi-multimodel-expansion-v2,2,vmlu_v2_server_scored,vmlu,mimo-v2-5,MiMo V2.5,vi-multimodel-v2-vmlu-test,VMLU Test v2 server breakdown,test,subject,civil_law,withheld,server_scored_user_provided,,,,,,,,,,81.11,,,,,,,,,,,,,,,,,,,User-provided VMLU server result JSON,Category/subject server score; per-row denominator and correct count were not supplied.
server_breakdown,vi-multimodel-expansion-v2,2,vmlu_v2_server_scored,vmlu,mimo-v2-5,MiMo V2.5,vi-multimodel-v2-vmlu-test,VMLU Test v2 server breakdown,test,subject,criminal_law,withheld,server_scored_user_provided,,,,,,,,,,74.23,,,,,,,,,,,,,,,,,,,User-provided VMLU server result JSON,Category/subject server score; per-row denominator and correct count were not supplied.
server_breakdown,vi-multimodel-expansion-v2,2,vmlu_v2_server_scored,vmlu,mimo-v2-5,MiMo V2.5,vi-multimodel-v2-vmlu-test,VMLU Test v2 server breakdown,test,subject,economic_law,withheld,server_scored_user_provided,,,,,,,,,,71.43,,,,,,,,,,,,,,,,,,,User-provided VMLU server result JSON,Category/subject server score; per-row denominator and correct count were not supplied.
server_breakdown,vi-multimodel-expansion-v2,2,vmlu_v2_server_scored,vmlu,mimo-v2-5,MiMo V2.5,vi-multimodel-v2-vmlu-test,VMLU Test v2 server breakdown,test,subject,education_law,withheld,server_scored_user_provided,,,,,,,,,,65.66,,,,,,,,,,,,,,,,,,,User-provided VMLU server result JSON,Category/subject server score; per-row denominator and correct count were not supplied.
server_breakdown,vi-multimodel-expansion-v2,2,vmlu_v2_server_scored,vmlu,mimo-v2-5,MiMo V2.5,vi-multimodel-v2-vmlu-test,VMLU Test v2 server breakdown,test,subject,elementary_history,withheld,server_scored_user_provided,,,,,,,,,,77.97,,,,,,,,,,,,,,,,,,,User-provided VMLU server result JSON,Category/subject server score; per-row denominator and correct count were not supplied.
server_breakdown,vi-multimodel-expansion-v2,2,vmlu_v2_server_scored,vmlu,mimo-v2-5,MiMo V2.5,vi-multimodel-v2-vmlu-test,VMLU Test v2 server breakdown,test,subject,high_school_history,withheld,server_scored_user_provided,,,,,,,,,,68.89,,,,,,,,,,,,,,,,,,,User-provided VMLU server result JSON,Category/subject server score; per-row denominator and correct count were not supplied.
server_breakdown,vi-multimodel-expansion-v2,2,vmlu_v2_server_scored,vmlu,qwen3-5-9b-65k,Qwen3.5-9B-65K,vi-multimodel-v2-vmlu-test,VMLU Test v2 server breakdown,test,category,Social Science,withheld,server_scored_user_provided,,,,,,,,,,72.13,,,,,,,,,,,,,,,,,,,User-provided VMLU server result JSON,Category/subject server score; per-row denominator and correct count were not supplied.
server_breakdown,vi-multimodel-expansion-v2,2,vmlu_v2_server_scored,vmlu,qwen3-5-9b-65k,Qwen3.5-9B-65K,vi-multimodel-v2-vmlu-test,VMLU Test v2 server breakdown,test,subject,business_administration,withheld,server_scored_user_provided,,,,,,,,,,64.37,,,,,,,,,,,,,,,,,,,User-provided VMLU server result JSON,Category/subject server score; per-row denominator and correct count were not supplied.
server_breakdown,vi-multimodel-expansion-v2,2,vmlu_v2_server_scored,vmlu,qwen3-5-9b-65k,Qwen3.5-9B-65K,vi-multimodel-v2-vmlu-test,VMLU Test v2 server breakdown,test,subject,high_school_civil_education,withheld,server_scored_user_provided,,,,,,,,,,81.67,,,,,,,,,,,,,,,,,,,User-provided VMLU server result JSON,Category/subject server score; per-row denominator and correct count were not supplied.
server_breakdown,vi-multimodel-expansion-v2,2,vmlu_v2_server_scored,vmlu,qwen3-5-9b-65k,Qwen3.5-9B-65K,vi-multimodel-v2-vmlu-test,VMLU Test v2 server breakdown,test,subject,high_school_geography,withheld,server_scored_user_provided,,,,,,,,,,63.58,,,,,,,,,,,,,,,,,,,User-provided VMLU server result JSON,Category/subject server score; per-row denominator and correct count were not supplied.
server_breakdown,vi-multimodel-expansion-v2,2,vmlu_v2_server_scored,vmlu,qwen3-5-9b-65k,Qwen3.5-9B-65K,vi-multimodel-v2-vmlu-test,VMLU Test v2 server breakdown,test,subject,ho_chi_minh_ideology,withheld,server_scored_user_provided,,,,,,,,,,68.72,,,,,,,,,,,,,,,,,,,User-provided VMLU server result JSON,Category/subject server score; per-row denominator and correct count were not supplied.
server_breakdown,vi-multimodel-expansion-v2,2,vmlu_v2_server_scored,vmlu,qwen3-5-9b-65k,Qwen3.5-9B-65K,vi-multimodel-v2-vmlu-test,VMLU Test v2 server breakdown,test,subject,macroeconomics,withheld,server_scored_user_provided,,,,,,,,,,62.22,,,,,,,,,,,,,,,,,,,User-provided VMLU server result JSON,Category/subject server score; per-row denominator and correct count were not supplied.
server_breakdown,vi-multimodel-expansion-v2,2,vmlu_v2_server_scored,vmlu,qwen3-5-9b-65k,Qwen3.5-9B-65K,vi-multimodel-v2-vmlu-test,VMLU Test v2 server breakdown,test,subject,microeconomics,withheld,server_scored_user_provided,,,,,,,,,,68.89,,,,,,,,,,,,,,,,,,,User-provided VMLU server result JSON,Category/subject server score; per-row denominator and correct count were not supplied.
server_breakdown,vi-multimodel-expansion-v2,2,vmlu_v2_server_scored,vmlu,qwen3-5-9b-65k,Qwen3.5-9B-65K,vi-multimodel-v2-vmlu-test,VMLU Test v2 server breakdown,test,subject,middle_school_civil_education,withheld,server_scored_user_provided,,,,,,,,,,87.08,,,,,,,,,,,,,,,,,,,User-provided VMLU server result JSON,Category/subject server score; per-row denominator and correct count were not supplied.
server_breakdown,vi-multimodel-expansion-v2,2,vmlu_v2_server_scored,vmlu,qwen3-5-9b-65k,Qwen3.5-9B-65K,vi-multimodel-v2-vmlu-test,VMLU Test v2 server breakdown,test,subject,middle_school_geography,withheld,server_scored_user_provided,,,,,,,,,,76.19,,,,,,,,,,,,,,,,,,,User-provided VMLU server result JSON,Category/subject server score; per-row denominator and correct count were not supplied.
server_breakdown,vi-multimodel-expansion-v2,2,vmlu_v2_server_scored,vmlu,qwen3-5-9b-65k,Qwen3.5-9B-65K,vi-multimodel-v2-vmlu-test,VMLU Test v2 server breakdown,test,subject,principles_of_marxism_and_leninism,withheld,server_scored_user_provided,,,,,,,,,,74.44,,,,,,,,,,,,,,,,,,,User-provided VMLU server result JSON,Category/subject server score; per-row denominator and correct count were not supplied.
server_breakdown,vi-multimodel-expansion-v2,2,vmlu_v2_server_scored,vmlu,qwen3-5-9b-65k,Qwen3.5-9B-65K,vi-multimodel-v2-vmlu-test,VMLU Test v2 server breakdown,test,subject,sociology,withheld,server_scored_user_provided,,,,,,,,,,74.16,,,,,,,,,,,,,,,,,,,User-provided VMLU server result JSON,Category/subject server score; per-row denominator and correct count were not supplied.
server_breakdown,vi-multimodel-expansion-v2,2,vmlu_v2_server_scored,vmlu,qwen3-5-9b-65k,Qwen3.5-9B-65K,vi-multimodel-v2-vmlu-test,VMLU Test v2 server breakdown,test,category,STEM,withheld,server_scored_user_provided,,,,,,,,,,61.76,,,,,,,,,,,,,,,,,,,User-provided VMLU server result JSON,Category/subject server score; per-row denominator and correct count were not supplied.
server_breakdown,vi-multimodel-expansion-v2,2,vmlu_v2_server_scored,vmlu,qwen3-5-9b-65k,Qwen3.5-9B-65K,vi-multimodel-v2-vmlu-test,VMLU Test v2 server breakdown,test,subject,statistics_and_probability,withheld,server_scored_user_provided,,,,,,,,,,45.98,,,,,,,,,,,,,,,,,,,User-provided VMLU server result JSON,Category/subject server score; per-row denominator and correct count were not supplied.
server_breakdown,vi-multimodel-expansion-v2,2,vmlu_v2_server_scored,vmlu,qwen3-5-9b-65k,Qwen3.5-9B-65K,vi-multimodel-v2-vmlu-test,VMLU Test v2 server breakdown,test,subject,applied_informatics,withheld,server_scored_user_provided,,,,,,,,,,74.44,,,,,,,,,,,,,,,,,,,User-provided VMLU server result JSON,Category/subject server score; per-row denominator and correct count were not supplied.
server_breakdown,vi-multimodel-expansion-v2,2,vmlu_v2_server_scored,vmlu,qwen3-5-9b-65k,Qwen3.5-9B-65K,vi-multimodel-v2-vmlu-test,VMLU Test v2 server breakdown,test,subject,computer_architecture,withheld,server_scored_user_provided,,,,,,,,,,57.22,,,,,,,,,,,,,,,,,,,User-provided VMLU server result JSON,Category/subject server score; per-row denominator and correct count were not supplied.
server_breakdown,vi-multimodel-expansion-v2,2,vmlu_v2_server_scored,vmlu,qwen3-5-9b-65k,Qwen3.5-9B-65K,vi-multimodel-v2-vmlu-test,VMLU Test v2 server breakdown,test,subject,computer_network,withheld,server_scored_user_provided,,,,,,,,,,67.6,,,,,,,,,,,,,,,,,,,User-provided VMLU server result JSON,Category/subject server score; per-row denominator and correct count were not supplied.
server_breakdown,vi-multimodel-expansion-v2,2,vmlu_v2_server_scored,vmlu,qwen3-5-9b-65k,Qwen3.5-9B-65K,vi-multimodel-v2-vmlu-test,VMLU Test v2 server breakdown,test,subject,discrete_mathematics,withheld,server_scored_user_provided,,,,,,,,,,63.03,,,,,,,,,,,,,,,,,,,User-provided VMLU server result JSON,Category/subject server score; per-row denominator and correct count were not supplied.
server_breakdown,vi-multimodel-expansion-v2,2,vmlu_v2_server_scored,vmlu,qwen3-5-9b-65k,Qwen3.5-9B-65K,vi-multimodel-v2-vmlu-test,VMLU Test v2 server breakdown,test,subject,electrical_engineering,withheld,server_scored_user_provided,,,,,,,,,,46.59,,,,,,,,,,,,,,,,,,,User-provided VMLU server result JSON,Category/subject server score; per-row denominator and correct count were not supplied.
server_breakdown,vi-multimodel-expansion-v2,2,vmlu_v2_server_scored,vmlu,qwen3-5-9b-65k,Qwen3.5-9B-65K,vi-multimodel-v2-vmlu-test,VMLU Test v2 server breakdown,test,subject,elementary_mathematics,withheld,server_scored_user_provided,,,,,,,,,,68.89,,,,,,,,,,,,,,,,,,,User-provided VMLU server result JSON,Category/subject server score; per-row denominator and correct count were not supplied.
server_breakdown,vi-multimodel-expansion-v2,2,vmlu_v2_server_scored,vmlu,qwen3-5-9b-65k,Qwen3.5-9B-65K,vi-multimodel-v2-vmlu-test,VMLU Test v2 server breakdown,test,subject,elementary_science,withheld,server_scored_user_provided,,,,,,,,,,91.11,,,,,,,,,,,,,,,,,,,User-provided VMLU server result JSON,Category/subject server score; per-row denominator and correct count were not supplied.
server_breakdown,vi-multimodel-expansion-v2,2,vmlu_v2_server_scored,vmlu,qwen3-5-9b-65k,Qwen3.5-9B-65K,vi-multimodel-v2-vmlu-test,VMLU Test v2 server breakdown,test,subject,high_school_biology,withheld,server_scored_user_provided,,,,,,,,,,61.67,,,,,,,,,,,,,,,,,,,User-provided VMLU server result JSON,Category/subject server score; per-row denominator and correct count were not supplied.
server_breakdown,vi-multimodel-expansion-v2,2,vmlu_v2_server_scored,vmlu,qwen3-5-9b-65k,Qwen3.5-9B-65K,vi-multimodel-v2-vmlu-test,VMLU Test v2 server breakdown,test,subject,high_school_chemistry,withheld,server_scored_user_provided,,,,,,,,,,61.67,,,,,,,,,,,,,,,,,,,User-provided VMLU server result JSON,Category/subject server score; per-row denominator and correct count were not supplied.
server_breakdown,vi-multimodel-expansion-v2,2,vmlu_v2_server_scored,vmlu,qwen3-5-9b-65k,Qwen3.5-9B-65K,vi-multimodel-v2-vmlu-test,VMLU Test v2 server breakdown,test,subject,high_school_mathematics,withheld,server_scored_user_provided,,,,,,,,,,55.41,,,,,,,,,,,,,,,,,,,User-provided VMLU server result JSON,Category/subject server score; per-row denominator and correct count were not supplied.
server_breakdown,vi-multimodel-expansion-v2,2,vmlu_v2_server_scored,vmlu,qwen3-5-9b-65k,Qwen3.5-9B-65K,vi-multimodel-v2-vmlu-test,VMLU Test v2 server breakdown,test,subject,high_school_physics,withheld,server_scored_user_provided,,,,,,,,,,57.22,,,,,,,,,,,,,,,,,,,User-provided VMLU server result JSON,Category/subject server score; per-row denominator and correct count were not supplied.
server_breakdown,vi-multimodel-expansion-v2,2,vmlu_v2_server_scored,vmlu,qwen3-5-9b-65k,Qwen3.5-9B-65K,vi-multimodel-v2-vmlu-test,VMLU Test v2 server breakdown,test,subject,introduction_to_chemistry,withheld,server_scored_user_provided,,,,,,,,,,62.57,,,,,,,,,,,,,,,,,,,User-provided VMLU server result JSON,Category/subject server score; per-row denominator and correct count were not supplied.
server_breakdown,vi-multimodel-expansion-v2,2,vmlu_v2_server_scored,vmlu,qwen3-5-9b-65k,Qwen3.5-9B-65K,vi-multimodel-v2-vmlu-test,VMLU Test v2 server breakdown,test,subject,introduction_to_physics,withheld,server_scored_user_provided,,,,,,,,,,55.49,,,,,,,,,,,,,,,,,,,User-provided VMLU server result JSON,Category/subject server score; per-row denominator and correct count were not supplied.
server_breakdown,vi-multimodel-expansion-v2,2,vmlu_v2_server_scored,vmlu,qwen3-5-9b-65k,Qwen3.5-9B-65K,vi-multimodel-v2-vmlu-test,VMLU Test v2 server breakdown,test,subject,introduction_to_programming,withheld,server_scored_user_provided,,,,,,,,,,65.36,,,,,,,,,,,,,,,,,,,User-provided VMLU server result JSON,Category/subject server score; per-row denominator and correct count were not supplied.
server_breakdown,vi-multimodel-expansion-v2,2,vmlu_v2_server_scored,vmlu,qwen3-5-9b-65k,Qwen3.5-9B-65K,vi-multimodel-v2-vmlu-test,VMLU Test v2 server breakdown,test,subject,metrology_engineer,withheld,server_scored_user_provided,,,,,,,,,,61.7,,,,,,,,,,,,,,,,,,,User-provided VMLU server result JSON,Category/subject server score; per-row denominator and correct count were not supplied.
server_breakdown,vi-multimodel-expansion-v2,2,vmlu_v2_server_scored,vmlu,qwen3-5-9b-65k,Qwen3.5-9B-65K,vi-multimodel-v2-vmlu-test,VMLU Test v2 server breakdown,test,subject,middle_school_biology,withheld,server_scored_user_provided,,,,,,,,,,75.29,,,,,,,,,,,,,,,,,,,User-provided VMLU server result JSON,Category/subject server score; per-row denominator and correct count were not supplied.
server_breakdown,vi-multimodel-expansion-v2,2,vmlu_v2_server_scored,vmlu,qwen3-5-9b-65k,Qwen3.5-9B-65K,vi-multimodel-v2-vmlu-test,VMLU Test v2 server breakdown,test,subject,middle_school_chemistry,withheld,server_scored_user_provided,,,,,,,,,,62.22,,,,,,,,,,,,,,,,,,,User-provided VMLU server result JSON,Category/subject server score; per-row denominator and correct count were not supplied.
server_breakdown,vi-multimodel-expansion-v2,2,vmlu_v2_server_scored,vmlu,qwen3-5-9b-65k,Qwen3.5-9B-65K,vi-multimodel-v2-vmlu-test,VMLU Test v2 server breakdown,test,subject,middle_school_mathematics,withheld,server_scored_user_provided,,,,,,,,,,43.52,,,,,,,,,,,,,,,,,,,User-provided VMLU server result JSON,Category/subject server score; per-row denominator and correct count were not supplied.
server_breakdown,vi-multimodel-expansion-v2,2,vmlu_v2_server_scored,vmlu,qwen3-5-9b-65k,Qwen3.5-9B-65K,vi-multimodel-v2-vmlu-test,VMLU Test v2 server breakdown,test,subject,middle_school_physics,withheld,server_scored_user_provided,,,,,,,,,,61.67,,,,,,,,,,,,,,,,,,,User-provided VMLU server result JSON,Category/subject server score; per-row denominator and correct count were not supplied.
server_breakdown,vi-multimodel-expansion-v2,2,vmlu_v2_server_scored,vmlu,qwen3-5-9b-65k,Qwen3.5-9B-65K,vi-multimodel-v2-vmlu-test,VMLU Test v2 server breakdown,test,subject,operating_system,withheld,server_scored_user_provided,,,,,,,,,,58.33,,,,,,,,,,,,,,,,,,,User-provided VMLU server result JSON,Category/subject server score; per-row denominator and correct count were not supplied.
server_breakdown,vi-multimodel-expansion-v2,2,vmlu_v2_server_scored,vmlu,qwen3-5-9b-65k,Qwen3.5-9B-65K,vi-multimodel-v2-vmlu-test,VMLU Test v2 server breakdown,test,category,Other,withheld,server_scored_user_provided,,,,,,,,,,58.97,,,,,,,,,,,,,,,,,,,User-provided VMLU server result JSON,Category/subject server score; per-row denominator and correct count were not supplied.
server_breakdown,vi-multimodel-expansion-v2,2,vmlu_v2_server_scored,vmlu,qwen3-5-9b-65k,Qwen3.5-9B-65K,vi-multimodel-v2-vmlu-test,VMLU Test v2 server breakdown,test,subject,accountant,withheld,server_scored_user_provided,,,,,,,,,,57.14,,,,,,,,,,,,,,,,,,,User-provided VMLU server result JSON,Category/subject server score; per-row denominator and correct count were not supplied.
server_breakdown,vi-multimodel-expansion-v2,2,vmlu_v2_server_scored,vmlu,qwen3-5-9b-65k,Qwen3.5-9B-65K,vi-multimodel-v2-vmlu-test,VMLU Test v2 server breakdown,test,subject,civil_servant,withheld,server_scored_user_provided,,,,,,,,,,58.48,,,,,,,,,,,,,,,,,,,User-provided VMLU server result JSON,Category/subject server score; per-row denominator and correct count were not supplied.
server_breakdown,vi-multimodel-expansion-v2,2,vmlu_v2_server_scored,vmlu,qwen3-5-9b-65k,Qwen3.5-9B-65K,vi-multimodel-v2-vmlu-test,VMLU Test v2 server breakdown,test,subject,clinical_pharmacology,withheld,server_scored_user_provided,,,,,,,,,,62.22,,,,,,,,,,,,,,,,,,,User-provided VMLU server result JSON,Category/subject server score; per-row denominator and correct count were not supplied.
server_breakdown,vi-multimodel-expansion-v2,2,vmlu_v2_server_scored,vmlu,qwen3-5-9b-65k,Qwen3.5-9B-65K,vi-multimodel-v2-vmlu-test,VMLU Test v2 server breakdown,test,subject,driving_license_certificate,withheld,server_scored_user_provided,,,,,,,,,,81.29,,,,,,,,,,,,,,,,,,,User-provided VMLU server result JSON,Category/subject server score; per-row denominator and correct count were not supplied.
server_breakdown,vi-multimodel-expansion-v2,2,vmlu_v2_server_scored,vmlu,qwen3-5-9b-65k,Qwen3.5-9B-65K,vi-multimodel-v2-vmlu-test,VMLU Test v2 server breakdown,test,subject,environmental_engineering,withheld,server_scored_user_provided,,,,,,,,,,52.05,,,,,,,,,,,,,,,,,,,User-provided VMLU server result JSON,Category/subject server score; per-row denominator and correct count were not supplied.
server_breakdown,vi-multimodel-expansion-v2,2,vmlu_v2_server_scored,vmlu,qwen3-5-9b-65k,Qwen3.5-9B-65K,vi-multimodel-v2-vmlu-test,VMLU Test v2 server breakdown,test,subject,internal_basic_medicine,withheld,server_scored_user_provided,,,,,,,,,,64.91,,,,,,,,,,,,,,,,,,,User-provided VMLU server result JSON,Category/subject server score; per-row denominator and correct count were not supplied.
server_breakdown,vi-multimodel-expansion-v2,2,vmlu_v2_server_scored,vmlu,qwen3-5-9b-65k,Qwen3.5-9B-65K,vi-multimodel-v2-vmlu-test,VMLU Test v2 server breakdown,test,subject,preschool_pedagogy,withheld,server_scored_user_provided,,,,,,,,,,58.82,,,,,,,,,,,,,,,,,,,User-provided VMLU server result JSON,Category/subject server score; per-row denominator and correct count were not supplied.
server_breakdown,vi-multimodel-expansion-v2,2,vmlu_v2_server_scored,vmlu,qwen3-5-9b-65k,Qwen3.5-9B-65K,vi-multimodel-v2-vmlu-test,VMLU Test v2 server breakdown,test,subject,tax_accountant,withheld,server_scored_user_provided,,,,,,,,,,37.93,,,,,,,,,,,,,,,,,,,User-provided VMLU server result JSON,Category/subject server score; per-row denominator and correct count were not supplied.
server_breakdown,vi-multimodel-expansion-v2,2,vmlu_v2_server_scored,vmlu,qwen3-5-9b-65k,Qwen3.5-9B-65K,vi-multimodel-v2-vmlu-test,VMLU Test v2 server breakdown,test,subject,tax_civil_servant,withheld,server_scored_user_provided,,,,,,,,,,57.89,,,,,,,,,,,,,,,,,,,User-provided VMLU server result JSON,Category/subject server score; per-row denominator and correct count were not supplied.
server_breakdown,vi-multimodel-expansion-v2,2,vmlu_v2_server_scored,vmlu,qwen3-5-9b-65k,Qwen3.5-9B-65K,vi-multimodel-v2-vmlu-test,VMLU Test v2 server breakdown,test,category,Humanity,withheld,server_scored_user_provided,,,,,,,,,,64.15,,,,,,,,,,,,,,,,,,,User-provided VMLU server result JSON,Category/subject server score; per-row denominator and correct count were not supplied.
server_breakdown,vi-multimodel-expansion-v2,2,vmlu_v2_server_scored,vmlu,qwen3-5-9b-65k,Qwen3.5-9B-65K,vi-multimodel-v2-vmlu-test,VMLU Test v2 server breakdown,test,subject,education_law,withheld,server_scored_user_provided,,,,,,,,,,57.83,,,,,,,,,,,,,,,,,,,User-provided VMLU server result JSON,Category/subject server score; per-row denominator and correct count were not supplied.
server_breakdown,vi-multimodel-expansion-v2,2,vmlu_v2_server_scored,vmlu,qwen3-5-9b-65k,Qwen3.5-9B-65K,vi-multimodel-v2-vmlu-test,VMLU Test v2 server breakdown,test,subject,elementary_history,withheld,server_scored_user_provided,,,,,,,,,,72.32,,,,,,,,,,,,,,,,,,,User-provided VMLU server result JSON,Category/subject server score; per-row denominator and correct count were not supplied.
server_breakdown,vi-multimodel-expansion-v2,2,vmlu_v2_server_scored,vmlu,qwen3-5-9b-65k,Qwen3.5-9B-65K,vi-multimodel-v2-vmlu-test,VMLU Test v2 server breakdown,test,subject,high_school_history,withheld,server_scored_user_provided,,,,,,,,,,65,,,,,,,,,,,,,,,,,,,User-provided VMLU server result JSON,Category/subject server score; per-row denominator and correct count were not supplied.
server_breakdown,vi-multimodel-expansion-v2,2,vmlu_v2_server_scored,vmlu,qwen3-5-9b-65k,Qwen3.5-9B-65K,vi-multimodel-v2-vmlu-test,VMLU Test v2 server breakdown,test,subject,high_school_literature,withheld,server_scored_user_provided,,,,,,,,,,58.89,,,,,,,,,,,,,,,,,,,User-provided VMLU server result JSON,Category/subject server score; per-row denominator and correct count were not supplied.
server_breakdown,vi-multimodel-expansion-v2,2,vmlu_v2_server_scored,vmlu,qwen3-5-9b-65k,Qwen3.5-9B-65K,vi-multimodel-v2-vmlu-test,VMLU Test v2 server breakdown,test,subject,history_of_world_civilization,withheld,server_scored_user_provided,,,,,,,,,,82.78,,,,,,,,,,,,,,,,,,,User-provided VMLU server result JSON,Category/subject server score; per-row denominator and correct count were not supplied.
server_breakdown,vi-multimodel-expansion-v2,2,vmlu_v2_server_scored,vmlu,qwen3-5-9b-65k,Qwen3.5-9B-65K,vi-multimodel-v2-vmlu-test,VMLU Test v2 server breakdown,test,subject,idealogical_and_moral_cultivation,withheld,server_scored_user_provided,,,,,,,,,,80.56,,,,,,,,,,,,,,,,,,,User-provided VMLU server result JSON,Category/subject server score; per-row denominator and correct count were not supplied.
server_breakdown,vi-multimodel-expansion-v2,2,vmlu_v2_server_scored,vmlu,qwen3-5-9b-65k,Qwen3.5-9B-65K,vi-multimodel-v2-vmlu-test,VMLU Test v2 server breakdown,test,subject,introduction_to_laws,withheld,server_scored_user_provided,,,,,,,,,,71.43,,,,,,,,,,,,,,,,,,,User-provided VMLU server result JSON,Category/subject server score; per-row denominator and correct count were not supplied.
server_breakdown,vi-multimodel-expansion-v2,2,vmlu_v2_server_scored,vmlu,qwen3-5-9b-65k,Qwen3.5-9B-65K,vi-multimodel-v2-vmlu-test,VMLU Test v2 server breakdown,test,subject,introduction_to_vietnam_culture,withheld,server_scored_user_provided,,,,,,,,,,62.22,,,,,,,,,,,,,,,,,,,User-provided VMLU server result JSON,Category/subject server score; per-row denominator and correct count were not supplied.
server_breakdown,vi-multimodel-expansion-v2,2,vmlu_v2_server_scored,vmlu,qwen3-5-9b-65k,Qwen3.5-9B-65K,vi-multimodel-v2-vmlu-test,VMLU Test v2 server breakdown,test,subject,logic,withheld,server_scored_user_provided,,,,,,,,,,47.7,,,,,,,,,,,,,,,,,,,User-provided VMLU server result JSON,Category/subject server score; per-row denominator and correct count were not supplied.
server_breakdown,vi-multimodel-expansion-v2,2,vmlu_v2_server_scored,vmlu,qwen3-5-9b-65k,Qwen3.5-9B-65K,vi-multimodel-v2-vmlu-test,VMLU Test v2 server breakdown,test,subject,middle_school_history,withheld,server_scored_user_provided,,,,,,,,,,68.33,,,,,,,,,,,,,,,,,,,User-provided VMLU server result JSON,Category/subject server score; per-row denominator and correct count were not supplied.
server_breakdown,vi-multimodel-expansion-v2,2,vmlu_v2_server_scored,vmlu,qwen3-5-9b-65k,Qwen3.5-9B-65K,vi-multimodel-v2-vmlu-test,VMLU Test v2 server breakdown,test,subject,middle_school_literature,withheld,server_scored_user_provided,,,,,,,,,,68.39,,,,,,,,,,,,,,,,,,,User-provided VMLU server result JSON,Category/subject server score; per-row denominator and correct count were not supplied.
server_breakdown,vi-multimodel-expansion-v2,2,vmlu_v2_server_scored,vmlu,qwen3-5-9b-65k,Qwen3.5-9B-65K,vi-multimodel-v2-vmlu-test,VMLU Test v2 server breakdown,test,subject,revolutionary_policy_of_the_vietnamese_commununist_part,withheld,server_scored_user_provided,,,,,,,,,,55.56,,,,,,,,,,,,,,,,,,,User-provided VMLU server result JSON,Category/subject server score; per-row denominator and correct count were not supplied.
server_breakdown,vi-multimodel-expansion-v2,2,vmlu_v2_server_scored,vmlu,qwen3-5-9b-65k,Qwen3.5-9B-65K,vi-multimodel-v2-vmlu-test,VMLU Test v2 server breakdown,test,subject,vietnamese_language_and_literature,withheld,server_scored_user_provided,,,,,,,,,,49.43,,,,,,,,,,,,,,,,,,,User-provided VMLU server result JSON,Category/subject server score; per-row denominator and correct count were not supplied.
server_breakdown,vi-multimodel-expansion-v2,2,vmlu_v2_server_scored,vmlu,qwen3-5-9b-65k,Qwen3.5-9B-65K,vi-multimodel-v2-vmlu-test,VMLU Test v2 server breakdown,test,subject,administrative_law,withheld,server_scored_user_provided,,,,,,,,,,53.33,,,,,,,,,,,,,,,,,,,User-provided VMLU server result JSON,Category/subject server score; per-row denominator and correct count were not supplied.
server_breakdown,vi-multimodel-expansion-v2,2,vmlu_v2_server_scored,vmlu,qwen3-5-9b-65k,Qwen3.5-9B-65K,vi-multimodel-v2-vmlu-test,VMLU Test v2 server breakdown,test,subject,business_law,withheld,server_scored_user_provided,,,,,,,,,,64.8,,,,,,,,,,,,,,,,,,,User-provided VMLU server result JSON,Category/subject server score; per-row denominator and correct count were not supplied.
server_breakdown,vi-multimodel-expansion-v2,2,vmlu_v2_server_scored,vmlu,qwen3-5-9b-65k,Qwen3.5-9B-65K,vi-multimodel-v2-vmlu-test,VMLU Test v2 server breakdown,test,subject,civil_law,withheld,server_scored_user_provided,,,,,,,,,,72.78,,,,,,,,,,,,,,,,,,,User-provided VMLU server result JSON,Category/subject server score; per-row denominator and correct count were not supplied.
server_breakdown,vi-multimodel-expansion-v2,2,vmlu_v2_server_scored,vmlu,qwen3-5-9b-65k,Qwen3.5-9B-65K,vi-multimodel-v2-vmlu-test,VMLU Test v2 server breakdown,test,subject,criminal_law,withheld,server_scored_user_provided,,,,,,,,,,66.87,,,,,,,,,,,,,,,,,,,User-provided VMLU server result JSON,Category/subject server score; per-row denominator and correct count were not supplied.
server_breakdown,vi-multimodel-expansion-v2,2,vmlu_v2_server_scored,vmlu,qwen3-5-9b-65k,Qwen3.5-9B-65K,vi-multimodel-v2-vmlu-test,VMLU Test v2 server breakdown,test,subject,economic_law,withheld,server_scored_user_provided,,,,,,,,,,56.52,,,,,,,,,,,,,,,,,,,User-provided VMLU server result JSON,Category/subject server score; per-row denominator and correct count were not supplied.
